_id,Date,Time,Day,Station,Code,Min Delay,Min Gap,Bound,Line,Vehicle
1,2025-01-01,2:10,Wednesday,BATHURST STATION,MUSAN,5,9,E,BD,5227
2,2025-01-01,2:30,Wednesday,DUNDAS STATION,MUIRS,None,None,None,YU,None
3,2025-01-01,2:32,Wednesday,BROADVIEW STATION,PUMST,None,None,E,BD,None
4,2025-01-01,2:58,Wednesday,KEELE STATION,EUSC,None,None,W,BD,5293
5,2025-01-01,2:58,Wednesday,COXWELL STATION,SUAE,None,None,None,BD,None
6,2025-01-01,7:59,Wednesday,DONLANDS STATION,TUNOA,5,10,W,BD,5000
7,2025-01-01,8:13,Wednesday,BLOOR STATION,PUTR,9,None,S,YU,5836
8,2025-01-01,8:15,Wednesday,BLOOR STATION,PUTR,5,None,N,YU,5706
9,2025-01-01,9:14,Wednesday,FINCH STATION,SUDP,None,None,S,YU,5596
10,2025-01-01,9:22,Wednesday,BATHURST STATION,SUUT,None,None,E,BD,5312
11,2025-01-01,9:58,Wednesday,WILSON STATION,MUIS,None,None,None,YU,None
12,2025-01-01,10:08,Wednesday,KENNEDY BD STATION,TUSC,None,None,E,BD,5253
13,2025-01-01,12:56,Wednesday,VAUGHAN MC STATION,MUO,4,8,S,YU,5706
14,2025-01-01,13:11,Wednesday,ST GEORGE BD STATION,SUUT,None,None,E,BD,5253
15,2025-01-01,13:34,Wednesday,OSGOODE STATION,SUUT,None,None,N,YU,None
16,2025-01-01,13:44,Wednesday,COLLEGE STATION,MUPAA,3,7,N,YU,5606
17,2025-01-01,14:09,Wednesday,QUEEN'S PARK STATION,MUPAA,None,None,S,YU,5736
18,2025-01-01,14:46,Wednesday,WELLESLEY STATION,SUAE,None,None,S,YU,5701
19,2025-01-01,14:56,Wednesday,ST PATRICK STATION,MUPAA,5,9,N,YU,5601
20,2025-01-01,15:07,Wednesday,FINCH STATION,MUPLC,None,None,None,YU,None
21,2025-01-01,15:14,Wednesday,ST GEORGE YUS STATION,SUDP,4,8,S,YU,6111
22,2025-01-01,16:04,Wednesday,RUNNYMEDE STATION,MUSAN,4,8,W,BD,5303
23,2025-01-01,16:04,Wednesday,WILSON STATION,MUIS,None,None,None,YU,None
24,2025-01-01,16:21,Wednesday,KIPLING STATION,MUSAN,4,8,W,BD,5303
25,2025-01-01,16:34,Wednesday,FINCH STATION,PUOPO,None,None,S,YU,5686
26,2025-01-01,16:42,Wednesday,YORK MILLS STATION,PUOPO,12,16,S,YU,5686
27,2025-01-01,17:00,Wednesday,KING STATION,MUNCA,None,None,None,YU,None
28,2025-01-01,17:07,Wednesday,SHEPPARD WEST STATION,MUTO,3,7,S,YU,6031
29,2025-01-01,17:28,Wednesday,COLLEGE STATION,SUUT,None,None,N,YU,5941
30,2025-01-01,17:37,Wednesday,DUNDAS STATION,MUPAA,5,9,N,YU,5821
31,2025-01-01,17:44,Wednesday,ISLINGTON STATION,TUSC,None,None,W,BD,5023
32,2025-01-01,17:47,Wednesday,VAUGHAN MC STATION,MUIS,None,None,None,YU,None
33,2025-01-01,17:49,Wednesday,CASTLE FRANK STATION,PUSTC,4,8,E,BD,5240
34,2025-01-01,18:18,Wednesday,YONGE BD STATION,MUIE,9,13,E,BD,5353
35,2025-01-01,18:21,Wednesday,FINCH WEST STATION,EUO,6,12,S,YU,6041
36,2025-01-01,19:09,Wednesday,WELLESLEY STATION,SUEAS,7,12,N,YU,5446
37,2025-01-01,19:13,Wednesday,DUNDAS WEST STATION,TUMVS,3,8,W,BD,5023
38,2025-01-01,19:35,Wednesday,COXWELL STATION,PUMEL,None,None,None,BD,None
39,2025-01-01,21:05,Wednesday,FINCH STATION,TUNOA,6,12,S,YU,5551
40,2025-01-01,21:51,Wednesday,EGLINTON WEST STATION,SUO,None,None,None,YU,None
41,2025-01-01,22:00,Wednesday,YONGE-UNIVERSITY AND B,MUO,None,None,None,YU/BD,None
42,2025-01-01,22:35,Wednesday,BROADVIEW STATION,MUIRS,None,None,E,BD,5041
43,2025-01-01,23:40,Wednesday,COXWELL STATION,MUIS,None,None,None,BD,None
44,2025-01-01,0:27,Wednesday,ROSEDALE STATION,MUIRS,None,None,S,YU,5721
45,2025-01-01,0:40,Wednesday,KENNEDY BD STATION,MUIS,None,None,None,BD,None
46,2025-01-01,0:50,Wednesday,WELLESLEY STATION,SUO,None,None,N,YU,5666
47,2025-01-01,1:16,Wednesday,EGLINTON STATION,MUPAA,3,9,N,YU,5606
48,2025-01-01,1:38,Wednesday,SHEPPARD WEST STATION,MUI,None,None,S,YU,5726
49,2025-01-01,1:46,Wednesday,KIPLING STATION,MUIS,None,None,None,BD,None
50,2025-01-01,1:52,Wednesday,KIPLING STATION,SUDP,None,None,None,BD,None
51,2025-01-02,2:05,Thursday,VAUGHAN MC STATION,MUIS,None,None,None,YU,None
52,2025-01-02,5:20,Thursday,BAY STATION,MUNCA,None,None,None,BD,None
53,2025-01-02,5:25,Thursday,DUFFERIN STATION,MUNCA,None,None,None,BD,None
54,2025-01-02,5:30,Thursday,CHRISTIE STATION,MUNCA,None,None,None,BD,None
55,2025-01-02,5:49,Thursday,KENNEDY BD STATION,TUNIP,5,10,W,BD,5209
56,2025-01-02,5:54,Thursday,WILSON STATION,EUBK,3,6,S,YU,5521
57,2025-01-02,6:26,Thursday,BLOOR STATION,MUPAA,None,None,S,YU,5456
58,2025-01-02,7:02,Thursday,ISLINGTON STATION,SUDP,None,None,E,BD,5318
59,2025-01-02,7:22,Thursday,KENNEDY BD STATION,MUSC,None,None,E,BD,5108
60,2025-01-02,7:36,Thursday,KENNEDY BD STATION,SUO,None,None,None,BD,None
61,2025-01-02,7:52,Thursday,LANSDOWNE STATION,TUKEY,None,None,E,BD,5089
62,2025-01-02,8:10,Thursday,WILSON STATION,MUCL,3,6,S,YU,5416
63,2025-01-02,9:02,Thursday,KENNEDY BD STATION,MUIS,None,None,None,BD,None
64,2025-01-02,9:25,Thursday,ST CLAIR WEST STATION,TUATC,3,6,N,YU,5836
65,2025-01-02,9:44,Thursday,GREENWOOD STATION,MUPAA,None,None,W,BD,5130
66,2025-01-02,9:57,Thursday,KIPLING STATION,MUSC,None,None,W,BD,5357
67,2025-01-02,10:08,Thursday,KIPLING STATION,MUSC,4,8,E,BD,5047
68,2025-01-02,10:10,Thursday,KIPLING STATION,TUSC,None,None,E,BD,5047
69,2025-01-02,10:16,Thursday,PAPE STATION,MUSC,None,None,E,BD,5073
70,2025-01-02,10:16,Thursday,YORKDALE STATION,SUAP,None,None,S,YU,5561
71,2025-01-02,10:19,Thursday,WOODBINE STATION,MUO,None,None,W,BD,5312
72,2025-01-02,10:46,Thursday,VAUGHAN MC STATION,MUIR,4,9,S,YU,5416
73,2025-01-02,10:47,Thursday,ISLINGTON STATION,MUSC,None,None,W,BD,5074
74,2025-01-02,10:53,Thursday,YORK MILLS STATION,MUIR,6,11,S,YU,5616
75,2025-01-02,11:29,Thursday,YORK MILLS STATION,MUIS,None,None,None,YU,None
76,2025-01-02,11:50,Thursday,KIPLING STATION,MUIR,3,7,E,BD,5303
77,2025-01-02,12:32,Thursday,SHERBOURNE STATION,PUMEL,None,None,W,BD,None
78,2025-01-02,12:46,Thursday,BATHURST STATION,MUIRS,None,None,None,BD,None
79,2025-01-02,13:16,Thursday,BAY STATION,MUIR,19,23,E,BD,5125
80,2025-01-02,13:41,Thursday,YORK MILLS STATION,MUIR,7,12,S,YU,6056
81,2025-01-02,14:01,Thursday,ST PATRICK STATION,MUIRS,None,None,None,YU,None
82,2025-01-02,14:30,Thursday,YORK MILLS STATION,SUDP,4,7,S,YU,5581
83,2025-01-02,14:49,Thursday,COLLEGE STATION,MUATC,None,None,S,YU,6106
84,2025-01-02,14:58,Thursday,SPADINA YUS STATION,SUUT,None,None,S,YU,None
85,2025-01-02,15:00,Thursday,PAPE STATION,MUNCA,None,None,None,BD,None
86,2025-01-02,15:18,Thursday,KENNEDY BD STATION,MUIS,None,None,None,BD,None
87,2025-01-02,15:25,Thursday,KIPLING STATION,MUSAN,3,6,W,BD,5028
88,2025-01-02,15:41,Thursday,MAIN STREET STATION,MUIR,9,12,E,BD,5126
89,2025-01-02,16:14,Thursday,KENNEDY BD STATION,EUBO,3,6,E,BD,5105
90,2025-01-02,17:03,Thursday,ST CLAIR STATION,MUO,None,None,None,YU,None
91,2025-01-02,17:15,Thursday,EGLINTON STATION,MUATC,None,None,N,YU,6111
92,2025-01-02,17:32,Thursday,ST ANDREW STATION,PUOPO,16,15,N,YU,5731
93,2025-01-02,17:41,Thursday,COLLEGE STATION,SUDP,3,5,S,YU,5581
94,2025-01-02,17:58,Thursday,BROADVIEW STATION,SUAP,23,26,W,BD,5312
95,2025-01-02,18:01,Thursday,ST GEORGE YUS STATION,MUIR,8,11,N,YU,5581
96,2025-01-02,18:04,Thursday,BROADVIEW STATION,SUAP,None,None,W,BD,5312
97,2025-01-02,19:15,Thursday,BLOOR STATION,MUPAA,3,5,N,YU,5641
98,2025-01-02,19:24,Thursday,DUNDAS STATION,MUIRS,None,None,S,YU,None
99,2025-01-02,19:33,Thursday,MAIN STREET STATION,MUIS,None,None,None,BD,None
100,2025-01-02,19:36,Thursday,SHERBOURNE STATION,MUIRS,None,None,None,BD,None
101,2025-01-02,19:44,Thursday,CASTLE FRANK STATION,SUDP,26,30,W,BD,5086
102,2025-01-02,19:56,Thursday,YORK MILLS STATION,MUPAA,5,7,N,YU,5391
103,2025-01-02,19:56,Thursday,UNION STATION (TO KING,MUIR,4,8,N,YU,5966
104,2025-01-02,20:00,Thursday,VAUGHAN MC STATION,MUIS,None,None,None,YU,None
105,2025-01-02,20:18,Thursday,ROYAL YORK STATION,SUAP,None,None,None,BD,8300
106,2025-01-02,20:21,Thursday,EGLINTON STATION,SUDP,None,None,None,YU,None
107,2025-01-02,20:28,Thursday,BLOOR STATION,MUIS,None,None,None,YU,None
108,2025-01-02,20:56,Thursday,FINCH STATION,MUIS,None,None,None,YU,None
109,2025-01-02,21:18,Thursday,KENNEDY BD STATION,SUDP,5,10,W,BD,5219
110,2025-01-02,21:32,Thursday,COLLEGE STATION,SUO,None,None,S,YU,5244
111,2025-01-02,21:46,Thursday,CHRISTIE STATION,MUIS,None,None,None,BD,None
112,2025-01-02,22:00,Thursday,YONGE-UNIVERSITY AND B,MUO,None,None,B,YU/BD,None
113,2025-01-02,22:29,Thursday,COXWELL STATION,MUIS,None,None,None,BD,None
114,2025-01-02,22:30,Thursday,WARDEN STATION,EUSC,None,None,E,BD,5263
115,2025-01-02,22:51,Thursday,KEELE STATION,SUDP,None,None,None,BD,None
116,2025-01-02,22:53,Thursday,ST GEORGE YUS STATION,MUPAA,4,10,S,YU,5696
117,2025-01-02,22:58,Thursday,ST GEORGE YUS STATION,SUO,None,None,None,YU,None
118,2025-01-02,23:03,Thursday,DUNDAS STATION,SUO,None,None,None,YU,None
119,2025-01-02,23:17,Thursday,QUEEN STATION,SUDP,None,None,S,YU,None
120,2025-01-02,23:18,Thursday,QUEEN STATION,SUEAS,7,13,S,YU,5396
121,2025-01-02,23:20,Thursday,BATHURST STATION,SUO,None,None,W,BD,None
122,2025-01-02,23:20,Thursday,ST CLAIR WEST STATION,SUDP,7,13,N,YU,5871
123,2025-01-02,23:30,Thursday,ST CLAIR STATION,MUPAA,4,10,S,YU,5711
124,2025-01-02,0:34,Thursday,ST CLAIR STATION,MUPAA,None,None,N,YU,5566
125,2025-01-02,0:35,Thursday,KENNEDY BD STATION,MUIS,None,None,None,BD,None
126,2025-01-02,0:35,Thursday,BLOOR STATION,SUO,None,None,None,YU,None
127,2025-01-02,1:45,Thursday,OSGOODE STATION,MUNCA,None,None,None,YU,None
128,2025-01-02,10:20,Thursday,BAYVIEW STATION,MUIS,None,None,None,SHP,None
129,2025-01-02,20:06,Thursday,DON MILLS STATION,PUSTS,None,None,E,SHP,6176
130,2025-01-03,2:13,Friday,MACDONALD CARTIER EMER,SUO,None,None,None,YU,None
131,2025-01-03,3:15,Friday,MACDONALD CARTIER EMER,SUO,None,None,None,YU,None
132,2025-01-03,4:26,Friday,GREENWOOD WYE,PUTOE,None,None,E,BD,None
133,2025-01-03,5:08,Friday,WILSON CAR HOUSE,PUMO,None,None,None,YU,None
134,2025-01-03,5:20,Friday,BAY STATION,MUNCA,None,None,None,BD,None
135,2025-01-03,5:20,Friday,EGLINTON STATION,MUNCA,None,None,None,YU,None
136,2025-01-03,5:30,Friday,ST PATRICK STATION,MUNCA,None,None,None,YU,None
137,2025-01-03,5:46,Friday,UNION STATION TO KING,SUUT,None,None,N,YU,None
138,2025-01-03,5:53,Friday,EGLINTON STATION,TUNIP,5,10,N,YU,5781
139,2025-01-03,5:53,Friday,BLOOR STATION,PUTO,7,None,S,YU,5711
140,2025-01-03,6:46,Friday,BROADVIEW STATION,MUIS,None,None,None,BD,None
141,2025-01-03,7:35,Friday,YORKDALE STATION,SUO,None,None,None,YU,None
142,2025-01-03,7:46,Friday,DAVISVILLE STATION,SUDP,5,8,S,YU,5901
143,2025-01-03,8:54,Friday,WOODBINE STATION,MUSC,None,None,W,BD,5183
144,2025-01-03,8:57,Friday,KENNEDY BD STATION,MUSC,None,None,E,BD,5036
145,2025-01-03,9:29,Friday,SHEPPARD STATION,MUPAA,3,6,S,YU,5726
146,2025-01-03,9:39,Friday,BATHURST STATION,MUSAN,None,None,E,BD,5228
147,2025-01-03,9:51,Friday,SHEPPARD WEST STATION,MUI,18,21,S,YU,5546
148,2025-01-03,9:58,Friday,QUEEN'S PARK STATION,PUOPO,None,None,S,YU,6001
149,2025-01-03,10:26,Friday,BLOOR STATION,SUAE,None,None,None,YU,None
150,2025-01-03,10:29,Friday,SHEPPARD WEST STATION,MUIR,12,17,N,YU,5851
151,2025-01-03,11:15,Friday,YONGE BD STATION,SUDP,9,13,E,BD,5074
152,2025-01-03,11:20,Friday,DUNDAS WEST STATION,MUNCA,None,None,None,BD,None
153,2025-01-03,11:31,Friday,SHEPPARD STATION,SUDP,8,13,S,YU,5406
154,2025-01-03,12:10,Friday,CASTLE FRANK STATION,EUAL,5,9,W,BD,5074
155,2025-01-03,12:44,Friday,ROSEDALE STATION,PUOPO,6,9,N,YU,5891
156,2025-01-03,12:52,Friday,FINCH WEST STATION,MUPAA,None,None,N,YU,5456
157,2025-01-03,12:54,Friday,ROSEDALE STATION,PUOPO,5,10,N,YU,5736
158,2025-01-03,12:57,Friday,SHERBOURNE STATION,PUMEL,None,None,None,BD,None
159,2025-01-03,13:01,Friday,NORTH YORK CTR STATION,SUDP,14,19,N,YU,5891
160,2025-01-03,13:16,Friday,KIPLING STATION,TUO,4,8,E,BD,5346
161,2025-01-03,13:56,Friday,PAPE STATION,MUNCA,None,None,None,BD,None
162,2025-01-03,14:02,Friday,QUEEN'S PARK STATION,MUNCA,None,None,None,YU,None
163,2025-01-03,14:31,Friday,EGLINTON WEST STATION,EUOPO,None,None,S,YU,5861
164,2025-01-03,14:50,Friday,CASTLE FRANK STATION,MUIR,9,13,E,BD,5071
165,2025-01-03,15:16,Friday,COXWELL STATION,TUO,3,7,E,BD,5071
166,2025-01-03,15:30,Friday,KENNEDY BD STATION,MUSAN,3,6,W,BD,5316
167,2025-01-03,15:44,Friday,ST CLAIR STATION,MUPAA,None,None,N,YU,5696
168,2025-01-03,16:23,Friday,ISLINGTON STATION,SUDP,9,12,W,BD,5365
169,2025-01-03,16:23,Friday,VICTORIA PARK STATION,SUDP,3,6,E,BD,5035
170,2025-01-03,16:49,Friday,BATHURST STATION,MUIS,None,None,None,BD,None
171,2025-01-03,17:11,Friday,LAWRENCE WEST STATION,SUO,None,None,N,YU,5691
172,2025-01-03,17:42,Friday,EGLINTON STATION,MUPAA,None,None,S,YU,5926
173,2025-01-03,18:26,Friday,LAWRENCE STATION,SUUT,18,20,S,YU,5866
174,2025-01-03,18:35,Friday,COLLEGE STATION,EUO,11,13,S,YU,5706
175,2025-01-03,18:56,Friday,DUNDAS STATION,MUIS,None,None,N,YU,None
176,2025-01-03,19:21,Friday,HIGH PARK STATION,EUDO,12,16,W,BD,5313
177,2025-01-03,19:27,Friday,COXWELL STATION,MUPAA,3,8,W,BD,5038
178,2025-01-03,19:40,Friday,WELLESLEY STATION,MUPAA,8,10,S,YU,5991
179,2025-01-03,20:04,Friday,DUNDAS WEST STATION,SUO,None,None,None,BD,None
180,2025-01-03,20:09,Friday,UNION STATION,SUAP,10,14,N,YU,6026
181,2025-01-03,20:14,Friday,LAWRENCE WEST STATION,MUIS,None,None,None,YU,None
182,2025-01-03,20:25,Friday,ROYAL YORK STATION,MUIS,None,None,None,BD,None
183,2025-01-03,20:39,Friday,DAVISVILLE STATION,MUIE,None,None,S,YU,5926
184,2025-01-03,21:18,Friday,BROADVIEW STATION,PUMEL,None,None,None,BD,None
185,2025-01-03,21:56,Friday,BLOOR STATION,SUDP,3,7,S,YU,6031
186,2025-01-03,22:00,Friday,YONGE-UNIVERSITY AND B,MUO,None,None,None,YU/BD,None
187,2025-01-03,23:15,Friday,BLOOR STATION,MUIRS,None,None,None,YU,None
188,2025-01-03,23:21,Friday,ST PATRICK STATION,MUPR1,90,96,N,YU,5441
189,2025-01-03,0:36,Friday,KENNEDY BD STATION,MUIS,None,None,None,BD,None
190,2025-01-03,1:12,Friday,WELLESLEY STATION,SUDP,None,None,N,YU,6066
191,2025-01-03,1:33,Friday,DONLANDS STATION,EUVE,5,10,W,BD,5301
192,2025-01-03,1:47,Friday,WELLESLEY STATION,MUPAA,6,12,S,YU,5471
193,2025-01-03,1:55,Friday,KIPLING STATION,MUIS,None,None,None,BD,None
194,2025-01-03,5:49,Friday,SHEPPARD-YONGE STATION,SUDP,None,None,E,SHP,6146
195,2025-01-04,2:19,Saturday,SHEPPARD WEST STATION,MUIS,None,None,None,YU,None
196,2025-01-04,2:49,Saturday,KIPLING STATION,SUDP,None,None,None,BD,None
197,2025-01-04,2:54,Saturday,KIPLING STATION,MUIS,None,None,None,BD,None
198,2025-01-04,5:20,Saturday,KEELE STATION,MUNCA,None,None,None,BD,None
199,2025-01-04,5:25,Saturday,SHERBOURNE STATION,MUNCA,None,None,None,BD,None
200,2025-01-04,5:35,Saturday,SUMMERHILL STATION,MUNCA,None,None,None,YU,None
201,2025-01-04,6:02,Saturday,KIPLING STATION,MUCL,5,10,E,BD,5301
202,2025-01-04,6:40,Saturday,WILSON STATION,PUTWZ,14,None,N,YU,5771
203,2025-01-04,6:57,Saturday,BLOOR STATION,MUPAA,3,9,N,YU,5641
204,2025-01-04,9:45,Saturday,SPADINA BD STATION,MUSC,None,None,E,BD,5135
205,2025-01-04,9:50,Saturday,VICTORIA PARK STATION,MUNCA,None,None,None,BD,None
206,2025-01-04,10:18,Saturday,WARDEN STATION,MUO,3,8,E,BD,5541
207,2025-01-04,10:40,Saturday,EGLINTON WEST STATION,PUOPO,24,28,S,YU,5656
208,2025-01-04,10:54,Saturday,OSSINGTON STATION,SUDP,None,None,E,BD,5125
209,2025-01-04,11:10,Saturday,EGLINTON WEST STATION,PUOPO,None,None,S,YU,5686
210,2025-01-04,11:27,Saturday,SUMMERHILL STATION,PUOPO,None,None,N,YU,5941
211,2025-01-04,12:03,Saturday,VAUGHAN MC STATION,MUATC,14,18,S,YU,5411
212,2025-01-04,12:05,Saturday,KENNEDY BD STATION,EUNT,4,8,W,BD,5141
213,2025-01-04,12:38,Saturday,OSSINGTON STATION,SUDP,10,14,E,BD,5084
214,2025-01-04,13:04,Saturday,COXWELL STATION,MUSAN,None,None,E,BD,5084
215,2025-01-04,13:14,Saturday,VAUGHAN MC STATION,SUDP,4,8,S,YU,6126
216,2025-01-04,13:25,Saturday,KENNEDY BD STATION,MUSAN,4,8,W,BD,5084
217,2025-01-04,13:39,Saturday,LAWRENCE STATION,SUO,16,20,S,YU,6026
218,2025-01-04,13:51,Saturday,ST CLAIR WEST STATION,SUO,None,None,N,YU,5414
219,2025-01-04,13:59,Saturday,WILSON STATION,MUIS,None,None,None,YU,None
220,2025-01-04,14:42,Saturday,SHEPPARD WEST STATION,SUAP,15,19,S,YU,6136
221,2025-01-04,15:08,Saturday,ISLINGTON STATION,PUMEL,None,None,None,BD,None
222,2025-01-04,16:58,Saturday,UNION STATION,SUDP,None,None,S,YU,5416
223,2025-01-04,17:10,Saturday,WARDEN STATION,MUNCA,None,None,None,BD,None
224,2025-01-04,17:30,Saturday,EGLINTON STATION,MUNCA,None,None,None,YU,None
225,2025-01-04,17:45,Saturday,QUEEN STATION,MUNCA,None,None,N,YU,None
226,2025-01-04,17:54,Saturday,OLD MILL STATION,SUDP,3,7,E,BD,5066
227,2025-01-04,17:55,Saturday,WELLESLEY STATION,MUNCA,None,None,None,YU,None
228,2025-01-04,19:01,Saturday,SCARBOROUGH CTR STATIO,PUMEL,None,None,None,BD,None
229,2025-01-04,19:09,Saturday,SPADINA BD STATION,MUIS,None,None,None,BD,None
230,2025-01-04,19:15,Saturday,FINCH TAIL,SUUT,22,26,S,YU,5851
231,2025-01-04,19:20,Saturday,WARDEN STATION,MUIS,None,None,None,BD,None
232,2025-01-04,19:28,Saturday,EGLINTON WEST STATION,SUDP,None,None,None,YU,None
233,2025-01-04,20:14,Saturday,RUNNYMEDE STATION,SUDP,11,16,W,BD,5016
234,2025-01-04,20:38,Saturday,KIPLING STATION,MUIE,5,10,W,BD,5016
235,2025-01-04,21:01,Saturday,COXWELL STATION,SUAE,6,12,W,BD,5355
236,2025-01-04,21:19,Saturday,WARDEN STATION,EUNT,None,None,E,BD,5089
237,2025-01-04,22:00,Saturday,YONGE-UNIVERSITY AND B,MUO,None,None,None,YU/BD,None
238,2025-01-04,22:40,Saturday,SHEPPARD STATION,MUNCA,None,None,None,YU,None
239,2025-01-04,23:00,Saturday,MUSEUM STATION,SUDP,7,14,N,YU,6076
240,2025-01-04,23:03,Saturday,LANSDOWNE STATION,SUO,4,10,W,BD,5101
241,2025-01-04,23:06,Saturday,WILSON STATION,MUIS,None,None,None,YU,None
242,2025-01-04,23:27,Saturday,LAWRENCE STATION,SUO,None,None,N,YU,5656
243,2025-01-04,23:30,Saturday,ST PATRICK STATION,MUNCA,None,None,None,YU,None
244,2025-01-04,23:33,Saturday,BLOOR STATION,MUIRS,None,None,None,YU,None
245,2025-01-04,23:36,Saturday,KENNEDY BD STATION,MUIS,None,None,None,BD,None
246,2025-01-04,1:53,Saturday,DON MILLS STATION,SUDP,None,None,None,SHP,None
247,2025-01-05,2:14,Sunday,SPADINA YUS STATION,MUIS,None,None,None,YU,None
248,2025-01-05,8:33,Sunday,DUPONT STATION,PUTR,10,None,N,YU,6006
249,2025-01-05,8:42,Sunday,SUMMERHILL STATION,EUDO,7,13,S,YU,6126
250,2025-01-05,8:43,Sunday,KENNEDY BD STATION,TUO,4,8,E,BD,5313
251,2025-01-05,10:23,Sunday,ISLINGTON STATION,SUUT,3,7,W,BD,5108
252,2025-01-05,10:26,Sunday,ISLINGTON STATION,SUO,3,7,E,BD,5268
253,2025-01-05,10:51,Sunday,LAWRENCE STATION,SUO,None,None,S,YU,5791
254,2025-01-05,11:01,Sunday,GLENCAIRN STATION,MUATC,None,None,S,YU,5451
255,2025-01-05,11:23,Sunday,COLLEGE STATION,SUDP,None,None,N,YU,None
256,2025-01-05,11:57,Sunday,EGLINTON WEST STATION,SUDP,None,None,N,YU,5946
257,2025-01-05,11:57,Sunday,UNION TO ST ANDREW STA,MUIR,3,7,N,YU,6061
258,2025-01-05,13:26,Sunday,LAWRENCE STATION,SUDP,3,7,N,YU,5686
259,2025-01-05,14:16,Sunday,ST GEORGE BD STATION,SUDP,3,7,E,BD,5006
260,2025-01-05,15:54,Sunday,SHEPPARD STATION,PUOPO,5,8,N,YU,5641
261,2025-01-05,15:58,Sunday,VAUGHAN MC STATION,MUSAN,4,8,S,YU,5634
262,2025-01-05,16:02,Sunday,WARDEN STATION,MUIS,None,None,None,BD,None
263,2025-01-05,16:10,Sunday,BLOOR STATION,MUIR,4,8,N,YU,6081
264,2025-01-05,16:42,Sunday,WARDEN STATION,MUI,18,22,E,BD,5346
265,2025-01-05,16:55,Sunday,QUEEN'S PARK STATION,MUNCA,None,None,None,YU,None
266,2025-01-05,16:55,Sunday,OSGOODE STATION,MUNCA,None,None,None,YU,None
267,2025-01-05,16:56,Sunday,DAVISVILLE STATION,SUDP,5,9,N,YU,6101
268,2025-01-05,17:34,Sunday,BROADVIEW STATION,SUO,9,14,E,BD,5126
269,2025-01-05,18:06,Sunday,FINCH STATION,SUDP,None,None,None,YU,None
270,2025-01-05,18:16,Sunday,QUEEN'S PARK STATION,MUPAA,6,10,S,YU,5641
271,2025-01-05,18:18,Sunday,CHRISTIE STATION,MUI,11,15,E,BD,5199
272,2025-01-05,18:55,Sunday,SHERBOURNE STATION,SUO,None,None,None,BD,None
273,2025-01-05,18:56,Sunday,SHEPPARD STATION,MUIS,None,None,N,YU,None
274,2025-01-05,19:11,Sunday,UNION STATION,PUMEL,None,None,None,YU,None
275,2025-01-05,20:06,Sunday,LAWRENCE WEST STATION,SUDP,None,None,S,YU,5476
276,2025-01-05,20:21,Sunday,KEELE STATION,MUSC,None,None,E,BD,5142
277,2025-01-05,20:56,Sunday,BLOOR STATION,MUIRS,None,None,S,YU,None
278,2025-01-05,20:58,Sunday,BLOOR STATION,SUDP,3,9,S,YU,5381
279,2025-01-05,21:12,Sunday,DUNDAS STATION,MUIRS,None,None,None,YU,None
280,2025-01-05,21:17,Sunday,ST CLAIR WEST STATION,PUMEL,None,None,None,YU,None
281,2025-01-05,21:26,Sunday,DONLANDS STATION,MUSAN,None,None,W,BD,5303
282,2025-01-05,22:00,Sunday,YONGE-UNIVERSITY AND B,MUO,None,None,None,YU/BD,None
283,2025-01-05,22:13,Sunday,KIPLING STATION,MUSAN,6,12,E,BD,5026
284,2025-01-05,22:18,Sunday,JANE STATION,SUDP,None,None,E,BD,5206
285,2025-01-05,22:40,Sunday,BLOOR STATION,SUDP,None,None,None,YU,None
286,2025-01-05,22:43,Sunday,BLOOR STATION,SUO,None,None,S,YU,None
287,2025-01-05,23:47,Sunday,KENNEDY BD STATION,MUIS,None,None,None,BD,None
288,2025-01-05,0:26,Sunday,YORK MILLS STATION,SUDP,6,12,S,YU,5391
289,2025-01-05,0:43,Sunday,QUEEN STATION,SUUT,9,15,S,YU,5501
290,2025-01-05,0:50,Sunday,WELLESLEY STATION,SUUT,None,None,S,YU,None
291,2025-01-05,1:00,Sunday,OSGOODE STATION,MUNCA,None,None,None,YU,None
292,2025-01-05,1:17,Sunday,BLOOR STATION,SUO,None,None,None,YU,None
293,2025-01-05,1:27,Sunday,DUNDAS STATION,SUUT,4,10,N,YU,6101
294,2025-01-05,1:38,Sunday,VAUGHAN MC STATION,SUO,None,None,None,YU,None
295,2025-01-05,1:48,Sunday,KIPLING STATION,MUIS,None,None,None,BD,None
296,2025-01-05,1:57,Sunday,UNION STATION,SUO,None,None,None,YU,None
297,2025-01-05,16:12,Sunday,SHEPPARD-YONGE STATION,TUMVS,3,10,E,SHP,6191
298,2025-01-06,5:35,Monday,QUEEN STATION,MUNCA,None,None,None,YU,None
299,2025-01-06,5:40,Monday,ST ANDREW STATION,MUNCA,None,None,None,YU,None
300,2025-01-06,5:40,Monday,KENNEDY BD STATION,MUCL,None,None,W,BD,5055
301,2025-01-06,5:45,Monday,WELLESLEY STATION,MUNCA,None,None,None,YU,None
302,2025-01-06,5:45,Monday,GREENWOOD YARD,SUG,None,None,None,BD,5316
303,2025-01-06,5:50,Monday,KENNEDY BD STATION,MUO,5,10,W,BD,5212
304,2025-01-06,5:59,Monday,KING STATION,PUTR,7,None,S,YU,5381
305,2025-01-06,7:10,Monday,KIPLING STATION,MUIS,None,None,None,BD,None
306,2025-01-06,7:33,Monday,ST GEORGE YUS STATION,SUDP,None,None,S,YU,5386
307,2025-01-06,7:36,Monday,UNION STATION,SUDP,None,None,S,YU,5636
308,2025-01-06,7:37,Monday,KENNEDY BD STATION,TUSC,None,None,E,BD,5199
309,2025-01-06,8:19,Monday,ST PATRICK STATION,MUPAA,3,6,S,YU,5811
310,2025-01-06,8:24,Monday,RUNNYMEDE STATION,MUPAA,None,None,E,BD,5263
311,2025-01-06,8:32,Monday,DUNDAS STATION,SUDP,None,None,N,YU,5811
312,2025-01-06,8:52,Monday,SUMMERHILL STATION,MUIR,None,None,S,YU,5381
313,2025-01-06,9:01,Monday,WELLESLEY STATION,MUIR,None,None,S,YU,5921
314,2025-01-06,9:17,Monday,ROSEDALE STATION,MUPAA,4,7,S,YU,5851
315,2025-01-06,9:34,Monday,ROYAL YORK STATION,EUNT,10,12,E,BD,5146
316,2025-01-06,9:42,Monday,COXWELL STATION,MUIS,None,None,None,BD,None
317,2025-01-06,9:45,Monday,DUPONT STATION,SUO,None,None,N,YU,5851
318,2025-01-06,10:01,Monday,VAUGHAN MC STATION,SUDP,3,6,S,YU,5971
319,2025-01-06,10:20,Monday,SHEPPARD STATION,TUATC,3,6,N,YU,5841
320,2025-01-06,10:40,Monday,DUNDAS STATION,MUNCA,None,None,None,YU,None
321,2025-01-06,10:41,Monday,ST ANDREW STATION,MUNCA,None,None,None,YU,None
322,2025-01-06,11:44,Monday,KENNEDY BD STATION,MUIR,None,None,E,BD,5023
323,2025-01-06,12:41,Monday,OLD MILL STATION,MUIRS,None,None,None,BD,None
324,2025-01-06,13:16,Monday,KIPLING STATION,MUSAN,4,8,E,BD,5229
325,2025-01-06,13:20,Monday,BROADVIEW STATION,SUDP,None,None,None,BD,None
326,2025-01-06,13:37,Monday,COXWELL STATION,MUIR,12,16,E,BD,5014
327,2025-01-06,13:46,Monday,WOODBINE STATION,MUPAA,None,None,E,BD,5324
328,2025-01-06,13:51,Monday,YONGE BD STATION,SUO,None,None,E,BD,None
329,2025-01-06,14:01,Monday,PAPE STATION,MUSAN,4,8,E,BD,5229
330,2025-01-06,14:09,Monday,WARDEN STATION,MUIR,17,21,E,YU,5036
331,2025-01-06,14:39,Monday,RUNNYMEDE STATION,PUMEL,None,None,None,BD,None
332,2025-01-06,15:16,Monday,JANE STATION,EUNT,3,7,E,BD,5365
333,2025-01-06,15:26,Monday,ST PATRICK STATION,SUUT,20,24,S,YU,5981
334,2025-01-06,15:27,Monday,KIPLING STATION,MUTO,6,10,E,BD,5260
335,2025-01-06,15:34,Monday,YONGE BD STATION,MUIR,4,8,E,BD,5026
336,2025-01-06,15:35,Monday,PIONEER VILLAGE STATIO,PUMEL,None,None,None,YU,None
337,2025-01-06,15:46,Monday,WARDEN STATION,MUIS,None,None,None,BD,None
338,2025-01-06,15:56,Monday,ISLINGTON STATION,TUMVS,3,6,W,BD,5033
339,2025-01-06,15:56,Monday,DAVISVILLE STATION,MUIR,4,8,S,YU,5426
340,2025-01-06,16:11,Monday,ST CLAIR STATION,PUMEL,None,None,None,YU,None
341,2025-01-06,16:51,Monday,ST GEORGE YUS STATION,MUPAA,5,9,N,YU,5641
342,2025-01-06,17:12,Monday,KIPLING STATION,MUDD,3,6,E,BD,5308
343,2025-01-06,17:38,Monday,BLOOR STATION,MUPAA,None,None,N,YU,5476
344,2025-01-06,18:03,Monday,SHEPPARD WEST STATION,MUSAN,4,7,S,YU,5981
345,2025-01-06,18:04,Monday,COXWELL STATION,SUG,None,None,None,BD,None
346,2025-01-06,18:09,Monday,SHEPPARD STATION,PUOPO,3,5,S,YU,5391
347,2025-01-06,18:15,Monday,SHERBOURNE STATION,PUSRA,8,11,E,BD,5095
348,2025-01-06,18:16,Monday,YORK MILLS STATION,PUOPO,4,7,S,YU,5391
349,2025-01-06,18:27,Monday,BAY STATION,PUMEL,None,None,None,BD,None
350,2025-01-06,19:22,Monday,SHEPPARD WEST STATION,SUAP,None,None,N,YU,5941
351,2025-01-06,20:12,Monday,KIPLING STATION,MUSAN,4,8,W,BD,5111
352,2025-01-06,20:17,Monday,WELLESLEY STATION,PUOPO,None,None,S,YU,5786
353,2025-01-06,21:01,Monday,NORTH YORK CTR STATION,MUPAA,None,None,N,YU,6111
354,2025-01-06,21:08,Monday,BATHURST STATION,SUAE,None,None,None,BD,None
355,2025-01-06,21:51,Monday,KENNEDY BD STATION,MUIS,None,None,None,BD,None
356,2025-01-06,22:00,Monday,YONGE-UNIVERSITY AND B,MUO,None,None,None,YU/BD,None
357,2025-01-06,22:17,Monday,ST CLAIR STATION,PUMEL,None,None,None,YU,None
358,2025-01-06,22:21,Monday,DONLANDS STATION,MUIS,None,None,W,BD,None
359,2025-01-06,22:33,Monday,WOODBINE STATION,SUDP,4,9,E,BD,5041
360,2025-01-06,23:15,Monday,YONGE BD STATION,SUUT,None,None,W,BD,5117
361,2025-01-06,1:01,Monday,ST ANDREW STATION,MUIR,15,21,N,YU,5861
362,2025-01-06,1:10,Monday,FINCH STATION,MUPAA,None,None,N,YU,5581
363,2025-01-06,1:22,Monday,ST PATRICK STATION,MUIRS,None,None,S,YU,None
364,2025-01-06,1:28,Monday,DUNDAS STATION,MUIS,None,None,N,YU,None
365,2025-01-06,1:34,Monday,ST GEORGE BD STATION,EUNT,13,18,W,BD,5299
366,2025-01-06,7:08,Monday,LESLIE STATION,TUSC,None,None,W,SHP,6176
367,2025-01-06,14:31,Monday,BAY STATION,PUMEL,None,None,None,SHP,None
368,2025-01-06,16:54,Monday,SHEPPARD-YONGE STATION,PUMEL,None,None,None,SHP,None
369,2025-01-06,0:57,Monday,DON MILLS STATION,PUSTS,None,None,W,SHP,6146
370,2025-01-07,5:26,Tuesday,TEDDINGTON EE,SUO,None,None,None,YU,None
371,2025-01-07,5:34,Tuesday,WELLESLEY STATION,MUNCA,None,None,None,YU,None
372,2025-01-07,5:46,Tuesday,DUPONT STATION,MUNCA,None,None,None,YU,None
373,2025-01-07,5:59,Tuesday,KING STATION,PUTR,9,None,S,YU,5446
374,2025-01-07,6:00,Tuesday,FINCH STATION,PUSRA,4,8,S,YU,6006
375,2025-01-07,7:03,Tuesday,KEELE STATION,SUDP,5,8,E,BD,5169
376,2025-01-07,7:26,Tuesday,BLOOR STATION,PUMST,None,None,None,YU,None
377,2025-01-07,7:38,Tuesday,PIONEER VILLAGE STATIO,SUDP,6,9,N,YU,5381
378,2025-01-07,8:03,Tuesday,SPADINA YUS STATION,PUMST,None,None,None,YU,None
379,2025-01-07,8:12,Tuesday,DAVISVILLE STATION,MUIS,None,None,None,YU,None
380,2025-01-07,8:36,Tuesday,BATHURST STATION,EUNT,3,5,E,BD,5206
381,2025-01-07,8:38,Tuesday,KENNEDY BD STATION,TUSC,None,None,E,BD,5142
382,2025-01-07,8:42,Tuesday,EGLINTON STATION,PUMST,None,None,None,YU,None
383,2025-01-07,8:46,Tuesday,KIPLING STATION,MUSAN,4,6,E,BD,5094
384,2025-01-07,9:27,Tuesday,CHRISTIE STATION,PUMEL,None,None,None,BD,None
385,2025-01-07,9:55,Tuesday,ROYAL YORK STATION,TUSC,None,None,E,BD,5267
386,2025-01-07,10:36,Tuesday,BLOOR STATION,SUDP,3,8,N,YU,5611
387,2025-01-07,10:37,Tuesday,RUNNYMEDE STATION,MUIRS,None,None,None,BD,None
388,2025-01-07,10:43,Tuesday,ST GEORGE YUS STATION,PUMST,None,None,None,YU,None
389,2025-01-07,10:58,Tuesday,EGLINTON STATION,MUIS,None,None,None,YU,None
390,2025-01-07,11:25,Tuesday,QUEEN'S PARK STATION,MUIS,None,None,S,YU,None
391,2025-01-07,11:33,Tuesday,COXWELL STATION,TUNIP,3,7,W,BD,5256
392,2025-01-07,12:08,Tuesday,COXWELL STATION,PUMEL,None,None,None,BD,None
393,2025-01-07,12:19,Tuesday,SHEPPARD STATION,SUDP,None,None,N,YU,5466
394,2025-01-07,12:30,Tuesday,HIGH PARK STATION,EUNT,4,8,W,BD,5365
395,2025-01-07,12:33,Tuesday,ST CLAIR WEST STATION,MUO,3,8,N,YU,5426
396,2025-01-07,12:35,Tuesday,OSSINGTON STATION,TUMVS,4,8,E,BD,5038
397,2025-01-07,12:40,Tuesday,ROYAL YORK STATION,PUMEL,None,None,None,BD,None
398,2025-01-07,12:55,Tuesday,KIPLING STATION,MUTO,3,7,E,BD,5148
399,2025-01-07,13:38,Tuesday,SUMMERHILL STATION,MUNCA,None,None,None,YU,None
400,2025-01-07,13:42,Tuesday,COLLEGE STATION,SUDP,3,8,S,YU,6011
401,2025-01-07,14:07,Tuesday,DOWNSVIEW PARK STATION,EUDO,None,None,N,YU,5956
402,2025-01-07,14:19,Tuesday,NORTH YORK CTR STATION,EUPI,None,None,S,YU,5676
403,2025-01-07,14:45,Tuesday,KING STATION,SUDP,None,None,S,YU,5616
404,2025-01-07,15:42,Tuesday,ISLINGTON STATION,MUSC,None,None,W,BD,5073
405,2025-01-07,15:45,Tuesday,DAVISVILLE STATION,MUD,3,7,S,YU,5461
406,2025-01-07,15:48,Tuesday,YORKDALE STATION,TUS,4,8,S,YU,5811
407,2025-01-07,15:51,Tuesday,FINCH STATION,EUCD,4,8,S,YU,5956
408,2025-01-07,15:59,Tuesday,YORK UNIVERSITY STATIO,PUMEL,None,None,None,YU,None
409,2025-01-07,16:19,Tuesday,DUNDAS STATION,MUIS,None,None,None,YU,None
410,2025-01-07,16:27,Tuesday,SHEPPARD STATION,SUUT,None,None,S,YU,None
411,2025-01-07,16:28,Tuesday,YONGE BD STATION,TUSC,None,None,E,BD,5126
412,2025-01-07,16:29,Tuesday,DUPONT STATION,SUDP,16,18,S,YU,5406
413,2025-01-07,16:42,Tuesday,YONGE BD STATION,PUMST,None,None,None,BD,None
414,2025-01-07,16:51,Tuesday,ST GEORGE YUS STATION,MUPAA,4,6,N,YU,5961
415,2025-01-07,17:08,Tuesday,LAWRENCE STATION,PUMO,None,None,S,YU,5491
416,2025-01-07,17:27,Tuesday,MUSEUM STATION,MUNCA,None,None,None,YU,None
417,2025-01-07,17:37,Tuesday,LAWRENCE STATION,PUMST,None,None,None,YU,None
418,2025-01-07,17:51,Tuesday,ST GEORGE YUS STATION,MUSAN,8,11,N,YU,5785
419,2025-01-07,17:58,Tuesday,ST CLAIR STATION,PUMEL,None,None,S,YU,None
420,2025-01-07,18:45,Tuesday,WELLESLEY STATION,PUMEL,None,None,None,YU,None
421,2025-01-07,18:46,Tuesday,HIGHWAY 407 STATION,SUDP,7,10,N,YU,5711
422,2025-01-07,19:13,Tuesday,BLOOR STATION,SUDP,None,None,None,YU,None
423,2025-01-07,19:16,Tuesday,KENNEDY BD STATION,MUIS,None,None,None,BD,None
424,2025-01-07,19:28,Tuesday,MUSEUM STATION,MUPAA,None,None,N,YU,5501
425,2025-01-07,19:31,Tuesday,YORK UNIVERSITY STATIO,MUPF,None,None,N,YU,5666
426,2025-01-07,19:31,Tuesday,COLLEGE STATION,PUOPO,5,7,S,YU,5961
427,2025-01-07,19:54,Tuesday,COLLEGE STATION,MUIS,None,None,None,YU,None
428,2025-01-07,20:17,Tuesday,KENNEDY BD STATION,TUSC,None,None,E,BD,5154
429,2025-01-07,20:22,Tuesday,YORK UNIVERSITY STATIO,MUPF,None,None,S,YU,5516
430,2025-01-07,20:39,Tuesday,BROADVIEW STATION,MUIR,16,21,E,BD,5319
431,2025-01-07,20:58,Tuesday,BAY STATION,MUSC,None,None,E,BD,5091
432,2025-01-07,21:01,Tuesday,QUEEN'S PARK STATION,MUDD,7,11,S,YU,5516
433,2025-01-07,21:10,Tuesday,BROADVIEW STATION,SUO,None,None,W,BD,None
434,2025-01-07,21:30,Tuesday,BROADVIEW STATION,SUO,None,None,W,BD,5238
435,2025-01-07,21:34,Tuesday,KENNEDY BD STATION,SUDP,None,None,E,BD,5265
436,2025-01-07,21:41,Tuesday,BLOOR STATION,SUDP,7,11,N,YU,6091
437,2025-01-07,22:00,Tuesday,YONGE-UNIVERSITY AND B,MUO,None,None,None,YU/BD,None
438,2025-01-07,22:02,Tuesday,DUNDAS STATION,MUPAA,None,None,N,YU,6161
439,2025-01-07,22:19,Tuesday,HIGH PARK STATION,SUDP,8,13,W,BD,5280
440,2025-01-07,22:31,Tuesday,KENNEDY BD STATION,MUIS,None,None,None,BD,None
441,2025-01-07,22:33,Tuesday,KENNEDY BD STATION,MUIS,None,None,None,BD,None
442,2025-01-07,23:51,Tuesday,LAWRENCE WEST STATION,SUO,None,None,None,YU,None
443,2025-01-07,0:06,Tuesday,SPADINA YUS STATION,SUDP,8,14,N,YU,5656
444,2025-01-07,0:18,Tuesday,ST GEORGE YUS STATION,MUO,3,9,N,YU,5391
445,2025-01-07,0:37,Tuesday,QUEEN STATION,SUO,None,None,None,YU,None
446,2025-01-07,1:44,Tuesday,EGLINTON STATION,SUO,None,None,None,YU,None
447,2025-01-07,1:56,Tuesday,BROADVIEW STATION,SUO,None,None,None,BD,None
448,2025-01-07,10:21,Tuesday,SHEPPARD-YONGE STATION,MUIS,None,None,None,SHP,None
449,2025-01-07,12:24,Tuesday,LESLIE STATION,TUSC,None,None,W,SHP,6146
450,2025-01-08,2:07,Wednesday,FINCH WEST STATION,MUIS,None,None,None,YU,None
451,2025-01-08,2:09,Wednesday,KENNEDY BD STATION,PUMEL,None,None,None,BD,None
452,2025-01-08,2:16,Wednesday,KIPLING STATION,SUO,None,None,None,BD,None
453,2025-01-08,2:24,Wednesday,KENNEDY BD STATION,TUMVS,3,9,E,BD,5142
454,2025-01-08,3:09,Wednesday,KENNEDY BD STATION,SUO,None,None,None,BD,None
455,2025-01-08,3:36,Wednesday,BATHURST STATION,MUNCA,None,None,None,BD,None
456,2025-01-08,4:13,Wednesday,QUEEN STATION,MUNCA,None,None,None,YU,None
457,2025-01-08,4:26,Wednesday,ST PATRICK STATION,MUNCA,None,None,None,YU,None
458,2025-01-08,5:10,Wednesday,YONGE BD STATION,MUNCA,None,None,None,BD,None
459,2025-01-08,5:33,Wednesday,FINCH STATION,PUMEL,None,None,None,YU,None
460,2025-01-08,5:37,Wednesday,YORKDALE STATION,MUNCA,None,None,None,YU,None
461,2025-01-08,5:38,Wednesday,YORK MILLS STATION,TUCC,10,None,N,YU,5816
462,2025-01-08,5:40,Wednesday,KENNEDY BD STATION,TUCC,7,None,W,BD,5055
463,2025-01-08,6:01,Wednesday,UNION STATION (TOWARDS,PUTR,10,None,N,YU,5616
464,2025-01-08,6:08,Wednesday,VICTORIA PARK STATION,EUPI,4,6,E,BD,5180
465,2025-01-08,6:38,Wednesday,DOWNSVIEW PARK STATION,MUPAA,4,7,N,YU,5846
466,2025-01-08,6:38,Wednesday,BROADVIEW STATION,MUIR,None,None,W,BD,5324
467,2025-01-08,6:50,Wednesday,FINCH STATION,MUSAN,3,5,S,YU,5996
468,2025-01-08,6:57,Wednesday,FINCH WEST STATION,MUIS,None,None,None,YU,None
469,2025-01-08,7:00,Wednesday,ST GEORGE YUS STATION,SUDP,13,15,N,YU,5981
470,2025-01-08,7:44,Wednesday,KIPLING STATION,EUPI,3,5,E,BD,5206
471,2025-01-08,7:58,Wednesday,KENNEDY BD STATION,TUSC,None,None,E,BD,5200
472,2025-01-08,9:23,Wednesday,OSSINGTON STATION,PUMEL,None,None,None,BD,None
473,2025-01-08,10:45,Wednesday,WARDEN STATION,MUIS,None,None,None,BD,None
474,2025-01-08,10:58,Wednesday,VAUGHAN MC STATION,MUIRS,None,None,S,YU,6034
475,2025-01-08,11:05,Wednesday,KENNEDY BD STATION,MUPAA,4,8,W,BD,5316
476,2025-01-08,11:21,Wednesday,WOODBINE STATION,EUSC,None,None,W,BD,5023
477,2025-01-08,11:32,Wednesday,SPADINA YUS STATION,PUSAC,4,9,S,YU,5716
478,2025-01-08,12:23,Wednesday,ISLINGTON STATION,TUSC,None,None,W,BD,5543
479,2025-01-08,13:00,Wednesday,QUEEN'S PARK STATION,SUEAS,19,24,N,YU,5746
480,2025-01-08,13:02,Wednesday,RUNNYMEDE STATION,PUMEL,None,None,None,BD,None
481,2025-01-08,13:17,Wednesday,SHEPPARD STATION,SUUT,11,16,N,YU,5966
482,2025-01-08,13:42,Wednesday,CASTLE FRANK STATION,SUDP,5,9,E,BD,5208
483,2025-01-08,13:46,Wednesday,DUNDAS STATION,SUO,None,None,N,YU,5941
484,2025-01-08,13:56,Wednesday,DAVISVILLE STATION,SUO,None,None,S,YU,5961
485,2025-01-08,14:21,Wednesday,WARDEN STATION,MUIS,None,None,None,BD,None
486,2025-01-08,14:24,Wednesday,KENNEDY BD STATION,EUDO,4,8,W,BD,5025
487,2025-01-08,14:30,Wednesday,COLLEGE STATION,SUUT,8,13,S,YU,5711
488,2025-01-08,15:01,Wednesday,BLOOR STATION,SUDP,None,None,None,YU,None
489,2025-01-08,15:01,Wednesday,CHRISTIE STATION,MUPAA,None,None,W,BD,5393
490,2025-01-08,15:05,Wednesday,DUNDAS STATION,SUDP,None,None,S,YU,5946
491,2025-01-08,15:16,Wednesday,KENNEDY BD STATION,MUI,3,6,W,BD,5324
492,2025-01-08,16:10,Wednesday,EGLINTON STATION,TUO,5,9,N,YU,6066
493,2025-01-08,16:14,Wednesday,YORKDALE STATION,SUDP,10,14,S,YU,5646
494,2025-01-08,16:58,Wednesday,EGLINTON STATION,SUAE,None,None,S,YU,5961
495,2025-01-08,17:47,Wednesday,ST ANDREW STATION,MUO,5,7,S,YU,5411
496,2025-01-08,17:49,Wednesday,BLOOR STATION,SUDP,4,6,S,YU,5821
497,2025-01-08,17:49,Wednesday,VICTORIA PARK STATION,EUSC,None,None,E,BD,5206
498,2025-01-08,17:58,Wednesday,DUNDAS WEST STATION,PUMEL,None,None,None,BD,None
499,2025-01-08,18:15,Wednesday,KEELE STATION,MUIS,None,None,None,BD,None
500,2025-01-08,18:17,Wednesday,COXWELL STATION,SUDP,None,None,E,BD,5316
501,2025-01-08,18:40,Wednesday,KENNEDY BD STATION,TUS,3,7,W,BD,5139
502,2025-01-08,18:41,Wednesday,LAWRENCE STATION,SUDP,25,28,N,YU,5806
503,2025-01-08,18:45,Wednesday,QUEEN STATION,MUIRS,None,None,N,YU,None
504,2025-01-08,18:51,Wednesday,DUNDAS STATION,SUO,None,None,S,YU,5416
505,2025-01-08,19:07,Wednesday,HIGHWAY 407 STATION,PUMEL,None,None,None,YU,None
506,2025-01-08,19:43,Wednesday,MUSEUM STATION,MUO,4,8,S,YU,5876
507,2025-01-08,19:43,Wednesday,WILSON STATION,TUO,None,None,S,YU,5876
508,2025-01-08,20:07,Wednesday,RUNNYMEDE STATION,SUO,22,26,E,BD,5145
509,2025-01-08,20:10,Wednesday,ISLINGTON STATION,PUMEL,None,None,None,BD,None
510,2025-01-08,20:29,Wednesday,ISLINGTON STATION,MUPAA,4,7,E,BD,5341
511,2025-01-08,20:33,Wednesday,BROADVIEW STATION,SUO,None,None,None,BD,None
512,2025-01-08,21:02,Wednesday,ST CLAIR WEST STATION,SUUT,21,25,N,YU,5711
513,2025-01-08,21:57,Wednesday,HIGH PARK STATION,SUDP,None,None,None,BD,None
514,2025-01-08,22:00,Wednesday,YONGE-UNIVERSITY AND B,MUO,None,None,None,YU/BD,None
515,2025-01-08,22:12,Wednesday,ST GEORGE BD STATION,SUDP,None,None,None,BD,None
516,2025-01-08,22:35,Wednesday,WELLESLEY STATION,PUOPO,5,10,S,YU,5686
517,2025-01-08,22:46,Wednesday,UNION STATION,MUIE,None,None,None,YU,None
518,2025-01-08,0:14,Wednesday,EGLINTON STATION,MUIS,None,None,None,YU,None
519,2025-01-08,1:22,Wednesday,HIGH PARK STATION,SUO,None,None,None,BD,None
520,2025-01-08,11:32,Wednesday,DON MILLS STATION,MUSC,5,12,W,SHP,6161
521,2025-01-09,2:30,Thursday,WILSON STATION,MUIS,None,None,None,YU,None
522,2025-01-09,4:48,Thursday,WARDEN STATION,MUNCA,None,None,None,BD,None
523,2025-01-09,5:14,Thursday,SHERBOURNE STATION,MUNCA,None,None,None,BD,None
524,2025-01-09,5:57,Thursday,QUEEN STATION,SUDP,None,None,None,YU,None
525,2025-01-09,5:59,Thursday,KING STATION,PUTR,8,None,S,YU,5526
526,2025-01-09,6:23,Thursday,EGLINTON STATION,EUME,3,6,N,YU,5641
527,2025-01-09,6:43,Thursday,DAVISVILLE STATION,PUOPO,None,None,S,YU,5676
528,2025-01-09,7:03,Thursday,ST CLAIR STATION,PUOPO,3,6,S,YU,5676
529,2025-01-09,7:18,Thursday,MAIN STREET STATION,SUDP,None,None,None,BD,None
530,2025-01-09,7:50,Thursday,KING STATION,PUOPO,None,None,N,YU,5936
531,2025-01-09,8:37,Thursday,BLOOR STATION,MUIR,None,None,N,YU,5796
532,2025-01-09,8:38,Thursday,LAWRENCE STATION,EUO,6,8,N,YU,5806
533,2025-01-09,8:58,Thursday,KENNEDY BD STATION,MUSAN,3,6,W,BD,5280
534,2025-01-09,8:59,Thursday,FINCH STATION,PUOPO,None,None,S,YU,5416
535,2025-01-09,9:04,Thursday,NORTH YORK CTR STATION,PUOPO,3,5,S,YU,5416
536,2025-01-09,9:10,Thursday,KENNEDY BD STATION,SUDP,3,6,E,BD,5052
537,2025-01-09,9:29,Thursday,SHEPPARD STATION,SUUT,None,None,S,YU,5496
538,2025-01-09,9:52,Thursday,BAY STATION,SUO,None,None,None,BD,None
539,2025-01-09,9:57,Thursday,SPADINA YUS STATION,MUD,8,10,N,YU,5516
540,2025-01-09,10:06,Thursday,KIPLING STATION,MUIR,4,8,E,BD,5313
541,2025-01-09,10:35,Thursday,DUFFERIN STATION,SUAE,None,None,None,BD,None
542,2025-01-09,10:36,Thursday,KIPLING STATION,MUI,4,8,E,BD,5260
543,2025-01-09,10:50,Thursday,GREENWOOD CARHOUSE,MUO,None,None,None,BD,None
544,2025-01-09,11:00,Thursday,WARDEN STATION,SUUT,12,16,W,BD,5052
545,2025-01-09,11:26,Thursday,ST PATRICK STATION,MUSAN,5,10,S,YU,5816
546,2025-01-09,11:40,Thursday,EGLINTON STATION,MUIR,None,None,N,YU,5716
547,2025-01-09,11:43,Thursday,VAUGHAN MC STATION,MUIS,None,None,None,YU,None
548,2025-01-09,12:05,Thursday,ISLINGTON STATION,MUSC,None,None,E,BD,5126
549,2025-01-09,12:06,Thursday,VAUGHAN MC STATION,EUNT,5,10,S,YU,6111
550,2025-01-09,12:17,Thursday,WELLESLEY STATION,MUIR,None,None,S,YU,5666
551,2025-01-09,12:39,Thursday,BLOOR STATION,SUAE,7,12,S,YU,5641
552,2025-01-09,13:01,Thursday,YONGE BD STATION,SUAE,None,None,W,BD,5038
553,2025-01-09,13:17,Thursday,MUSEUM STATION,MUPAA,3,8,S,YU,5836
554,2025-01-09,13:23,Thursday,DUPONT STATION,MUIS,None,None,N,YU,5641
555,2025-01-09,13:31,Thursday,CHRISTIE STATION,MUNCA,None,None,None,BD,None
556,2025-01-09,13:33,Thursday,FINCH STATION,MUSAN,5,10,S,YU,6126
557,2025-01-09,13:47,Thursday,NORTH YORK CTR STATION,PUMEL,None,None,S,YU,None
558,2025-01-09,14:00,Thursday,DUNDAS WEST STATION,MUNCA,None,None,None,BD,None
559,2025-01-09,14:25,Thursday,WELLESLEY STATION,MUPAA,None,None,N,YU,5866
560,2025-01-09,14:33,Thursday,CHRISTIE STATION,MUNCA,None,None,None,BD,None
561,2025-01-09,14:36,Thursday,KEELE STATION,MUSC,None,None,W,BD,5042
562,2025-01-09,15:19,Thursday,YORKDALE STATION,MUPAA,3,7,S,YU,5986
563,2025-01-09,15:51,Thursday,SHEPPARD STATION,SUDP,10,14,N,YU,5593
564,2025-01-09,15:52,Thursday,WOODBINE STATION,MUIR,6,9,E,BD,5303
565,2025-01-09,15:57,Thursday,KEELE STATION,TUNIP,6,9,W,BD,5229
566,2025-01-09,15:58,Thursday,WOODBINE STATION,MUIS,None,None,None,BD,None
567,2025-01-09,16:01,Thursday,BATHURST STATION,SUDP,None,None,None,BD,None
568,2025-01-09,16:07,Thursday,SUMMERHILL STATION,SUDP,7,11,N,YU,5971
569,2025-01-09,16:11,Thursday,BLOOR STATION,SUO,None,None,None,YU,None
570,2025-01-09,16:19,Thursday,WARDEN STATION,SUPOL,5,8,W,BD,5194
571,2025-01-09,16:20,Thursday,WARDEN STATION,SUPOL,6,9,W,BD,5095
572,2025-01-09,16:40,Thursday,MUSEUM STATION,SUUT,6,10,N,YU,5381
573,2025-01-09,16:59,Thursday,BLOOR STATION,MUIRS,None,None,N,YU,None
574,2025-01-09,17:00,Thursday,LAWRENCE WEST STATION,MUNCA,None,None,None,YU,None
575,2025-01-09,17:01,Thursday,DUNDAS STATION,MUIRS,None,None,S,YU,None
576,2025-01-09,17:12,Thursday,DAVISVILLE STATION,MUIE,None,None,None,YU,9463
577,2025-01-09,17:38,Thursday,LAWRENCE WEST STATION,MUSAN,None,None,N,YU,5976
578,2025-01-09,18:01,Thursday,KIPLING STATION,MUIRS,None,None,None,BD,None
579,2025-01-09,18:11,Thursday,BLOOR STATION,SUDP,3,6,S,YU,5801
580,2025-01-09,19:20,Thursday,VAUGHAN MC STATION,MUSAN,4,8,S,YU,6136
581,2025-01-09,19:52,Thursday,SHEPPARD WEST STATION,SUDP,21,25,S,YU,5646
582,2025-01-09,20:33,Thursday,QUEEN STATION,MUPAA,3,7,S,YU,5832
583,2025-01-09,20:36,Thursday,OLD MILL STATION,PUSWZ,5,9,W,BD,5154
584,2025-01-09,20:46,Thursday,BROADVIEW STATION,TUO,4,9,W,BD,5241
585,2025-01-09,20:47,Thursday,YONGE BD STATION,MUIS,None,None,None,BD,None
586,2025-01-09,20:54,Thursday,GLENCAIRN STATION,MUIS,None,None,None,YU,None
587,2025-01-09,21:20,Thursday,BROADVIEW STATION,SUDP,6,11,E,BD,5294
588,2025-01-09,22:00,Thursday,YONGE-UNIVERSITY AND B,MUO,None,None,None,YU/BD,None
589,2025-01-09,22:30,Thursday,BATHURST STATION,SUUT,None,None,E,BD,5281
590,2025-01-09,23:00,Thursday,LAWRENCE STATION,MUIRS,None,None,None,YU,None
591,2025-01-09,23:11,Thursday,SHEPPARD WEST STATION,SUO,None,None,None,YU,None
592,2025-01-09,23:43,Thursday,KENNEDY BD STATION,MUIS,None,None,None,BD,None
593,2025-01-09,23:47,Thursday,WILSON STATION,MUIS,None,None,None,YU,None
594,2025-01-09,0:11,Thursday,DUPONT STATION,MUSAN,6,12,S,YU,5471
595,2025-01-09,0:36,Thursday,DUPONT STATION,MUO,7,13,S,YU,5636
596,2025-01-09,1:27,Thursday,WELLESLEY STATION,MUIS,None,None,None,YU,None
597,2025-01-09,1:38,Thursday,VAUGHAN MC STATION,MUIS,None,None,None,YU,None
598,2025-01-09,1:43,Thursday,FINCH STATION,SUDP,None,None,S,YU,5534
599,2025-01-09,1:47,Thursday,DUNDAS STATION,MUIS,None,None,None,YU,None
600,2025-01-09,1:57,Thursday,WILSON STATION,MUIS,None,None,None,YU,None
601,2025-01-09,13:43,Thursday,DON MILLS STATION,PUSTS,None,None,W,SHP,6146
602,2025-01-09,16:04,Thursday,SHEPPARD-YONGE STATION,SUDP,7,14,E,SHP,6146
603,2025-01-09,17:05,Thursday,BAYVIEW STATION,MUPAA,None,None,E,SHP,6161
604,2025-01-10,5:37,Friday,YORK MILLS STATION,PUOPO,12,None,S,YU,5686
605,2025-01-10,5:50,Friday,FINCH STATION,EUTL,4,8,S,YU,5722
606,2025-01-10,5:53,Friday,LAWRENCE STATION,PUOPO,18,None,S,YU,5686
607,2025-01-10,6:53,Friday,CHRISTIE STATION,MUD,4,6,W,BD,5330
608,2025-01-10,7:04,Friday,EGLINTON STATION,EUO,8,10,N,YU,5796
609,2025-01-10,7:09,Friday,ROSEDALE STATION,PUOPO,3,6,S,YU,5116
610,2025-01-10,7:14,Friday,BLOOR STATION,PUOPO,3,6,S,YU,5116
611,2025-01-10,7:14,Friday,KIPLING STATION,EUAC,3,5,W,BD,5167
612,2025-01-10,7:17,Friday,FINCH STATION,SUDP,None,None,None,YU,None
613,2025-01-10,7:45,Friday,VICTORIA PARK STATION,MUIRS,None,None,W,BD,5070
614,2025-01-10,7:46,Friday,ST GEORGE YUS STATION,PUTWZ,3,5,S,YU,5706
615,2025-01-10,8:36,Friday,EGLINTON WEST STATION,MUIR,5,8,N,YU,5471
616,2025-01-10,8:50,Friday,ROYAL YORK STATION,EUAC,75,77,W,BD,5226
617,2025-01-10,9:07,Friday,OSGOODE STATION,PUOPO,23,26,N,YU,5976
618,2025-01-10,9:10,Friday,DUNDAS WEST STATION,MUPAA,None,None,E,BD,5229
619,2025-01-10,9:15,Friday,FINCH STATION,PUOPO,None,None,S,YU,5496
620,2025-01-10,9:23,Friday,EGLINTON STATION,MUPAA,7,10,S,YU,5861
621,2025-01-10,9:34,Friday,ISLINGTON STATION,MUPAA,None,None,W,BD,5513
622,2025-01-10,9:47,Friday,DOWNSVIEW PARK STATION,PUMO,None,None,None,YU,None
623,2025-01-10,9:50,Friday,SHEPPARD STATION,SUDP,3,7,N,YU,5696
624,2025-01-10,10:24,Friday,SHEPPARD STATION,SUDP,None,None,None,YU,None
625,2025-01-10,10:58,Friday,SHEPPARD STATION,SUDP,None,None,N,YU,None
626,2025-01-10,11:02,Friday,MAIN STREET STATION,MUIRS,None,None,None,BD,None
627,2025-01-10,11:08,Friday,MUSEUM STATION,MUPAA,5,10,S,YU,5651
628,2025-01-10,11:54,Friday,FINCH STATION,MUI,5,10,S,YU,5654
629,2025-01-10,12:24,Friday,KEELE STATION,MUSC,None,None,W,BD,5073
630,2025-01-10,12:31,Friday,LAWRENCE WEST STATION,PUMO,None,None,None,YU,None
631,2025-01-10,13:20,Friday,DAVISVILLE STATION,TUNCA,None,None,None,YU,None
632,2025-01-10,13:36,Friday,ST CLAIR STATION,PUOPO,5,9,N,YU,5761
633,2025-01-10,13:39,Friday,BATHURST STATION,MUO,None,None,None,BD,None
634,2025-01-10,13:58,Friday,VICTORIA PARK STATION,EUNT,14,18,W,BD,5186
635,2025-01-10,14:18,Friday,UNION STATION TO VMC,TUS,6,11,N,YU,5471
636,2025-01-10,14:19,Friday,ST CLAIR STATION,MUPAA,4,8,N,YU,5836
637,2025-01-10,14:40,Friday,KIPLING STATION,TUMVS,4,8,W,BD,5120
638,2025-01-10,14:48,Friday,ST GEORGE YUS STATION,MUD,6,10,S,YU,5516
639,2025-01-10,14:50,Friday,BLOOR STATION,MUIS,None,None,S,YU,5921
640,2025-01-10,15:25,Friday,PAPE STATION,MUIS,None,None,None,BD,None
641,2025-01-10,15:34,Friday,WARDEN STATION,SUDP,5,8,W,BD,5086
642,2025-01-10,16:19,Friday,KIPLING STATION,MUIS,None,None,None,BD,None
643,2025-01-10,16:35,Friday,SPADINA BD STATION,TUOS,4,7,E,BD,5037
644,2025-01-10,16:36,Friday,EGLINTON STATION,MUO,9,13,S,YU,5791
645,2025-01-10,16:47,Friday,NORTH YORK CTR STATION,PUOPO,7,10,N,YU,5761
646,2025-01-10,16:49,Friday,BROADVIEW STATION,TUO,3,6,E,BD,5037
647,2025-01-10,17:35,Friday,LAWRENCE WEST STATION,MUNCA,None,None,None,YU,None
648,2025-01-10,17:53,Friday,HIGH PARK STATION,PUMEL,None,None,None,BD,None
649,2025-01-10,18:04,Friday,KIPLING STATION,SUAP,None,None,E,BD,5362
650,2025-01-10,18:50,Friday,RUNNYMEDE STATION,EUNT,12,16,W,BD,5118
651,2025-01-10,19:06,Friday,MAIN STREET STATION,SUO,None,None,None,BD,None
652,2025-01-10,19:18,Friday,VICTORIA PARK STATION,MUIRS,3,6,E,BD,5140
653,2025-01-10,19:40,Friday,KIPLING STATION,MUSC,None,None,W,BD,5004
654,2025-01-10,19:45,Friday,VICTORIA PARK STATION,MUSC,None,None,E,BD,5328
655,2025-01-10,19:46,Friday,OLD MILL STATION,EUSC,None,None,W,BD,5073
656,2025-01-10,20:33,Friday,OSGOODE STATION,MUIRS,None,None,N,YU,None
657,2025-01-10,21:12,Friday,VAUGHAN MC STATION,MUPAA,None,None,N,YU,6061
658,2025-01-10,21:14,Friday,QUEEN'S PARK STATION,MUNCA,None,None,None,YU,None
659,2025-01-10,21:14,Friday,EGLINTON WEST STATION,MUIS,None,None,None,YU,None
660,2025-01-10,21:17,Friday,WOODBINE STATION,MUI,4,9,W,BD,5026
661,2025-01-10,21:45,Friday,WELLESLEY STATION,SUO,None,None,N,YU,5771
662,2025-01-10,22:00,Friday,YONGE-UNIVERSITY AND B,MUO,None,None,None,YU/ BD,None
663,2025-01-10,22:19,Friday,CASTLE FRANK STATION,MUPAA,3,8,E,BD,5347
664,2025-01-10,22:48,Friday,DOWNSVIEW PARK STATION,MUIS,None,None,None,YU,None
665,2025-01-10,22:51,Friday,BATHURST STATION,SUAP,None,None,W,BD,5206
666,2025-01-10,22:59,Friday,QUEEN STATION,SUUT,None,None,N,YU,5421
667,2025-01-10,23:31,Friday,WOODBINE STATION,MUPAA,4,9,W,BD,5349
668,2025-01-10,23:52,Friday,KENNEDY BD STATION,MUIS,None,None,None,BD,None
669,2025-01-10,5:00,Friday,LESLIE STATION,MUNCA,None,None,None,SHP,None
670,2025-01-10,15:09,Friday,DON MILLS STATION,MUIS,None,None,None,SHP,None
671,2025-01-10,22:05,Friday,SHEPPARD-YONGE STATION,SUDP,None,None,None,SHP,None
672,2025-01-11,2:05,Saturday,WARDEN STATION,SUDP,14,19,E,BD,5181
673,2025-01-11,2:17,Saturday,KIPLING STATION,MUIS,None,None,None,BD,None
674,2025-01-11,2:28,Saturday,FINCH STATION,SUAE,None,None,None,YU,None
675,2025-01-11,5:00,Saturday,YORK MILLS STATION,MUNCA,None,None,None,YU,None
676,2025-01-11,5:58,Saturday,ST CLAIR STATION,MUO,4,None,S,YU,6136
677,2025-01-11,6:39,Saturday,SHERBOURNE STATION,PUTWZ,5,10,W,BD,5208
678,2025-01-11,7:01,Saturday,CASTLE FRANK STATION,MUSC,None,None,E,BD,5257
679,2025-01-11,7:14,Saturday,ROYAL YORK STATION,SUUT,3,8,E,BD,5023
680,2025-01-11,7:42,Saturday,WELLESLEY STATION,PUTR,None,None,N,YU,5451
681,2025-01-11,8:20,Saturday,LAWRENCE WEST STATION,PUOPO,3,9,S,YU,6071
682,2025-01-11,8:56,Saturday,ST CLAIR WEST STATION,SUDP,3,9,S,YU,5706
683,2025-01-11,8:57,Saturday,WILSON STATION,MUPAA,None,None,N,YU,5861
684,2025-01-11,9:55,Saturday,KIPLING STATION,MUIS,None,None,None,BD,None
685,2025-01-11,10:47,Saturday,BLOOR STATION,MUIS,None,None,None,YU,None
686,2025-01-11,11:03,Saturday,ISLINGTON STATION,MUO,None,None,E,BD,5128
687,2025-01-11,11:30,Saturday,OSSINGTON STATION,TUSC,None,None,W,BD,5026
688,2025-01-11,11:47,Saturday,VAUGHAN MC STATION,EUO,4,8,S,YU,6041
689,2025-01-11,11:57,Saturday,EGLINTON WEST STATION,MUDD,5,9,S,YU,5461
690,2025-01-11,13:06,Saturday,ST PATRICK STATION,MUIE,None,None,None,YU,None
691,2025-01-11,13:12,Saturday,VICTORIA PARK STATION,EUSC,None,None,E,BD,5023
692,2025-01-11,13:14,Saturday,WELLESLEY STATION,MUIS,None,None,N,YU,None
693,2025-01-11,13:46,Saturday,UNION STATION,SUO,None,None,None,YU,None
694,2025-01-11,13:53,Saturday,ST PATRICK STATION,SUUT,None,None,N,YU,5531
695,2025-01-11,14:04,Saturday,COLLEGE STATION,MUI,17,21,S,YU,5456
696,2025-01-11,14:07,Saturday,VAUGHAN MC STATION,MUIR,4,8,S,YU,5991
697,2025-01-11,14:33,Saturday,VAUGHAN MC STATION,MUSAN,4,8,S,YU,5876
698,2025-01-11,14:58,Saturday,CHRISTIE STATION,MUIRS,None,None,None,BD,None
699,2025-01-11,14:59,Saturday,ST CLAIR WEST STATION,SUO,None,None,N,YU,5921
700,2025-01-11,15:17,Saturday,CASTLE FRANK STATION,SUDP,15,19,E,BD,5139
701,2025-01-11,15:57,Saturday,KENNEDY BD STATION,SUDP,None,None,None,BD,None
702,2025-01-11,16:03,Saturday,BLOOR STATION,SUROB,None,None,None,YU,None
703,2025-01-11,16:06,Saturday,UNION STATION TO KING,MUPAA,5,9,N,YU,5451
704,2025-01-11,16:13,Saturday,BATHURST STATION,MUIS,None,None,None,BD,None
705,2025-01-11,16:35,Saturday,LAWRENCE STATION,SUG,None,None,None,YU,None
706,2025-01-11,16:38,Saturday,WOODBINE STATION,MUDD,4,8,W,BD,5107
707,2025-01-11,17:20,Saturday,DUNDAS STATION,SUAP,None,None,N,YU,None
708,2025-01-11,17:45,Saturday,BLOOR STATION,SUDP,3,7,N,YU,5441
709,2025-01-11,18:17,Saturday,JANE STATION,PUMST,None,None,None,BD,None
710,2025-01-11,19:03,Saturday,KENNEDY BD STATION,PUMEL,None,None,None,BD,None
711,2025-01-11,19:37,Saturday,ST CLAIR STATION,SUUT,15,19,N,YU,5926
712,2025-01-11,19:48,Saturday,WOODBINE STATION,TUSC,None,None,W,BD,5349
713,2025-01-11,19:56,Saturday,BLOOR STATION,MUIS,None,None,None,YU,None
714,2025-01-11,20:06,Saturday,BATHURST STATION,MUIRS,None,None,W,BD,None
715,2025-01-11,20:07,Saturday,ST GEORGE YUS STATION,SUAP,None,None,None,YU,None
716,2025-01-11,20:31,Saturday,CASTLE FRANK STATION,MUDD,3,8,W,BD,5107
717,2025-01-11,21:15,Saturday,KENNEDY BD STATION,MUIRS,None,None,None,BD,None
718,2025-01-11,21:37,Saturday,FINCH STATION,EUBK,None,None,N,YU,5906
719,2025-01-11,22:21,Saturday,QUEEN STATION,MUD,7,12,N,YU,6036
720,2025-01-11,23:02,Saturday,KENNEDY BD STATION,MUIS,None,None,None,BD,None
721,2025-01-11,23:42,Saturday,ROSEDALE STATION,MUIS,None,None,None,YU,None
722,2025-01-11,23:46,Saturday,DUFFERIN STATION,MUIS,None,None,None,BD,None
723,2025-01-11,23:55,Saturday,BATHURST STATION,MUIS,None,None,None,BD,None
724,2025-01-11,0:01,Saturday,ST ANDREW STATION,SUO,6,12,S,YU,5386
725,2025-01-11,0:02,Saturday,FINCH WEST STATION,MUIS,None,None,None,YU,None
726,2025-01-11,0:25,Saturday,SPADINA BD STATION,MUIRS,None,None,W,BD,5152
727,2025-01-11,0:35,Saturday,KIPLING STATION,EUSC,None,None,E,BD,5108
728,2025-01-11,1:35,Saturday,FINCH STATION,MUIS,None,None,None,YU,None
729,2025-01-11,1:36,Saturday,DUNDAS STATION,MUIS,None,None,None,YU,None
730,2025-01-11,14:46,Saturday,DON MILLS STATION,PUMST,None,None,None,SHP,None
731,2025-01-11,23:03,Saturday,DON MILLS STATION,SUDP,None,None,None,SHP,None
732,2025-01-12,2:12,Sunday,BATHURST STATION,MUIS,None,None,None,BD,None
733,2025-01-12,7:47,Sunday,LAWRENCE WEST STATION,EUNT,24,None,S,YU,5851
734,2025-01-12,8:05,Sunday,GREENWOOD STATION,MUCL,4,None,E,BD,5136
735,2025-01-12,8:21,Sunday,DONLANDS STATION,EUDO,3,None,W,BD,5154
736,2025-01-12,8:31,Sunday,BATHURST STATION,TUO,3,12,E,BD,5108
737,2025-01-12,8:33,Sunday,DUPONT STATION,PUTO,7,None,N,YU,5556
738,2025-01-12,8:39,Sunday,GREENWOOD STATION,MUDD,6,10,E,BD,5353
739,2025-01-12,9:47,Sunday,COXWELL STATION,MUO,4,8,E,BD,5128
740,2025-01-12,10:14,Sunday,DONLANDS STATION,PUSTC,4,8,E,BD,5144
741,2025-01-12,10:37,Sunday,GREENWOOD STATION,TUSC,None,None,E,BD,5108
742,2025-01-12,10:55,Sunday,ST GEORGE YUS STATION,SUDP,5,9,S,YU,5866
743,2025-01-12,11:59,Sunday,SHEPPARD WEST STATION,SUDP,None,None,N,YU,5556
744,2025-01-12,12:23,Sunday,COLLEGE STATION,MUPAA,5,9,N,YU,5656
745,2025-01-12,13:36,Sunday,BLOOR STATION,SUO,8,12,N,YU,5556
746,2025-01-12,13:43,Sunday,OLD MILL STATION,EUSC,None,None,W,BD,5198
747,2025-01-12,14:27,Sunday,QUEEN STATION,MUIRS,None,None,S,YU,None
748,2025-01-12,14:44,Sunday,DUNDAS STATION,PUMEL,None,None,None,YU,None
749,2025-01-12,15:30,Sunday,OLD MILL STATION,EUSC,None,None,W,BD,5198
750,2025-01-12,15:45,Sunday,WELLESLEY STATION,PUMO,4,8,N,YU,5571
751,2025-01-12,16:55,Sunday,ST ANDREW STATION,SUG,None,None,None,YU,None
752,2025-01-12,17:09,Sunday,UNION STATION TO ST AN,EUDO,4,8,N,YU,5501
753,2025-01-12,17:16,Sunday,UNION STATION,MUIR,3,7,S,YU,5581
754,2025-01-12,17:37,Sunday,COXWELL STATION,SUO,None,None,None,BD,None
755,2025-01-12,17:56,Sunday,LAWRENCE STATION,PUOPO,10,14,N,YU,5686
756,2025-01-12,18:09,Sunday,YONGE BD STATION,MUO,None,None,None,BD,None
757,2025-01-12,18:09,Sunday,MUSEUM STATION,MUIR,20,24,N,YU,6076
758,2025-01-12,18:17,Sunday,ST CLAIR WEST STATION,MUTO,5,9,N,YU,5881
759,2025-01-12,18:25,Sunday,HIGH PARK STATION,SUO,None,None,None,BD,None
760,2025-01-12,18:33,Sunday,ST GEORGE YUS STATION,TUATC,None,None,S,YU,5386
761,2025-01-12,20:35,Sunday,DUNDAS STATION,SUUT,None,None,N,YU,5491
762,2025-01-12,21:33,Sunday,ST CLAIR WEST STATION,MUPAA,None,None,N,YU,5576
763,2025-01-12,22:00,Sunday,YONGE-UNIVERSITY AND B,MUO,None,None,None,YU/BD,None
764,2025-01-12,23:09,Sunday,LAWRENCE STATION,SUUT,5,11,S,YU,5581
765,2025-01-12,23:22,Sunday,LAWRENCE STATION,SUUT,64,70,S,YU,5911
766,2025-01-12,23:28,Sunday,BLOOR STATION,SUDP,None,None,None,YU,None
767,2025-01-12,0:14,Sunday,KENNEDY BD STATION,MUIS,None,None,None,BD,None
768,2025-01-12,0:32,Sunday,KENNEDY BD STATION,MUIS,None,None,None,BD,None
769,2025-01-12,0:35,Sunday,UNION STATION,SUDP,None,None,S,YU,5831
770,2025-01-12,0:50,Sunday,ROYAL YORK STATION,MUSAN,3,9,W,BD,5268
771,2025-01-12,1:25,Sunday,VAUGHAN MC STATION,SUDP,None,None,None,YU,None
772,2025-01-12,8:21,Sunday,DON MILLS STATION,MUO,4,11,W,SHP,6176
773,2025-01-12,9:35,Sunday,LESLIE STATION,PUOPO,None,None,W,SHP,6181
774,2025-01-13,2:06,Monday,GREENWOOD STATION,SUDP,None,None,E,BD,5182
775,2025-01-13,2:17,Monday,ST GEORGE BD STATION,SUDP,None,None,W,BD,None
776,2025-01-13,5:59,Monday,KING STATION,PUTR,8,None,S,YU,5486
777,2025-01-13,6:00,Monday,TORONTO TRANSIT COMMIS,MUO,None,None,None,YU/BD,None
778,2025-01-13,6:39,Monday,KIPLING STATION,MUIR,None,None,E,BD,5137
779,2025-01-13,6:55,Monday,ISLINGTON STATION,MUSC,None,None,W,BD,5170
780,2025-01-13,6:57,Monday,KIPLING STATION,MUSC,None,None,E,BD,5004
781,2025-01-13,7:17,Monday,ST PATRICK STATION,MUIS,None,None,None,YU,None
782,2025-01-13,7:32,Monday,ROYAL YORK STATION,EUSC,None,None,W,BD,5198
783,2025-01-13,8:29,Monday,WARDEN STATION,TUO,None,None,W,BD,5237
784,2025-01-13,8:37,Monday,BLOOR STATION,TUO,5,8,S,YU,5501
785,2025-01-13,8:45,Monday,FINCH STATION,MUPAA,4,7,None,YU,6051
786,2025-01-13,9:33,Monday,MUSEUM STATION,MUIS,None,None,None,YU,None
787,2025-01-13,9:49,Monday,COLLEGE STATION,MUIRS,None,None,None,YU,None
788,2025-01-13,9:56,Monday,CHRISTIE STATION,SUAP,None,None,None,BD,None
789,2025-01-13,10:31,Monday,ST GEORGE YUS STATION,SUDP,3,8,S,YU,5996
790,2025-01-13,10:47,Monday,ST CLAIR WEST STATION,MUIR,3,6,S,YU,5986
791,2025-01-13,10:52,Monday,BAY STATION,MUIRS,None,None,None,BD,None
792,2025-01-13,11:25,Monday,COLLEGE STATION,MUPAA,6,11,S,YU,5391
793,2025-01-13,11:38,Monday,KENNEDY BD STATION,EUOE,None,None,E,BD,5070
794,2025-01-13,12:26,Monday,SHERBOURNE STATION,PUMEL,None,None,None,BD,None
795,2025-01-13,12:37,Monday,SHEPPARD WEST STATION,SUO,18,22,N,YU,5391
796,2025-01-13,12:44,Monday,CASTLE FRANK STATION,MUPAA,4,7,W,BD,5198
797,2025-01-13,13:38,Monday,BLOOR STATION,SUDP,None,None,None,YU,None
798,2025-01-13,13:42,Monday,KENNEDY BD STATION,SUDP,None,None,None,BD,5347
799,2025-01-13,14:04,Monday,UNION STATION,MUIS,None,None,None,YU,None
800,2025-01-13,14:05,Monday,DUNDAS STATION,PUOPO,8,12,N,YU,5836
801,2025-01-13,14:11,Monday,DAVISVILLE STATION,SUDP,4,8,S,YU,5576
802,2025-01-13,14:38,Monday,CHRISTIE STATION,SUDP,None,None,None,BD,None
803,2025-01-13,15:42,Monday,BLOOR STATION,PUMEL,None,None,None,YU,None
804,2025-01-13,15:45,Monday,EGLINTON STATION,SUUT,22,26,N,YU,5746
805,2025-01-13,15:50,Monday,YORK MILLS STATION,EUDO,7,11,S,YU,5556
806,2025-01-13,15:54,Monday,ST GEORGE BD STATION,MUPLB,27,30,E,BD,5195
807,2025-01-13,15:57,Monday,VAUGHAN MC STATION,MUSAN,4,8,S,YU,5916
808,2025-01-13,16:35,Monday,VICTORIA PARK STATION,EUDO,7,10,W,BD,5347
809,2025-01-13,16:46,Monday,KENNEDY BD STATION,TUSC,None,None,E,BD,5139
810,2025-01-13,16:51,Monday,ROSEDALE STATION,SUO,5,9,N,YU,5586
811,2025-01-13,16:52,Monday,DUFFERIN STATION,MUIRS,None,None,W,BD,None
812,2025-01-13,16:54,Monday,SPADINA YUS STATION,EUDO,13,18,S,YU,5461
813,2025-01-13,16:58,Monday,JANE STATION,MUDD,3,7,E,BD,5356
814,2025-01-13,17:14,Monday,ST GEORGE BD STATION,TUSC,None,None,W,BD,5103
815,2025-01-13,17:36,Monday,UNION STATION,SUO,None,None,None,YU,None
816,2025-01-13,17:46,Monday,MAIN STREET STATION,SUAP,None,None,E,BD,None
817,2025-01-13,17:50,Monday,ST GEORGE BD STATION,SUDP,None,None,E,BD,5054
818,2025-01-13,17:51,Monday,QUEEN STATION,SUDP,None,None,N,YU,5541
819,2025-01-13,18:01,Monday,QUEEN'S PARK STATION,MUPAA,4,6,S,YU,5976
820,2025-01-13,19:54,Monday,SHEPPARD STATION,MUIS,None,None,None,YU,None
821,2025-01-13,20:13,Monday,KIPLING STATION,TUDOE,40,44,E,BD,5152
822,2025-01-13,20:44,Monday,QUEEN'S PARK STATION,MUIRS,None,None,None,YU,None
823,2025-01-13,20:56,Monday,WILSON STATION,SUO,12,16,S,YU,5976
824,2025-01-13,21:13,Monday,YORKDALE STATION,SUDP,11,15,N,YU,5881
825,2025-01-13,21:14,Monday,DUNDAS STATION,MUIS,None,None,None,YU,None
826,2025-01-13,21:16,Monday,BLOOR STATION,SUAP,None,None,None,YU,5299
827,2025-01-13,21:19,Monday,GLENCAIRN STATION,SUDP,8,12,N,YU,5581
828,2025-01-13,21:40,Monday,YONGE BD STATION,MUIS,None,None,None,BD,None
829,2025-01-13,22:00,Monday,YONGE-UNIVERSITY AND B,MUO,None,None,None,YU/ BD,None
830,2025-01-13,22:04,Monday,YORK MILLS STATION,MUIS,None,None,None,YU,None
831,2025-01-13,22:20,Monday,EGLINTON STATION,SUAP,None,None,None,YU,None
832,2025-01-13,22:28,Monday,ST CLAIR STATION,SUAE,None,None,None,YU,None
833,2025-01-13,22:29,Monday,NORTH YORK CTR STATION,SUO,5,11,S,YU,5601
834,2025-01-13,22:34,Monday,YONGE BD STATION,MUIRS,None,None,E,BD,5038
835,2025-01-13,22:48,Monday,MAIN STREET STATION,MUPAA,None,None,E,BD,5038
836,2025-01-13,22:51,Monday,MAIN STREET STATION,SUUT,29,34,E,BD,5038
837,2025-01-13,23:00,Monday,YONGE UNIVERSITY LINE,MUO,None,None,None,YU,None
838,2025-01-13,23:27,Monday,BLOOR STATION,SUO,None,None,None,YU,None
839,2025-01-13,23:45,Monday,KENNEDY BD STATION,MUIS,None,None,None,BD,None
840,2025-01-13,0:03,Monday,DUNDAS STATION,MUIRS,None,None,None,YU,None
841,2025-01-13,0:28,Monday,JANE STATION,MUPAA,None,None,W,BD,5259
842,2025-01-13,0:53,Monday,PAPE STATION,SUO,None,None,None,BD,None
843,2025-01-13,1:49,Monday,ST CLAIR STATION,MUIS,None,None,S,YU,None
844,2025-01-13,9:00,Monday,BAYVIEW STATION,PUMEL,None,None,None,SHP,None
845,2025-01-13,14:54,Monday,BAYVIEW STATION,MUIS,None,None,E,SHP,6176
846,2025-01-14,2:13,Tuesday,KIPLING STATION,MUIS,None,None,None,BD,None
847,2025-01-14,4:18,Tuesday,KENNEDY BD STATION,SUDP,None,None,None,BD,None
848,2025-01-14,5:38,Tuesday,YORK MILLS STATION,PUOPO,4,None,E,YU,6136
849,2025-01-14,5:42,Tuesday,HIGH PARK STATION,PUEWZ,64,None,E,BD,5249
850,2025-01-14,6:00,Tuesday,KING STATION,PUTR,8,None,S,YU,6116
851,2025-01-14,6:00,Tuesday,TORONTO TRANSIT COMMIS,MUO,None,None,None,YU,None
852,2025-01-14,6:00,Tuesday,TORONTO TRANSIT COMMIS,MUO,None,None,None,BD,None
853,2025-01-14,6:04,Tuesday,GREENWOOD YARD,MUSC,None,None,E,BD,5371
854,2025-01-14,7:12,Tuesday,ISLINGTON STATION,PUSIS,7,10,E,BD,5070
855,2025-01-14,7:46,Tuesday,YORK MILLS STATION,MUIR,13,15,N,YU,5786
856,2025-01-14,7:51,Tuesday,KENNEDY BD STATION,MUSC,None,None,W,BD,5305
857,2025-01-14,8:32,Tuesday,DUNDAS WEST STATION,MUD,None,None,W,BD,5043
858,2025-01-14,8:37,Tuesday,BLOOR STATION,MUIR,3,5,S,YU,5781
859,2025-01-14,8:42,Tuesday,ST CLAIR STATION,PUMEL,None,None,None,YU,None
860,2025-01-14,8:53,Tuesday,CHRISTIE STATION,MUIR,3,5,E,BD,5057
861,2025-01-14,8:59,Tuesday,ST GEORGE BD STATION,TUSC,None,None,W,BD,5271
862,2025-01-14,9:02,Tuesday,OSSINGTON STATION,TUSC,None,None,E,BD,5275
863,2025-01-14,9:20,Tuesday,ISLINGTON STATION,MUIS,None,None,None,BD,None
864,2025-01-14,9:41,Tuesday,FINCH STATION,EUBK,3,5,S,YU,5391
865,2025-01-14,10:21,Tuesday,PAPE STATION,PUMEL,None,None,None,BD,None
866,2025-01-14,10:31,Tuesday,MAIN STREET STATION,SUDP,3,7,W,BD,5213
867,2025-01-14,10:36,Tuesday,FINCH STATION,MUIS,None,None,None,YU,None
868,2025-01-14,10:53,Tuesday,WILSON STATION,EUCD,6,9,N,YU,5391
869,2025-01-14,12:32,Tuesday,DONLANDS STATION,SUO,None,None,W,BD,5305
870,2025-01-14,12:42,Tuesday,ST GEORGE YUS STATION,SUDP,4,9,N,YU,5731
871,2025-01-14,13:00,Tuesday,COXWELL STATION,MUSAN,4,8,E,BD,5011
872,2025-01-14,13:09,Tuesday,FINCH STATION,PUMEL,None,None,None,YU,None
873,2025-01-14,13:22,Tuesday,BLOOR STATION,MUIRS,None,None,S,YU,None
874,2025-01-14,13:40,Tuesday,MAIN STREET STATION,PUTDN,None,None,E,BD,5041
875,2025-01-14,14:21,Tuesday,ISLINGTON STATION,SUDP,None,None,E,BD,5011
876,2025-01-14,15:11,Tuesday,BLOOR STATION,SUAE,None,None,N,YU,5556
877,2025-01-14,15:13,Tuesday,YONGE BD STATION,SUO,None,None,E,BD,5041
878,2025-01-14,15:40,Tuesday,SHEPPARD WEST STATION,TUO,None,None,N,YU,5881
879,2025-01-14,15:46,Tuesday,CHESTER STATION,MUSC,None,None,W,BD,5044
880,2025-01-14,16:23,Tuesday,JANE STATION,PUMST,None,None,None,BD,None
881,2025-01-14,16:24,Tuesday,BAY STATION,PUMEL,None,None,None,BD,None
882,2025-01-14,16:25,Tuesday,MAIN STREET STATION,SUDP,9,12,W,BD,5349
883,2025-01-14,16:43,Tuesday,KIPLING STATION,PUSIS,None,None,E,BD,5343
884,2025-01-14,16:51,Tuesday,COXWELL STATION,MUSC,None,None,W,BD,5033
885,2025-01-14,17:07,Tuesday,DAVISVILLE STATION,SUAP,None,None,N,YU,None
886,2025-01-14,17:13,Tuesday,COLLEGE STATION,PUMEL,None,None,None,YU,None
887,2025-01-14,17:32,Tuesday,CHESTER STATION,TUO,5,8,E,BD,5084
888,2025-01-14,17:35,Tuesday,WARDEN STATION,SUO,9,12,E,BD,5214
889,2025-01-14,17:44,Tuesday,PAPE STATION,SUDP,3,6,E,BD,5076
890,2025-01-14,17:49,Tuesday,COXWELL STATION,SUDP,4,7,E,BD,5084
891,2025-01-14,17:59,Tuesday,WOODBINE STATION,TUO,4,7,W,BD,5084
892,2025-01-14,18:50,Tuesday,GREENWOOD STATION,TUSC,None,None,W,BD,5098
893,2025-01-14,19:20,Tuesday,YONGE BD STATION,MUSC,None,None,E,BD,5353
894,2025-01-14,19:29,Tuesday,DUNDAS WEST STATION,SUAP,None,None,E,BD,5121
895,2025-01-14,19:39,Tuesday,BLOOR STATION,MUIS,None,None,S,YU,None
896,2025-01-14,19:41,Tuesday,ST GEORGE YUS STATION,TUSUP,12,15,N,YU,5466
897,2025-01-14,19:48,Tuesday,UNION STATION,MUI,4,8,S,YU,5401
898,2025-01-14,19:51,Tuesday,GREENWOOD STATION,MUO,5,10,W,BD,5247
899,2025-01-14,20:06,Tuesday,KENNEDY BD STATION,TUSC,None,None,W,BD,5001
900,2025-01-14,20:19,Tuesday,DUNDAS STATION,SUDP,None,None,N,YU,None
901,2025-01-14,20:30,Tuesday,BLOOR STATION,MUIS,None,None,S,YU,None
902,2025-01-14,20:49,Tuesday,CHRISTIE STATION,MUIR,7,12,E,BD,5041
903,2025-01-14,20:52,Tuesday,WELLESLEY STATION,SUAP,None,None,S,YU,5881
904,2025-01-14,20:54,Tuesday,SHEPPARD STATION,MUIS,None,None,N,YU,None
905,2025-01-14,21:34,Tuesday,NORTH YORK CTR STATION,SUDP,None,None,N,YU,5711
906,2025-01-14,21:51,Tuesday,QUEEN STATION,MUIRS,None,None,S,YU,None
907,2025-01-14,22:00,Tuesday,YONGE-UNIVERSITY AND B,MUO,None,None,None,YU,None
908,2025-01-14,22:08,Tuesday,QUEEN'S PARK STATION,SUDP,8,12,N,YU,5666
909,2025-01-14,22:17,Tuesday,HIGH PARK STATION,MUIS,None,None,None,BD,None
910,2025-01-14,22:21,Tuesday,EGLINTON STATION,PUOPO,6,10,N,YU,5726
911,2025-01-14,22:26,Tuesday,YORK UNIVERSITY STATIO,MUIS,None,None,None,YU,None
912,2025-01-14,22:28,Tuesday,KENNEDY BD STATION,MUIS,None,None,None,BD,None
913,2025-01-14,22:29,Tuesday,EGLINTON STATION,PUOPO,None,None,S,YU,5961
914,2025-01-14,22:49,Tuesday,DUNDAS STATION,MUI,20,23,N,YU,5771
915,2025-01-14,23:00,Tuesday,LINE 1 - YONGE UNIVERS,MUO,None,None,None,YU,None
916,2025-01-14,23:19,Tuesday,DUNDAS STATION,SUO,None,None,S,YU,None
917,2025-01-14,23:23,Tuesday,OSSINGTON STATION,TUSC,None,None,E,BD,5191
918,2025-01-14,0:10,Tuesday,ISLINGTON STATION,PUMST,None,None,None,BD,None
919,2025-01-14,0:33,Tuesday,ST ANDREW STATION,PUMEL,None,None,None,YU,None
920,2025-01-14,1:23,Tuesday,KENNEDY BD STATION,SUDP,None,None,None,BD,None
921,2025-01-14,1:29,Tuesday,SPADINA BD STATION,SUO,None,None,W,BD,None
922,2025-01-14,1:42,Tuesday,KIPLING STATION,MUIRS,None,None,None,BD,None
923,2025-01-14,1:47,Tuesday,QUEEN STATION,SUDP,None,None,None,YU,None
924,2025-01-14,1:57,Tuesday,JANE STATION,SUO,None,None,None,BD,None
925,2025-01-14,2:19,Tuesday,SHEPPARD-YONGE STATION,PUSTS,None,None,E,SHP,6181
926,2025-01-14,6:00,Tuesday,TORONTO TRANSIT COMMIS,MUO,None,None,None,SHP,None
927,2025-01-14,13:12,Tuesday,BAYVIEW STATION,SUDP,None,None,None,SHP,None
928,2025-01-14,19:10,Tuesday,BAYVIEW STATION,PUOPO,None,None,E,SHP,6161
929,2025-01-14,0:36,Tuesday,DON MILLS STATION,MUIRS,None,None,None,SHP,None
930,2025-01-15,2:13,Wednesday,DOWNSVIEW PARK STATION,PUOPO,None,None,N,YU,5721
931,2025-01-15,2:46,Wednesday,PIONEER VILLAGE STATIO,SUO,None,None,None,YU,None
932,2025-01-15,2:47,Wednesday,KENNEDY BD STATION,SUSA,None,None,None,BD,None
933,2025-01-15,5:10,Wednesday,SHERBOURNE STATION,MUNCA,None,None,None,BD,None
934,2025-01-15,5:48,Wednesday,GREENWOOD STATION,TUNIP,3,8,E,BD,5271
935,2025-01-15,5:51,Wednesday,KENNEDY BD STATION,MUIS,None,None,None,BD,None
936,2025-01-15,5:56,Wednesday,CHESTER STATION,EUVE,3,None,W,BD,5009
937,2025-01-15,6:00,Wednesday,KING STATION,PUTO,8,None,S,YU,5781
938,2025-01-15,6:00,Wednesday,WARDEN STATION,PUSNT,3,8,W,BD,5236
939,2025-01-15,6:01,Wednesday,ROYAL YORK STATION,MUIE,None,None,None,BD,None
940,2025-01-15,6:40,Wednesday,WELLESLEY STATION,SUO,None,None,None,YU,None
941,2025-01-15,7:07,Wednesday,LANSDOWNE STATION,SUO,None,None,None,BD,None
942,2025-01-15,8:18,Wednesday,JANE STATION,PUMST,None,None,E,BD,None
943,2025-01-15,8:26,Wednesday,FINCH STATION,MUIR,3,5,S,YU,5681
944,2025-01-15,8:57,Wednesday,KENNEDY BD STATION,PUSRA,3,7,W,BD,5275
945,2025-01-15,9:27,Wednesday,KEELE STATION,MUSC,None,None,E,BD,5047
946,2025-01-15,10:58,Wednesday,SPADINA BD STATION,PUMEL,None,None,None,BD,None
947,2025-01-15,11:26,Wednesday,SHEPPARD WEST STATION,SUDP,6,10,S,YU,6081
948,2025-01-15,11:31,Wednesday,OSGOODE STATION,SUAP,8,13,N,YU,5391
949,2025-01-15,11:55,Wednesday,SHERBOURNE STATION,SUDP,14,18,E,BD,5004
950,2025-01-15,11:56,Wednesday,MCCOWAN YARD,SUO,None,None,None,None,None
951,2025-01-15,12:01,Wednesday,EGLINTON WEST STATION,MUPAA,4,9,S,YU,5941
952,2025-01-15,12:07,Wednesday,CHESTER STATION,SUDP,5,9,W,BD,5306
953,2025-01-15,12:14,Wednesday,OSSINGTON CENTRE TRACK,EUSC,None,None,W,BD,5328
954,2025-01-15,12:22,Wednesday,DOWNSVIEW PARK STATION,MUPAA,None,None,N,YU,5521
955,2025-01-15,12:55,Wednesday,ST CLAIR WEST STATION,MUSAN,4,8,S,YU,5526
956,2025-01-15,13:27,Wednesday,KENNEDY BD STATION,MUD,5,8,W,BD,5277
957,2025-01-15,14:04,Wednesday,KENNEDY BD STATION,TUNIP,7,11,W,BD,5121
958,2025-01-15,14:17,Wednesday,DUNDAS STATION,SUO,None,None,S,YU,5941
959,2025-01-15,14:28,Wednesday,FINCH STATION,EUBK,None,None,S,YU,5391
960,2025-01-15,14:51,Wednesday,DUPONT STATION,MUPAA,None,None,N,YU,5521
961,2025-01-15,15:04,Wednesday,SHEPPARD WEST STATION,SUDP,None,None,S,YU,5501
962,2025-01-15,15:04,Wednesday,PIONEER VILLAGE STATIO,MUIS,None,None,None,YU,None
963,2025-01-15,15:20,Wednesday,DUNDAS WEST STATION,TUMVS,None,None,W,BD,5353
964,2025-01-15,15:21,Wednesday,KIPLING STATION,TUSC,None,None,W,BD,5037
965,2025-01-15,15:27,Wednesday,KIPLING STATION,TUSC,None,None,E,BD,5004
966,2025-01-15,15:50,Wednesday,COLLEGE STATION,MUPR1,4,8,S,YU,5511
967,2025-01-15,16:10,Wednesday,ST GEORGE YUS STATION,SUO,4,8,N,YU,5511
968,2025-01-15,16:12,Wednesday,KING STATION,PUMEL,None,None,N,YU,None
969,2025-01-15,16:19,Wednesday,KIPLING STATION,MUSAN,3,6,W,BD,5054
970,2025-01-15,16:31,Wednesday,JANE STATION,EUSC,None,None,E,BD,5368
971,2025-01-15,16:36,Wednesday,WILSON STATION,SUDP,None,None,None,YU,None
972,2025-01-15,17:01,Wednesday,BLOOR STATION,MUPAA,3,5,S,YU,5421
973,2025-01-15,17:04,Wednesday,QUEEN'S PARK STATION,SUAP,None,None,None,YU,None
974,2025-01-15,17:11,Wednesday,KEELE STATION,MUSC,None,None,W,BD,5009
975,2025-01-15,17:25,Wednesday,FINCH STATION,EUBK,None,None,S,YU,5391
976,2025-01-15,17:55,Wednesday,KENNEDY BD STATION,TUNIP,6,9,W,BD,5213
977,2025-01-15,18:01,Wednesday,DUNDAS STATION,MUIRS,None,None,N,YU,None
978,2025-01-15,18:09,Wednesday,ISLINGTON STATION,SUO,None,None,W,BD,5121
979,2025-01-15,18:19,Wednesday,YORK UNIVERSITY STATIO,PUMEL,None,None,S,YU,5916
980,2025-01-15,18:52,Wednesday,YORKDALE STATION,SUDP,5,7,N,YU,5716
981,2025-01-15,18:55,Wednesday,LAWRENCE WEST STATION,MUPAA,3,5,S,YU,5791
982,2025-01-15,19:16,Wednesday,EGLINTON STATION,SUAP,3,5,N,YU,5966
983,2025-01-15,19:44,Wednesday,ST CLAIR STATION,SUDP,5,7,N,YU,5956
984,2025-01-15,20:06,Wednesday,BLOOR STATION,SUAP,None,None,None,YU,None
985,2025-01-15,21:34,Wednesday,ST GEORGE BD STATION,SUDP,None,None,None,BD,None
986,2025-01-15,22:00,Wednesday,YONGE-UNIVERSITY AND B,MUO,None,None,None,YU/BD,None
987,2025-01-15,22:01,Wednesday,QUEEN'S PARK STATION,SUDP,None,None,None,YU,None
988,2025-01-15,22:15,Wednesday,FINCH STATION,SUDP,6,12,N,YU,6031
989,2025-01-15,23:00,Wednesday,FINCH TO ST CLAIR,MUO,None,None,None,YU,None
990,2025-01-15,23:31,Wednesday,COXWELL STATION,MUI,3,8,W,BD,5281
991,2025-01-15,23:35,Wednesday,SPADINA BD STATION,SUO,None,None,None,BD,None
992,2025-01-15,23:38,Wednesday,KENNEDY BD STATION,MUIS,None,None,None,BD,None
993,2025-01-15,0:11,Wednesday,DUFFERIN STATION,SUO,None,None,None,BD,None
994,2025-01-15,1:05,Wednesday,ST CLAIR STATION,MUIR,None,None,S,YU,6031
995,2025-01-15,1:26,Wednesday,ST CLAIR STATION,SUDP,5,11,S,YU,5733
996,2025-01-15,11:24,Wednesday,SHEPPARD-YONGE STATION,TUSC,None,None,W,SHP,6181
997,2025-01-16,2:40,Thursday,FINCH STATION,SUDP,None,None,None,YU,None
998,2025-01-16,2:46,Thursday,KENNEDY BD STATION,MUIS,None,None,None,BD,None
999,2025-01-16,4:00,Thursday,COLLEGE STATION,MUNCA,None,None,None,YU,None
1000,2025-01-16,5:53,Thursday,EGLINTON STATION,MUO,4,9,N,YU,5456
1001,2025-01-16,5:59,Thursday,KING STATION,PUTR,8,None,S,YU,5866
1002,2025-01-16,6:40,Thursday,OSSINGTON STATION,TUSC,None,None,W,BD,5061
1003,2025-01-16,7:00,Thursday,ST ANDREW STATION,SUDP,None,None,None,YU,None
1004,2025-01-16,8:14,Thursday,SHERBOURNE STATION,PUMEL,None,None,W,BD,None
1005,2025-01-16,8:20,Thursday,DONLANDS STATION,SUDP,13,16,E,BD,5124
1006,2025-01-16,8:42,Thursday,WOODBINE STATION,SUAP,None,None,W,BD,5126
1007,2025-01-16,8:51,Thursday,LAWRENCE STATION,MUO,None,None,None,YU,None
1008,2025-01-16,9:00,Thursday,ISLINGTON STATION,MUNCA,None,None,None,BD,None
1009,2025-01-16,9:18,Thursday,UNION STATION,MUIS,None,None,None,YU,None
1010,2025-01-16,9:30,Thursday,VICTORIA PARK STATION,MUSC,None,None,E,BD,5255
1011,2025-01-16,9:35,Thursday,VICTORIA PARK STATION,MUIRS,None,None,None,BD,None
1012,2025-01-16,9:51,Thursday,SHEPPARD STATION,SUDP,4,6,N,YU,5596
1013,2025-01-16,10:10,Thursday,SPADINA YUS STATION,SUO,None,None,N,YU,5536
1014,2025-01-16,10:16,Thursday,DUNDAS STATION,MUIS,None,None,None,YU,None
1015,2025-01-16,10:18,Thursday,FINCH STATION,SUAE,10,13,N,YU,5516
1016,2025-01-16,10:31,Thursday,BLOOR STATION,MUI,3,8,S,YU,6011
1017,2025-01-16,10:49,Thursday,WELLESLEY STATION,SUDP,None,None,N,YU,5826
1018,2025-01-16,10:50,Thursday,PIONEER VILLAGE STATIO,PUOPO,None,None,N,YU,5871
1019,2025-01-16,11:25,Thursday,SHERBOURNE STATION,MUIS,None,None,E,BD,5049
1020,2025-01-16,11:31,Thursday,QUEEN'S PARK STATION,TUO,None,None,S,YU,5581
1021,2025-01-16,11:36,Thursday,JANE STATION,MUIS,None,None,None,BD,None
1022,2025-01-16,11:56,Thursday,QUEEN STATION,SUUT,29,34,N,YU,5876
1023,2025-01-16,11:59,Thursday,LAWRENCE STATION,MUPAA,None,None,N,YU,5926
1024,2025-01-16,12:08,Thursday,KENNEDY BD STATION,SUO,None,None,None,BD,None
1025,2025-01-16,12:29,Thursday,UNION STATION,TUO,5,10,None,YU,5981
1026,2025-01-16,13:16,Thursday,GREENWOOD STATION,MUIS,None,None,None,BD,None
1027,2025-01-16,13:25,Thursday,SHERBOURNE STATION,PUMEL,None,None,None,BD,None
1028,2025-01-16,14:20,Thursday,VICTORIA PARK STATION,MUSC,None,None,W,BD,5284
1029,2025-01-16,14:33,Thursday,KIPLING STATION,MUTO,4,8,E,BD,5049
1030,2025-01-16,14:49,Thursday,FINCH STATION,SUDP,None,None,S,YU,5981
1031,2025-01-16,15:37,Thursday,COLLEGE STATION,PUMST,None,None,None,YU,None
1032,2025-01-16,15:51,Thursday,SHEPPARD STATION,MUD,4,8,N,YU,6016
1033,2025-01-16,16:05,Thursday,GLENCAIRN STATION,SUUT,None,None,S,YU,5731
1034,2025-01-16,16:12,Thursday,ST ANDREW STATION,SUDP,None,None,None,YU,None
1035,2025-01-16,16:14,Thursday,EGLINTON WEST STATION,EUBK,3,7,S,YU,5946
1036,2025-01-16,16:25,Thursday,BROADVIEW STATION,PUMO,None,None,None,BD,None
1037,2025-01-16,16:38,Thursday,CHRISTIE STATION,TUSC,None,None,E,BD,5095
1038,2025-01-16,17:14,Thursday,KENNEDY BD STATION,EUAC,3,6,W,BD,5047
1039,2025-01-16,17:19,Thursday,KENNEDY BD STATION,SUDP,None,None,None,BD,None
1040,2025-01-16,17:25,Thursday,ST GEORGE YUS STATION,SUDP,5,9,N,YU,5446
1041,2025-01-16,17:30,Thursday,DONLANDS STATION,TUO,None,None,W,BD,5029
1042,2025-01-16,17:55,Thursday,DUNDAS STATION,SUDP,3,8,N,YU,6076
1043,2025-01-16,18:16,Thursday,DUNDAS WEST STATION,SUAE,None,None,E,BD,5102
1044,2025-01-16,19:01,Thursday,DONLANDS STATION,TUO,4,7,W,BD,5029
1045,2025-01-16,19:22,Thursday,EGLINTON STATION,SUDP,3,6,S,YU,5381
1046,2025-01-16,19:36,Thursday,WILSON STATION,MUTD,5,7,S,YU,5901
1047,2025-01-16,19:41,Thursday,UNION STATION,MUIS,None,None,None,YU,None
1048,2025-01-16,20:07,Thursday,KIPLING STATION,MUIE,4,8,W,BD,5092
1049,2025-01-16,20:38,Thursday,KEELE STATION,MUIS,None,None,W,BD,None
1050,2025-01-16,21:29,Thursday,CHESTER STATION,TUMVS,6,11,E,BD,5347
1051,2025-01-16,21:38,Thursday,QUEEN STATION,SUDP,5,9,S,YU,5721
1052,2025-01-16,21:42,Thursday,WELLESLEY STATION,SUO,None,None,None,YU,None
1053,2025-01-16,21:45,Thursday,ROYAL YORK STATION,MUDD,5,10,E,BD,5001
1054,2025-01-16,22:00,Thursday,YONGE-UNIVERSITY AND B,MUO,None,None,None,YU/BD,None
1055,2025-01-16,22:09,Thursday,RUNNYMEDE STATION,MUIR,3,8,W,BD,5054
1056,2025-01-16,22:46,Thursday,QUEEN'S PARK STATION,MUPAA,3,9,S,YU,5901
1057,2025-01-16,22:57,Thursday,BLOOR STATION,SUDP,None,None,N,YU,5796
1058,2025-01-16,23:00,Thursday,FINCH TO ST. CLAIR,MUO,None,None,None,YU,None
1059,2025-01-16,23:10,Thursday,ST CLAIR STATION,TUO,None,None,N,YU,5901
1060,2025-01-16,23:12,Thursday,MAIN STREET STATION,SUO,None,None,None,BD,None
1061,2025-01-16,23:36,Thursday,KENNEDY BD STATION,MUIS,None,None,None,BD,None
1062,2025-01-16,0:37,Thursday,DAVISVILLE STATION,SUDP,None,None,None,YU,None
1063,2025-01-16,0:43,Thursday,WELLESLEY STATION,SUDP,None,None,None,YU,None
1064,2025-01-16,0:55,Thursday,ST CLAIR STATION,MUIS,None,None,None,None,5401
1065,2025-01-16,1:38,Thursday,ST CLAIR STATION,MUI,None,None,N,YU,5986
1066,2025-01-16,1:40,Thursday,ST CLAIR STATION,MUPAA,6,13,S,YU,6056
1067,2025-01-16,1:54,Thursday,DUNDAS STATION,MUIS,None,None,None,YU,None
1068,2025-01-16,1:57,Thursday,DUNDAS WEST STATION,TUMVS,None,None,W,BD,5214
1069,2025-01-16,23:41,Thursday,SHEPPARD-YONGE STATION,MUIS,None,None,None,SHP,None
1070,2025-01-17,2:10,Friday,YORKDALE STATION,MUIE,None,None,None,YU,None
1071,2025-01-17,2:17,Friday,VAUGHAN MC STATION,SUDP,None,None,None,YU,None
1072,2025-01-17,3:22,Friday,QUEEN STATION,MUNCA,None,None,None,YU,None
1073,2025-01-17,3:59,Friday,DAVISVILLE STATION,TUNCA,None,None,None,YU,None
1074,2025-01-17,5:30,Friday,GLENCAIRN STATION,MUNCA,None,None,None,YU,None
1075,2025-01-17,5:42,Friday,GREENWOOD STATION,PUSCR,7,None,E,BD,5011
1076,2025-01-17,5:45,Friday,KENNEDY BD STATION,PUSCR,5,10,None,BD,5092
1077,2025-01-17,5:59,Friday,KING STATION,PUTR,7,None,S,YU,5906
1078,2025-01-17,6:45,Friday,WELLESLEY STATION,TUO,3,5,N,YU,5441
1079,2025-01-17,8:26,Friday,ST GEORGE BD STATION,MUI,54,57,E,BD,5163
1080,2025-01-17,9:02,Friday,SHERBOURNE STATION,PUMEL,None,None,None,BD,None
1081,2025-01-17,9:10,Friday,OSSINGTON STATION,MUPAA,None,None,E,BD,5026
1082,2025-01-17,9:16,Friday,KIPLING STATION,MUD,3,6,W,BD,5001
1083,2025-01-17,9:28,Friday,ST ANDREW STATION,PUMST,None,None,None,YU,None
1084,2025-01-17,10:04,Friday,GREENWOOD STATION,PUSO,21,25,E,BD,5336
1085,2025-01-17,10:19,Friday,DONLANDS STATION,PUSO,None,None,E,BD,5336
1086,2025-01-17,10:54,Friday,SPADINA YUS STATION,MUIS,None,None,None,YU,None
1087,2025-01-17,11:08,Friday,EGLINTON STATION,TUO,5,10,N,YU,5771
1088,2025-01-17,11:18,Friday,GREENWOOD STATION,EUAC,3,6,W,BD,5252
1089,2025-01-17,11:22,Friday,EGLINTON STATION,SUDP,None,None,None,YU,None
1090,2025-01-17,11:29,Friday,KIPLING STATION,PUMST,None,None,None,BD,None
1091,2025-01-17,12:04,Friday,RUNNYMEDE STATION,MUIR,None,None,E,BD,5177
1092,2025-01-17,13:24,Friday,BAY STATION,SUO,None,None,E,BD,None
1093,2025-01-17,13:40,Friday,ST PATRICK STATION,MUNCA,None,None,None,YU,None
1094,2025-01-17,13:53,Friday,FINCH STATION TO ST GE,TUS,5,9,N,YU,5951
1095,2025-01-17,13:59,Friday,SHEPPARD WEST STATION,MUPAA,None,None,S,YU,5381
1096,2025-01-17,14:00,Friday,ST GEORGE YUS STATION,PUTR,5,9,N,YU,5936
1097,2025-01-17,14:06,Friday,BATHURST STATION,SUDP,None,None,None,BD,None
1098,2025-01-17,14:16,Friday,ST GEORGE YUS STATION,PUTR,None,None,N,YU,5511
1099,2025-01-17,14:19,Friday,SHERBOURNE STATION,TUO,4,8,E,BD,5026
1100,2025-01-17,14:32,Friday,NORTH YORK CTR STATION,TUATC,None,None,N,YU,5796
1101,2025-01-17,14:34,Friday,SHERBOURNE STATION,MUDD,None,None,E,BD,5305
1102,2025-01-17,15:19,Friday,WELLESLEY STATION,SUDP,None,None,None,YU,None
1103,2025-01-17,16:11,Friday,SPADINA YUS STATION,MUIS,None,None,S,YU,None
1104,2025-01-17,16:32,Friday,EGLINTON WEST STATION,MUI,15,19,N,YU,6041
1105,2025-01-17,16:45,Friday,ST GEORGE BD STATION,MUIRS,None,None,None,BD,None
1106,2025-01-17,17:04,Friday,VAUGHAN MC STATION,SUDP,3,6,S,YU,5986
1107,2025-01-17,17:43,Friday,UNION STATION,SUG,None,None,None,YU,None
1108,2025-01-17,17:58,Friday,BROADVIEW STATION,MUIS,None,None,None,BD,None
1109,2025-01-17,18:33,Friday,SHEPPARD STATION,PUOPO,3,6,N,YU,5986
1110,2025-01-17,18:35,Friday,COLLEGE STATION,MUO,None,None,None,YU,None
1111,2025-01-17,18:43,Friday,KENNEDY BD STATION,MUIS,None,None,None,BD,None
1112,2025-01-17,18:45,Friday,NORTH YORK CTR STATION,SUDP,40,43,S,YU,5984
1113,2025-01-17,19:30,Friday,YONGE BD STATION,MUPAA,4,9,W,BD,5164
1114,2025-01-17,19:52,Friday,NORTH YORK CTR STATION,SUDP,None,None,N,YU,5441
1115,2025-01-17,19:54,Friday,YORK UNIVERSITY STATIO,PUMEL,None,None,None,YU,None
1116,2025-01-17,20:06,Friday,SHEPPARD WEST STATION,MUI,6,10,N,YU,5446
1117,2025-01-17,20:49,Friday,KIPLING STATION,MUO,5,10,W,BD,5336
1118,2025-01-17,21:04,Friday,VICTORIA PARK STATION,PUMST,None,None,None,BD,None
1119,2025-01-17,21:46,Friday,VICTORIA PARK STATION,MUIS,None,None,None,BD,None
1120,2025-01-17,21:59,Friday,OSSINGTON STATION,SUDP,None,None,None,BD,None
1121,2025-01-17,22:00,Friday,YONGE-UNIVERSITY AND B,MUO,None,None,None,YU/BD,None
1122,2025-01-17,22:15,Friday,DOWNSVIEW PARK STATION,MUIS,None,None,None,YU,None
1123,2025-01-17,22:31,Friday,COXWELL STATION,TUNIP,5,10,W,BD,5306
1124,2025-01-17,22:41,Friday,DUNDAS STATION,SUDP,None,None,None,YU,None
1125,2025-01-17,22:49,Friday,CHRISTIE STATION,TUS,5,10,E,BD,5089
1126,2025-01-17,22:52,Friday,SPADINA BD STATION,MUI,34,39,E,BD,5029
1127,2025-01-17,23:03,Friday,FINCH TO ST. CLAIR,MUO,None,None,None,YU,None
1128,2025-01-17,23:20,Friday,ST ANDREW STATION,SUAE,None,None,N,YU,None
1129,2025-01-17,23:25,Friday,SHEPPARD WEST STATION,PUOPO,None,None,S,YU,5956
1130,2025-01-17,23:32,Friday,FINCH STATION,MUIS,None,None,None,YU,None
1131,2025-01-17,0:08,Friday,SHERBOURNE STATION,SUDP,None,None,None,BD,None
1132,2025-01-17,0:25,Friday,ST ANDREW STATION,MUNCA,None,None,None,YU,None
1133,2025-01-17,1:07,Friday,PIONEER VILLAGE STATIO,MUIS,None,None,None,YU,None
1134,2025-01-17,1:31,Friday,YONGE BD STATION,MUIS,None,None,None,BD,None
1135,2025-01-17,1:37,Friday,KIPLING STATION,SUO,None,None,W,BD,None
1136,2025-01-17,11:50,Friday,DON MILLS STATION,SUDP,None,None,None,SHP,None
1137,2025-01-18,2:09,Saturday,SPADINA YUS STATION,SUDP,None,None,S,YU,None
1138,2025-01-18,5:42,Saturday,YONGE UNIVERSITY LINE,MUO,None,None,None,YU,None
1139,2025-01-18,5:47,Saturday,KEELE STATION,PUTWZ,3,None,W,BD,5237
1140,2025-01-18,6:44,Saturday,KENNEDY BD STATION,MUSC,None,None,W,BD,5091
1141,2025-01-18,9:04,Saturday,WARDEN STATION,MUSC,None,None,W,BD,5032
1142,2025-01-18,10:24,Saturday,KIPLING STATION,EUSC,None,None,E,BD,5030
1143,2025-01-18,10:32,Saturday,COXWELL STATION,PUMEL,None,None,None,BD,None
1144,2025-01-18,10:37,Saturday,BLOOR STATION,SUO,None,None,N,YU,5906
1145,2025-01-18,10:41,Saturday,YONGE BD STATION,SUO,None,None,W,BD,5237
1146,2025-01-18,11:00,Saturday,GREENWOOD CARHOUSE,SUG,None,None,None,BD,5252
1147,2025-01-18,11:04,Saturday,GREENWOOD STATION,MUSC,5,9,E,BD,5317
1148,2025-01-18,11:47,Saturday,UNION STATION,MUSAN,6,11,None,YU,5841
1149,2025-01-18,12:00,Saturday,GLENCAIRN STATION,MUNCA,None,None,None,YU,None
1150,2025-01-18,12:07,Saturday,WOODBINE STATION,TUSC,None,None,W,BD,5330
1151,2025-01-18,12:11,Saturday,QUEEN STATION,PUMST,None,None,None,YU,None
1152,2025-01-18,12:13,Saturday,DONLANDS STATION,TUSC,None,None,E,BD,5336
1153,2025-01-18,12:14,Saturday,VAUGHAN MC STATION,MUSAN,3,8,N,YU,6063
1154,2025-01-18,13:41,Saturday,KENNEDY BD STATION,TUMVS,5,9,E,BD,2134
1155,2025-01-18,13:53,Saturday,KENNEDY BD STATION,MUSC,None,None,W,BD,5330
1156,2025-01-18,14:01,Saturday,LAWRENCE STATION,SUAE,None,None,None,YU,None
1157,2025-01-18,14:02,Saturday,OSGOODE STATION,MUPAA,4,9,S,YU,5916
1158,2025-01-18,14:09,Saturday,COXWELL STATION,SUO,None,None,None,BD,None
1159,2025-01-18,14:30,Saturday,BROADVIEW STATION,SUDP,None,None,None,BD,None
1160,2025-01-18,14:31,Saturday,BROADVIEW STATION,TUCC,11,15,W,BD,5139
1161,2025-01-18,14:43,Saturday,SCARBOROUGH CTR STATIO,PUMEL,None,None,None,None,None
1162,2025-01-18,15:17,Saturday,YORK MILLS STATION,SUG,None,None,None,YU,None
1163,2025-01-18,15:26,Saturday,KING STATION,SUO,None,None,None,YU,None
1164,2025-01-18,16:44,Saturday,ST CLAIR STATION,MUIS,None,None,None,YU,None
1165,2025-01-18,17:17,Saturday,FINCH WEST STATION,PUMO,None,None,None,YU,None
1166,2025-01-18,17:50,Saturday,KEELE STATION,MUSC,None,None,W,BD,5289
1167,2025-01-18,17:54,Saturday,BAY STATION,SUAP,None,None,W,BD,None
1168,2025-01-18,18:02,Saturday,KING STATION,MUSAN,5,10,N,YU,5576
1169,2025-01-18,18:08,Saturday,BAY STATION,SUUT,3,7,E,BD,5009
1170,2025-01-18,19:01,Saturday,QUEEN STATION,SUDP,None,None,S,YU,None
1171,2025-01-18,19:06,Saturday,COXWELL STATION,SUO,None,None,None,BD,None
1172,2025-01-18,19:19,Saturday,WARDEN STATION,TUMVS,4,9,W,BD,5091
1173,2025-01-18,19:21,Saturday,KENNEDY BD STATION,MUSC,None,None,W,BD,5330
1174,2025-01-18,19:59,Saturday,UNION STATION,MUO,None,None,None,YU,None
1175,2025-01-18,21:00,Saturday,BATHURST STATION,MUSC,None,None,E,BD,5170
1176,2025-01-18,21:01,Saturday,DUNDAS WEST STATION,TUMVS,None,None,W,BD,5297
1177,2025-01-18,21:22,Saturday,SUMMERHILL STATION,SUDP,None,None,None,YU,None
1178,2025-01-18,21:35,Saturday,EGLINTON WEST STATION,SUO,None,None,S,YU,None
1179,2025-01-18,22:00,Saturday,YONGE-UNIVERSITY AND B,MUO,None,None,None,YU/BD,None
1180,2025-01-18,23:34,Saturday,KENNEDY BD STATION,MUIS,None,None,None,BD,None
1181,2025-01-18,23:42,Saturday,QUEEN'S PARK STATION,MUIRS,None,None,N,YU,None
1182,2025-01-18,23:43,Saturday,OSGOODE STATION,MUDD,17,23,S,YU,6051
1183,2025-01-18,23:44,Saturday,KENNEDY BD STATION,TUSC,None,None,E,BD,5030
1184,2025-01-18,23:51,Saturday,BAY STATION,MUIS,None,None,E,BD,None
1185,2025-01-18,0:12,Saturday,KENNEDY BD STATION,MUIS,None,None,None,BD,None
1186,2025-01-18,0:20,Saturday,OSGOODE STATION,MUIS,None,None,S,YU,None
1187,2025-01-18,0:57,Saturday,KIPLING STATION,SUDP,None,None,None,BD,None
1188,2025-01-18,1:39,Saturday,SHEPPARD WEST STATION,MUI,None,None,S,YU,5926
1189,2025-01-19,2:45,Sunday,VAUGHAN MC STATION,SUDP,None,None,None,YU,None
1190,2025-01-19,8:11,Sunday,GREENWOOD STATION,MUSC,3,8,E,BD,5317
1191,2025-01-19,8:28,Sunday,PAPE STATION,SUDP,None,None,None,BD,None
1192,2025-01-19,8:35,Sunday,DUPONT STATION,PUTR,10,None,N,YU,5456
1193,2025-01-19,8:57,Sunday,BLOOR STATION,SUDP,3,9,S,YU,5541
1194,2025-01-19,10:12,Sunday,FINCH STATION,PUOPO,None,None,S,YU,5616
1195,2025-01-19,10:13,Sunday,NORTH YORK CTR STATION,PUOPO,4,8,S,YU,5616
1196,2025-01-19,11:07,Sunday,FINCH STATION,EUO,10,14,S,YU,6041
1197,2025-01-19,13:00,Sunday,GREENWOOD STATION,MUIR,5,9,W,BD,5271
1198,2025-01-19,13:05,Sunday,YONGE UNIVERSITY SPADI,MUGD,None,None,None,YU,None
1199,2025-01-19,13:53,Sunday,FINCH STATION,EUCD,None,None,S,YU,6041
1200,2025-01-19,14:11,Sunday,EGLINTON STATION,EUCD,4,8,S,YU,6041
1201,2025-01-19,14:22,Sunday,SUMMERHILL STATION,TUO,4,8,N,YU,5496
1202,2025-01-19,15:22,Sunday,VICTORIA PARK STATION,MUIS,None,None,None,BD,None
1203,2025-01-19,15:23,Sunday,ROSEDALE STATION,MUIR,5,9,N,YU,5826
1204,2025-01-19,15:50,Sunday,VICTORIA PARK STATION,MUDD,3,7,E,BD,5300
1205,2025-01-19,15:58,Sunday,OSSINGTON STATION,SUO,10,14,W,BD,5297
1206,2025-01-19,15:59,Sunday,BAY STATION,EUDO,9,13,E,BD,5061
1207,2025-01-19,16:32,Sunday,ST GEORGE BD STATION,SUDP,None,None,W,BD,5203
1208,2025-01-19,16:34,Sunday,ST GEORGE YUS STATION,SUO,None,None,N,YU,5821
1209,2025-01-19,17:11,Sunday,QUEEN'S PARK STATION,MUIS,None,None,None,YU,None
1210,2025-01-19,17:24,Sunday,DUNDAS STATION,SUAP,None,None,S,YU,5861
1211,2025-01-19,18:18,Sunday,LAWRENCE STATION,TUS,5,9,N,YU,5826
1212,2025-01-19,18:24,Sunday,UNION STATION,PUMO,None,None,None,YU,None
1213,2025-01-19,19:05,Sunday,QUEEN STATION,SUO,None,None,S,YU,5821
1214,2025-01-19,19:13,Sunday,WILSON STATION,SUO,5,10,N,YU,5466
1215,2025-01-19,19:52,Sunday,JANE STATION,MUIS,None,None,None,BD,None
1216,2025-01-19,20:05,Sunday,MAIN STREET STATION,SUDP,3,8,E,BD,5182
1217,2025-01-19,20:32,Sunday,HIGH PARK STATION,MUIR,None,None,E,BD,5026
1218,2025-01-19,22:00,Sunday,YONGE/UNIVERSITY AND B,MUO,None,None,None,YU/BD,None
1219,2025-01-19,22:03,Sunday,SHEPPARD WEST STATION,SUDP,4,10,S,YU,5496
1220,2025-01-19,22:11,Sunday,SHEPPARD WEST STATION,SUDP,6,12,N,YU,5996
1221,2025-01-19,22:17,Sunday,WELLESLEY STATION,SUDP,None,None,None,YU,None
1222,2025-01-19,22:57,Sunday,EGLINTON WEST STATION,MUIS,None,None,None,YU,None
1223,2025-01-19,0:13,Sunday,HIGHWAY 407 STATION,MUIRS,None,None,None,YU,None
1224,2025-01-19,0:18,Sunday,KENNEDY BD STATION,MUIS,None,None,None,BD,None
1225,2025-01-19,0:34,Sunday,QUEEN'S PARK STATION,SUDP,None,None,None,YU,None
1226,2025-01-19,0:48,Sunday,UNION STATION TOWARD K,SUUT,10,16,S,YU,5956
1227,2025-01-19,0:50,Sunday,FINCH STATION,SUDP,None,None,None,YU,None
1228,2025-01-19,1:33,Sunday,GREENWOOD STATION,SUO,None,None,None,BD,None
1229,2025-01-19,1:40,Sunday,DAVISVILLE STATION,PUTO,5,None,S,YU,6081
1230,2025-01-19,1:53,Sunday,DUFFERIN STATION,SUO,3,9,W,BD,5278
1231,2025-01-19,2:35,Sunday,SHEPPARD-YONGE STATION,MUI,None,None,W,SHP,6162
1232,2025-01-20,2:22,Monday,ST ANDREW STATION,MUO,None,None,None,YU,None
1233,2025-01-20,2:56,Monday,VAUGHAN MC STATION,MUIS,None,None,None,YU,None
1234,2025-01-20,5:25,Monday,BROADVIEW STATION,MUNCA,None,None,None,BD,None
1235,2025-01-20,5:59,Monday,KING STATION,PUTR,3,None,S,YU,5886
1236,2025-01-20,6:06,Monday,BROADVIEW STATION,SUDP,None,None,W,BD,5208
1237,2025-01-20,6:33,Monday,BLOOR STATION,SUDP,3,7,S,YU,5951
1238,2025-01-20,6:38,Monday,YORKDALE STATION,EUO,7,9,S,YU,5621
1239,2025-01-20,6:44,Monday,VAUGHAN MC STATION,SUDP,None,None,None,YU,None
1240,2025-01-20,6:59,Monday,WELLESLEY STATION,MUO,None,None,N,YU,5131
1241,2025-01-20,7:07,Monday,BLOOR STATION,SUDP,7,9,N,YU,6001
1242,2025-01-20,7:19,Monday,WOODBINE STATION,MUWEA,6,8,E,BD,5062
1243,2025-01-20,7:27,Monday,YORKDALE STATION,MUATC,None,None,N,YU,5541
1244,2025-01-20,8:20,Monday,UNION STATION,PUMEL,None,None,None,YU,None
1245,2025-01-20,8:27,Monday,KING STATION,MUIS,None,None,N,YU,None
1246,2025-01-20,8:46,Monday,KIPLING STATION,MUPAA,5,8,E,BD,5237
1247,2025-01-20,9:23,Monday,ST GEORGE BD STATION,MUIRS,None,None,None,BD,None
1248,2025-01-20,9:41,Monday,DUNDAS WEST STATION,MUWR,None,None,None,BD,None
1249,2025-01-20,10:04,Monday,OSSINGTON STATION,MUPAA,None,None,W,BD,5289
1250,2025-01-20,10:45,Monday,FINCH STATION,SUAE,None,None,None,YU,None
1251,2025-01-20,10:55,Monday,WELLESLEY STATION,SUO,None,None,S,YU,None
1252,2025-01-20,11:09,Monday,ST GEORGE YUS STATION,SUSA,None,None,None,YU,None
1253,2025-01-20,11:23,Monday,KIPLING STATION,TUSC,None,None,E,BD,5335
1254,2025-01-20,11:25,Monday,ISLINGTON STATION,TUSC,None,None,W,BD,5139
1255,2025-01-20,12:00,Monday,DUNDAS WEST STATION,PUMEL,None,None,None,BD,None
1256,2025-01-20,12:15,Monday,LAWRENCE WEST STATION,MUATC,3,8,N,YU,5551
1257,2025-01-20,12:23,Monday,GREENWOOD YARD,MUIE,None,None,None,BD,None
1258,2025-01-20,12:53,Monday,KING STATION,MUIS,None,None,None,YU,None
1259,2025-01-20,12:54,Monday,VAUGHAN MC STATION,MUPAA,None,None,S,YU,5496
1260,2025-01-20,14:13,Monday,WOODBINE STATION,TUO,None,None,W,BD,5144
1261,2025-01-20,14:18,Monday,BROADVIEW STATION,MUO,4,8,E,BD,5178
1262,2025-01-20,14:20,Monday,ST CLAIR WEST STATION,SUDP,7,11,N,YU,5701
1263,2025-01-20,14:37,Monday,SHEPPARD WEST TO WILSO,PUSAC,21,24,N,YU,5701
1264,2025-01-20,14:51,Monday,GLENCAIRN STATION,MUPAA,4,8,N,YU,5421
1265,2025-01-20,14:53,Monday,WOODBINE STATION,SUDP,6,13,E,BD,5084
1266,2025-01-20,14:55,Monday,ISLINGTON STATION,SUAP,None,None,None,BD,None
1267,2025-01-20,15:00,Monday,BLOOR STATION,SUO,7,11,N,YU,5576
1268,2025-01-20,15:10,Monday,DUNDAS STATION,SUDP,None,None,N,YU,5861
1269,2025-01-20,15:20,Monday,YORK UNIVERSITY STATIO,SUO,None,None,None,YU,None
1270,2025-01-20,15:22,Monday,YONGE BD STATION,PUTIJ,85,88,E,BD,5203
1271,2025-01-20,15:27,Monday,SPADINA BD STATION,SUUT,None,None,E,BD,5271
1272,2025-01-20,15:37,Monday,KEELE STATION,TUNIP,3,6,W,BD,5038
1273,2025-01-20,15:41,Monday,YONGE BD STATION,MUIS,None,None,W,BD,None
1274,2025-01-20,15:55,Monday,RUNNYMEDE STATION,SUAE,None,None,None,BD,None
1275,2025-01-20,15:57,Monday,KEELE STATION,MUO,3,6,W,BD,5172
1276,2025-01-20,16:19,Monday,YONGE BD STATION,SUDP,None,None,None,BD,None
1277,2025-01-20,16:30,Monday,ST ANDREW STATION,PUOPO,4,8,N,YU,5511
1278,2025-01-20,17:01,Monday,COXWELL STATION,MUNCA,None,None,None,BD,None
1279,2025-01-20,17:50,Monday,CHRISTIE STATION,TUO,None,None,W,BD,5203
1280,2025-01-20,17:59,Monday,ST ANDREW STATION,SUDP,None,None,None,YU,None
1281,2025-01-20,18:07,Monday,BROADVIEW STATION,TUO,None,None,W,BD,5301
1282,2025-01-20,18:17,Monday,FINCH WEST STATION,PUOPO,4,7,N,YU,5686
1283,2025-01-20,18:23,Monday,DONLANDS STATION,SUAP,None,None,E,BD,5242
1284,2025-01-20,18:36,Monday,EGLINTON WEST STATION,SUDP,9,12,N,YU,5526
1285,2025-01-20,18:46,Monday,FINCH STATION,MUI,4,8,S,YU,5421
1286,2025-01-20,18:51,Monday,QUEEN'S PARK STATION,MUPAA,3,6,N,YU,5906
1287,2025-01-20,18:59,Monday,DUNDAS STATION,SUDP,None,None,S,YU,None
1288,2025-01-20,19:26,Monday,YONGE BD STATION,MUIS,None,None,W,BD,None
1289,2025-01-20,19:35,Monday,SHEPPARD STATION,MUIR,None,None,N,YU,6031
1290,2025-01-20,19:39,Monday,FINCH STATION,SUDP,36,39,S,YU,5981
1291,2025-01-20,19:47,Monday,YONGE BD STATION,SUDP,9,13,E,BD,5348
1292,2025-01-20,20:03,Monday,BLOOR STATION,MUIS,None,None,N,YU,None
1293,2025-01-20,20:15,Monday,SHEPPARD STATION,PUOPO,None,None,S,YU,5551
1294,2025-01-20,20:53,Monday,DAVISVILLE STATION,SUDP,15,19,N,YU,5611
1295,2025-01-20,21:28,Monday,EGLINTON WEST STATION,SUDP,13,17,S,YU,5896
1296,2025-01-20,21:33,Monday,MAIN STREET STATION,MUIRS,None,None,E,BD,None
1297,2025-01-20,21:42,Monday,FINCH STATION,SUDP,None,None,None,YU,None
1298,2025-01-20,21:46,Monday,VICTORIA PARK STATION,EUSC,None,None,E,BD,5178
1299,2025-01-20,22:00,Monday,YONGE-UNIVERSITY AND B,MUO,None,None,None,YU/ BD,None
1300,2025-01-20,22:00,Monday,ST GEORGE BD STATION,SUSA,None,None,None,BD,None
1301,2025-01-20,22:09,Monday,WARDEN STATION,PUSIS,None,None,W,BD,5139
1302,2025-01-20,22:26,Monday,ISLINGTON STATION,TUSC,None,None,E,BD,5215
1303,2025-01-20,23:00,Monday,ST GEORGE YUS STATION,MUO,None,None,None,YU,None
1304,2025-01-20,23:33,Monday,LINE 2,MUO,None,None,None,BD,None
1305,2025-01-20,23:40,Monday,COXWELL STATION,PUMEL,None,None,None,BD,None
1306,2025-01-20,23:57,Monday,ST GEORGE YUS STATION,MUPAA,4,11,S,YU,5551
1307,2025-01-20,0:27,Monday,COLLEGE STATION,SUDP,7,13,N,YU,5446
1308,2025-01-20,0:34,Monday,WARDEN STATION,SUDP,4,9,E,BD,5305
1309,2025-01-20,0:38,Monday,BLOOR STATION,SUDP,None,None,N,YU,5446
1310,2025-01-20,1:24,Monday,DUNDAS STATION,MUIRS,None,None,None,YU,None
1311,2025-01-20,1:25,Monday,ROSEDALE STATION,EUVE,17,23,S,YU,5441
1312,2025-01-20,1:36,Monday,FINCH STATION,MUIS,None,None,None,YU,None
1313,2025-01-20,1:57,Monday,KIPLING STATION,MUIS,None,None,W,BD,5208
1314,2025-01-20,1:59,Monday,WARDEN STATION,MUIS,None,None,W,BD,None
1315,2025-01-20,9:01,Monday,SHEPPARD-YONGE STATION,PUMEL,None,None,None,SHP,None
1316,2025-01-20,15:52,Monday,SHEPPARD-YONGE STATION,MUSAN,7,14,E,SHP,6171
1317,2025-01-20,22:35,Monday,SHEPPARD-YONGE STATION,SUUT,7,14,W,SHP,6146
1318,2025-01-21,2:29,Tuesday,VAUGHAN MC STATION,MUI,None,None,N,BD,5691
1319,2025-01-21,2:29,Tuesday,VAUGHAN MC STATION,MUI,None,None,N,YU,5691
1320,2025-01-21,4:31,Tuesday,KEELE STATION,MUIS,None,None,None,BD,None
1321,2025-01-21,4:46,Tuesday,DAVISVILLE STATION,PUSAC,None,None,N,YU,None
1322,2025-01-21,5:36,Tuesday,YORK MILLS STATION,PUSAC,7,None,N,YU,5921
1323,2025-01-21,5:48,Tuesday,GREENWOOD STATION,MUO,8,14,E,BD,5134
1324,2025-01-21,6:00,Tuesday,KING STATION,PUTR,6,None,S,YU,5456
1325,2025-01-21,7:17,Tuesday,KENNEDY BD STATION,EUNT,6,8,W,BD,5224
1326,2025-01-21,7:24,Tuesday,BLOOR STATION,PUOPO,None,None,N,YU,5481
1327,2025-01-21,7:33,Tuesday,WILSON STATION,EULV,12,15,S,YU,6006
1328,2025-01-21,7:42,Tuesday,PAPE STATION,EUDO,None,None,W,BD,5239
1329,2025-01-21,7:52,Tuesday,LAWRENCE STATION,MUPAA,4,6,S,YU,5635
1330,2025-01-21,8:08,Tuesday,KING STATION,PUMO,None,None,None,YU,None
1331,2025-01-21,8:19,Tuesday,DAVISVILLE STATION,PUMST,None,None,None,YU,None
1332,2025-01-21,8:39,Tuesday,ROSEDALE STATION,MUI,10,13,S,YU,5546
1333,2025-01-21,8:50,Tuesday,LAWRENCE STATION,MUIR,13,16,S,YU,5531
1334,2025-01-21,8:59,Tuesday,JANE STATION,PUMST,None,None,None,BD,None
1335,2025-01-21,9:03,Tuesday,WILSON STATION,PUMO,None,None,None,YU,None
1336,2025-01-21,9:22,Tuesday,EGLINTON STATION,TUSUP,10,13,N,YU,5416
1337,2025-01-21,9:24,Tuesday,BLOOR STATION,SUDP,None,None,N,YU,5651
1338,2025-01-21,9:34,Tuesday,WARDEN STATION,SUDP,None,None,None,BD,None
1339,2025-01-21,11:09,Tuesday,UNION STATION,SUDP,None,None,None,YU,None
1340,2025-01-21,11:34,Tuesday,GLENCAIRN STATION,SUDP,4,9,N,YU,5876
1341,2025-01-21,11:55,Tuesday,SHEPPARD STATION,SUDP,4,9,S,YU,5626
1342,2025-01-21,12:27,Tuesday,DONLANDS STATION,PUSCR,5,9,W,BD,5088
1343,2025-01-21,12:39,Tuesday,NORTH YORK CTR STATION,MUIE,None,None,None,YU,None
1344,2025-01-21,13:15,Tuesday,OSGOODE STATION,PUOPO,6,11,N,YU,5676
1345,2025-01-21,13:28,Tuesday,OSGOODE STATION,PUOPO,5,10,N,YU,5726
1346,2025-01-21,14:15,Tuesday,KIPLING STATION,TUSC,None,None,W,BD,5221
1347,2025-01-21,14:19,Tuesday,WOODBINE STATION,MUSC,None,None,E,BD,5306
1348,2025-01-21,14:23,Tuesday,YONGE BD STATION,SUDP,5,9,E,BD,5317
1349,2025-01-21,14:23,Tuesday,YORKDALE STATION,MUD,7,11,S,YU,5556
1350,2025-01-21,15:00,Tuesday,SPADINA BD STATION,MUPAA,None,None,W,BD,5119
1351,2025-01-21,15:09,Tuesday,ROSEDALE STATION,SUDP,5,9,N,YU,5671
1352,2025-01-21,15:42,Tuesday,DAVISVILLE STATION,MUPAA,None,None,N,YU,5996
1353,2025-01-21,15:49,Tuesday,CHESTER STATION,SUDP,None,None,E,BD,5117
1354,2025-01-21,15:56,Tuesday,YORK MILLS STATION,SUDP,6,10,N,YU,5996
1355,2025-01-21,16:11,Tuesday,ST GEORGE BD STATION,SUUT,None,None,E,BD,5096
1356,2025-01-21,16:17,Tuesday,BROADVIEW STATION,MUIS,None,None,None,BD,None
1357,2025-01-21,16:25,Tuesday,DAVISVILLE STATION,SUO,None,None,S,YU,None
1358,2025-01-21,17:15,Tuesday,UNION STATION - ST AND,PUOPO,6,10,N,YU,5486
1359,2025-01-21,17:19,Tuesday,ROSEDALE STATION,MUPAA,4,7,N,YU,6061
1360,2025-01-21,17:28,Tuesday,QUEEN'S PARK STATION,PUOPO,12,16,N,YU,5486
1361,2025-01-21,17:30,Tuesday,OSGOODE STATION,SUAP,None,None,N,YU,None
1362,2025-01-21,17:38,Tuesday,ST GEORGE YUS STATION,PUOPO,None,None,N,YU,5681
1363,2025-01-21,17:43,Tuesday,DUPONT STATION,PUOPO,9,11,N,YU,5686
1364,2025-01-21,17:52,Tuesday,ST CLAIR WEST STATION,PUOPO,3,6,N,YU,5686
1365,2025-01-21,18:03,Tuesday,FINCH STATION,MUIR,3,6,S,YU,5811
1366,2025-01-21,18:13,Tuesday,ST ANDREW STATION,SUO,None,None,S,YU,5581
1367,2025-01-21,18:53,Tuesday,YORK MILLS STATION,MUO,None,None,None,YU,None
1368,2025-01-21,18:59,Tuesday,BLOOR STATION,SUDP,3,6,S,YU,5461
1369,2025-01-21,19:05,Tuesday,COLLEGE STATION,SUO,None,None,S,YU,5821
1370,2025-01-21,19:10,Tuesday,EGLINTON STATION,MUIS,None,None,None,YU,None
1371,2025-01-21,19:45,Tuesday,EGLINTON STATION,SUDP,7,10,N,YU,5971
1372,2025-01-21,19:45,Tuesday,KENNEDY BD STATION,MUSC,None,None,W,BD,5325
1373,2025-01-21,19:48,Tuesday,WILSON YARD,PUTSM,None,None,None,YU,None
1374,2025-01-21,19:50,Tuesday,QUEEN STATION,PUOPO,None,None,S,YU,5501
1375,2025-01-21,19:59,Tuesday,OSGOODE STATION,PUOPO,6,9,N,YU,5501
1376,2025-01-21,20:08,Tuesday,OSGOODE STATION,PUOPO,None,None,N,YU,5876
1377,2025-01-21,20:09,Tuesday,DUPONT STATION,SUDP,11,15,S,YU,5816
1378,2025-01-21,20:22,Tuesday,ST GEORGE YUS STATION,PUOPO,4,7,N,YU,5876
1379,2025-01-21,21:00,Tuesday,VAUGHAN MC STATION,SUO,None,None,N,YU,None
1380,2025-01-21,22:36,Tuesday,ST CLAIR STATION,SUO,None,None,None,YU,5592
1381,2025-01-21,22:46,Tuesday,WELLESLEY STATION,SUO,None,None,S,YU,6011
1382,2025-01-21,22:53,Tuesday,LAWRENCE WEST STATION,MUIS,None,None,None,YU,None
1383,2025-01-21,23:00,Tuesday,ST CLAIR WEST STATION,SUO,None,None,None,YU,None
1384,2025-01-21,23:35,Tuesday,LAWRENCE WEST STATION,MUIS,None,None,None,YU,None
1385,2025-01-21,0:09,Tuesday,ST CLAIR WEST STATION,MUIE,None,None,None,YU,None
1386,2025-01-22,2:00,Wednesday,ST GEORGE YUS STATION,MUIS,None,None,None,YU,None
1387,2025-01-22,2:08,Wednesday,DUNDAS WEST STATION,MUIS,None,None,None,BD,None
1388,2025-01-22,2:08,Wednesday,KIPLING STATION,MUIS,None,None,None,BD,None
1389,2025-01-22,2:10,Wednesday,ST GEORGE BD STATION,MUIS,None,None,E,BD,None
1390,2025-01-22,2:17,Wednesday,KENNEDY BD STATION,MUIS,None,None,None,BD,None
1391,2025-01-22,2:33,Wednesday,WILSON YARD,PUSAC,None,None,None,YU,None
1392,2025-01-22,2:44,Wednesday,KIPLING STATION,MUIS,None,None,None,BD,None
1393,2025-01-22,3:31,Wednesday,UNION STATION,SUDP,None,None,None,YU,None
1394,2025-01-22,4:41,Wednesday,YORKDALE STATION,PUTTP,360,364,S,YU,5996
1395,2025-01-22,4:45,Wednesday,DAVISVILLE CAR HOUSE,SUG,None,None,None,YU,6156
1396,2025-01-22,4:55,Wednesday,ST CLAIR STATION,MUNCA,None,None,None,YU,None
1397,2025-01-22,5:01,Wednesday,FINCH STATION,MUNCA,None,None,None,YU,None
1398,2025-01-22,5:10,Wednesday,LAWRENCE STATION,MUNCA,None,None,None,YU,None
1399,2025-01-22,5:30,Wednesday,GREENWOOD STATION,MUNCA,None,None,None,BD,None
1400,2025-01-22,5:55,Wednesday,HIGHWAY 407 STATION,SUO,None,None,None,YU,None
1401,2025-01-22,7:08,Wednesday,PAPE STATION,EUNT,8,11,W,BD,5174
1402,2025-01-22,7:48,Wednesday,BLOOR STATION,MUPAA,4,6,S,YU,6116
1403,2025-01-22,8:16,Wednesday,ST GEORGE YUS STATION,PUMO,None,None,None,BD,None
1404,2025-01-22,8:29,Wednesday,DUNDAS WEST STATION,MUIS,None,None,None,BD,None
1405,2025-01-22,8:36,Wednesday,WELLESLEY STATION,SUDP,None,None,N,YU,5651
1406,2025-01-22,8:51,Wednesday,WELLESLEY STATION,SUDP,6,8,N,YU,6066
1407,2025-01-22,9:16,Wednesday,FINCH STATION,PUMST,None,None,None,YU,None
1408,2025-01-22,9:16,Wednesday,GREENWOOD STATION,MUD,6,9,W,BD,5239
1409,2025-01-22,9:32,Wednesday,CHESTER STATION,PUSTS,5,8,E,BD,5108
1410,2025-01-22,9:50,Wednesday,BAY STATION,TUOS,6,9,W,BD,5193
1411,2025-01-22,10:03,Wednesday,PAPE STATION,SUDP,3,6,E,BD,5037
1412,2025-01-22,10:08,Wednesday,ST GEORGE BD STATION,MUPAA,None,None,E,BD,5278
1413,2025-01-22,10:14,Wednesday,KIPLING STATION,SUDP,4,8,E,BD,5344
1414,2025-01-22,10:19,Wednesday,ST GEORGE BD STATION,EUSC,None,None,E,BD,5305
1415,2025-01-22,10:45,Wednesday,LAWRENCE STATION,MUWR,None,None,None,YU,None
1416,2025-01-22,10:49,Wednesday,KIPLING STATION,MUTO,4,8,W,BD,5084
1417,2025-01-22,11:05,Wednesday,DONLANDS STATION,MUIRS,None,None,W,BD,None
1418,2025-01-22,11:17,Wednesday,WELLESLEY STATION,MUIRS,None,None,None,YU,None
1419,2025-01-22,11:34,Wednesday,KIPLING STATION,PUSTC,28,32,E,BD,5286
1420,2025-01-22,11:54,Wednesday,DAVISVILLE CARHOUSE,PUMO,None,None,None,YU,None
1421,2025-01-22,12:24,Wednesday,QUEEN STATION,MUIRS,None,None,None,YU,None
1422,2025-01-22,13:15,Wednesday,KIPLING STATION,MUSC,None,None,E,BD,5158
1423,2025-01-22,13:24,Wednesday,EGLINTON STATION,SUDP,None,None,None,YU,None
1424,2025-01-22,13:38,Wednesday,LAWRENCE WEST STATION,PUOPO,9,13,S,YU,6061
1425,2025-01-22,14:31,Wednesday,YORKDALE STATION,MUSAN,4,8,S,YU,5416
1426,2025-01-22,14:32,Wednesday,SUMMERHILL STATION,SUUT,17,22,N,YU,5581
1427,2025-01-22,15:11,Wednesday,DAVISVILLE STATION,PUMST,None,None,S,YU,None
1428,2025-01-22,15:41,Wednesday,ST ANDREW STATION,SUDP,5,9,N,YU,5391
1429,2025-01-22,15:48,Wednesday,SUMMERHILL STATION,SUDP,None,None,S,YU,5911
1430,2025-01-22,16:15,Wednesday,BLOOR STATION,SUDP,4,8,N,YU,None
1431,2025-01-22,16:39,Wednesday,VICTORIA PARK STATION,MUI,13,16,E,BD,5276
1432,2025-01-22,17:35,Wednesday,ST PATRICK STATION,MUNCA,None,None,None,YU,None
1433,2025-01-22,17:43,Wednesday,DAVISVILLE STATION,MUIR,6,8,N,YU,5941
1434,2025-01-22,18:00,Wednesday,UNION TO ST ANDREW,MUDD,15,17,N,YU,6086
1435,2025-01-22,18:18,Wednesday,YONGE BD STATION,SUO,None,None,None,BD,None
1436,2025-01-22,18:38,Wednesday,LANSDOWNE STATION,SUDP,10,13,W,BD,5298
1437,2025-01-22,18:49,Wednesday,KIPLING STATION,PUSI,3,6,E,BD,5364
1438,2025-01-22,18:56,Wednesday,SHEPPARD STATION,SUO,None,None,N,YU,5981
1439,2025-01-22,19:01,Wednesday,UNION STATION- ST ANDR,MUPAA,4,6,None,YU,5546
1440,2025-01-22,19:02,Wednesday,COLLEGE STATION,MUPAA,3,5,S,YU,5911
1441,2025-01-22,19:28,Wednesday,BATHURST STATION,MUIS,None,None,None,BD,None
1442,2025-01-22,19:47,Wednesday,KIPLING STATION,MUIS,None,None,None,BD,None
1443,2025-01-22,19:52,Wednesday,COXWELL STATION,MUIS,None,None,E,BD,None
1444,2025-01-22,20:27,Wednesday,WILSON STATION,MUPAA,3,5,N,YU,5866
1445,2025-01-22,20:50,Wednesday,KIPLING STATION,PUSNT,None,None,W,BD,5298
1446,2025-01-22,20:51,Wednesday,QUEEN STATION,SUO,None,None,None,YU,None
1447,2025-01-22,20:55,Wednesday,COLLEGE STATION,MUO,None,None,None,YU,None
1448,2025-01-22,21:03,Wednesday,BROADVIEW STATION,MUIRS,None,None,None,BD,None
1449,2025-01-22,21:30,Wednesday,YONGE BD STATION,SUROB,None,None,W,BD,None
1450,2025-01-22,21:33,Wednesday,DUFFERIN STATION,MUIS,None,None,None,BD,None
1451,2025-01-22,21:56,Wednesday,UNION STATION,PUMST,None,None,None,YU,None
1452,2025-01-22,22:21,Wednesday,SHEPPARD STATION,MUPAA,None,None,N,YU,5871
1453,2025-01-22,22:38,Wednesday,QUEEN'S PARK STATION,MUPAA,4,8,N,YU,5656
1454,2025-01-22,22:41,Wednesday,WELLESLEY STATION,MUO,7,13,N,YU,5621
1455,2025-01-22,22:41,Wednesday,ST PATRICK STATION,SUAP,None,None,N,YU,5656
1456,2025-01-22,22:47,Wednesday,ST PATRICK STATION,SUEAS,22,28,S,YU,6081
1457,2025-01-22,23:00,Wednesday,ST GEORGE TO LAWRENCE,MUO,None,None,None,YU,None
1458,2025-01-22,23:24,Wednesday,BLOOR STATION,MUTO,4,9,N,YU,5826
1459,2025-01-22,23:38,Wednesday,OSGOODE STATION,MUPAA,5,11,N,YU,6026
1460,2025-01-22,0:36,Wednesday,KIPLING STATION,SUDP,None,None,None,BD,None
1461,2025-01-22,1:12,Wednesday,QUEEN STATION,MUPAA,None,None,N,YU,5846
1462,2025-01-22,1:31,Wednesday,DONLANDS STATION,SUAE,8,13,E,BD,5132
1463,2025-01-22,13:43,Wednesday,LESLIE STATION,TUMVS,9,16,E,SHP,6196
1464,2025-01-22,18:59,Wednesday,SHEPPARD-YONGE STATION,SUO,17,26,W,SHP,6166
1465,2025-01-23,2:23,Thursday,UNION STATION,SUG,None,None,None,YU,None
1466,2025-01-23,5:45,Thursday,WELLESLEY STATION,MUNCA,None,None,None,YU,None
1467,2025-01-23,6:01,Thursday,ST GEORGE YUS STATION,PUTR,7,None,S,YU,5586
1468,2025-01-23,6:09,Thursday,MUSEUM STATION,PUTR,6,None,N,YU,5526
1469,2025-01-23,6:27,Thursday,WOODBINE STATION,TUSC,None,None,E,BD,5236
1470,2025-01-23,7:39,Thursday,OSSINGTON STATION,SUG,None,None,W,BD,5019
1471,2025-01-23,8:17,Thursday,ST CLAIR WEST STATION,TUATC,3,5,N,YU,5741
1472,2025-01-23,8:23,Thursday,WILSON STATION,SUAP,11,13,S,YU,5561
1473,2025-01-23,8:30,Thursday,KENNEDY BD STATION,TUSC,None,None,E,BD,5215
1474,2025-01-23,8:45,Thursday,UNION STATION,MUIR,3,5,S,YU,5576
1475,2025-01-23,9:19,Thursday,BROADVIEW STATION,MUI,9,11,E,BD,5054
1476,2025-01-23,10:06,Thursday,EGLINTON STATION,SUDP,3,8,S,YU,5566
1477,2025-01-23,11:20,Thursday,BLOOR STATION,SUO,None,None,N,YU,5621
1478,2025-01-23,11:21,Thursday,BAY STATION,PUMST,None,None,None,BD,None
1479,2025-01-23,11:31,Thursday,CASTLE FRANK STATION,SUDP,None,None,W,BD,5245
1480,2025-01-23,11:47,Thursday,JANE STATION,MUO,4,8,W,BD,5245
1481,2025-01-23,12:10,Thursday,NORTH YORK CTR STATION,MUPAA,6,11,S,YU,6086
1482,2025-01-23,12:10,Thursday,BLOOR STATION,MUIR,None,None,S,YU,5501
1483,2025-01-23,12:36,Thursday,SHERBOURNE STATION,MUI,12,16,E,BD,5263
1484,2025-01-23,12:49,Thursday,DUNDAS STATION,PUMEL,None,None,None,YU,None
1485,2025-01-23,13:34,Thursday,ROYAL YORK STATION,SUDP,None,None,E,BD,5011
1486,2025-01-23,13:52,Thursday,DAVISVILLE STATION,MUCL,5,10,S,YU,5746
1487,2025-01-23,13:53,Thursday,EGLINTON STATION,PUMEL,None,None,None,YU,None
1488,2025-01-23,14:18,Thursday,VICTORIA PARK STATION,EUME,9,13,W,BD,5340
1489,2025-01-23,14:38,Thursday,FINCH STATION,MUPAA,3,7,S,YU,5891
1490,2025-01-23,14:38,Thursday,DAVISVILLE STATION,SUDP,4,8,S,YU,5471
1491,2025-01-23,14:47,Thursday,UNION STATION TO KING,MUIR,None,None,N,YU,5576
1492,2025-01-23,15:09,Thursday,FINCH STATION,SUDP,4,8,S,YU,6031
1493,2025-01-23,15:32,Thursday,DAVISVILLE STATION,SUDP,7,11,S,YU,6031
1494,2025-01-23,16:03,Thursday,BLOOR STATION,SUO,16,20,N,YU,5721
1495,2025-01-23,16:07,Thursday,YONGE BD STATION,SUO,16,19,W,BD,5284
1496,2025-01-23,16:40,Thursday,FINCH STATION,SUAP,11,14,N,YU,6136
1497,2025-01-23,16:43,Thursday,BLOOR STATION,MUPAA,5,9,N,YU,5881
1498,2025-01-23,17:12,Thursday,WILSON STATION,PUOPO,4,7,S,YU,5636
1499,2025-01-23,17:18,Thursday,YORKDALE STATION,PUOPO,18,21,S,YU,5636
1500,2025-01-23,18:46,Thursday,VAUGHAN MC STATION,PUOPO,3,6,S,YU,5881
1501,2025-01-23,19:33,Thursday,COXWELL STATION,TUSC,None,None,W,BD,5221
1502,2025-01-23,19:38,Thursday,VAUGHAN MC STATION,TUSET,5,8,N,YU,6086
1503,2025-01-23,20:01,Thursday,MAIN STREET STATION,SUDP,None,None,W,BD,None
1504,2025-01-23,20:16,Thursday,BLOOR STATION,SUDP,None,None,None,YU,None
1505,2025-01-23,20:17,Thursday,JANE STATION,TUMVS,10,14,E,BD,5054
1506,2025-01-23,20:32,Thursday,KING STATION,MUPAA,None,None,N,YU,6081
1507,2025-01-23,20:33,Thursday,BLOOR STATION,MUO,None,None,None,YU,None
1508,2025-01-23,20:34,Thursday,SUMMERHILL STATION,PUOPO,None,None,N,YU,5621
1509,2025-01-23,20:45,Thursday,CHESTER STATION,TUSC,None,None,E,BD,5001
1510,2025-01-23,20:45,Thursday,EGLINTON WEST STATION,PUOPO,None,None,N,YU,6131
1511,2025-01-23,20:54,Thursday,FINCH STATION,PUOPO,None,None,S,YU,5501
1512,2025-01-23,21:25,Thursday,PAPE STATION,SUDP,None,None,E,BD,5301
1513,2025-01-23,21:26,Thursday,ROSEDALE STATION,MUPAA,3,6,S,YU,6071
1514,2025-01-23,21:45,Thursday,NORTH YORK CTR STATION,SUDP,5,11,N,YU,5386
1515,2025-01-23,21:47,Thursday,DUNDAS STATION,MUPAA,None,None,S,YU,6001
1516,2025-01-23,22:00,Thursday,YONGE-UNIVERSITY AND B,MUO,None,None,None,YU/BD,None
1517,2025-01-23,22:17,Thursday,JANE STATION,SUAP,None,None,None,BD,None
1518,2025-01-23,22:19,Thursday,KIPLING STATION,PUCSC,5,10,E,BD,5223
1519,2025-01-23,22:27,Thursday,YORK MILLS STATION,SUDP,5,11,N,YU,5721
1520,2025-01-23,22:39,Thursday,FINCH STATION,EUNT,6,12,N,YU,6096
1521,2025-01-23,22:41,Thursday,KENNEDY BD STATION,MUIR,None,None,W,BD,5177
1522,2025-01-23,23:48,Thursday,DAVISVILLE STATION,MUI,6,12,S,YU,5551
1523,2025-01-23,0:00,Thursday,HIGH PARK STATION,PUTO,4,9,E,BD,5054
1524,2025-01-23,0:17,Thursday,EGLINTON STATION,SUDP,4,10,N,YU,5541
1525,2025-01-23,1:40,Thursday,EGLINTON STATION,EUVE,17,23,N,YU,5506
1526,2025-01-23,1:53,Thursday,BAY STATION,SUO,None,None,None,BD,None
1527,2025-01-23,1:54,Thursday,FINCH STATION,MUIS,None,None,None,YU,None
1528,2025-01-23,13:32,Thursday,DON MILLS STATION,MUIS,None,None,None,SHP,None
1529,2025-01-23,19:07,Thursday,SHEPPARD-YONGE STATION,MUIR,7,16,W,SHP,6172
1530,2025-01-23,19:59,Thursday,SHEPPARD-YONGE STATION,MUTO,None,None,W,SHP,6176
1531,2025-01-24,2:33,Friday,SPADINA BD STATION,MUNCA,None,None,None,BD,None
1532,2025-01-24,2:37,Friday,FINCH STATION,MUIS,None,None,None,YU,None
1533,2025-01-24,5:20,Friday,EGLINTON STATION,MUNCA,None,None,None,YU,None
1534,2025-01-24,5:20,Friday,DUNDAS STATION,MUNCA,None,None,None,YU,None
1535,2025-01-24,5:25,Friday,ST CLAIR WEST STATION,MUNCA,None,None,None,YU,None
1536,2025-01-24,5:31,Friday,FINCH STATION,PUOPO,None,None,S,YU,5581
1537,2025-01-24,5:34,Friday,NORTH YORK CTR STATION,PUOPO,4,None,S,YU,5581
1538,2025-01-24,5:59,Friday,KING STATION,PUTR,9,None,S,YU,5546
1539,2025-01-24,6:02,Friday,ST CLAIR WEST STATION,PUTR,5,None,S,YU,5491
1540,2025-01-24,6:41,Friday,YORK MILLS STATION,SUDP,None,None,None,YU,None
1541,2025-01-24,7:06,Friday,WILSON STATION,PUOPO,4,6,S,YU,5636
1542,2025-01-24,7:13,Friday,KENNEDY BD STATION,EUAC,None,None,E,BD,5063
1543,2025-01-24,7:26,Friday,ROYAL YORK STATION,SUDP,None,None,None,BD,None
1544,2025-01-24,7:38,Friday,SHEPPARD STATION,SUAP,23,25,N,YU,6121
1545,2025-01-24,7:50,Friday,FINCH STATION,SUAP,None,None,None,YU,None
1546,2025-01-24,7:52,Friday,ISLINGTON STATION,TUSC,None,None,W,BD,5245
1547,2025-01-24,7:55,Friday,DUNDAS STATION,PUOPO,None,None,S,YU,5381
1548,2025-01-24,8:33,Friday,BLOOR STATION,SUDP,None,None,N,YU,6136
1549,2025-01-24,8:37,Friday,QUEEN STATION,SUUT,9,11,N,YU,6041
1550,2025-01-24,8:54,Friday,KENNEDY BD STATION,SUUT,9,12,W,BD,5306
1551,2025-01-24,9:09,Friday,KENNEDY BD STATION,SUDP,3,5,W,BD,5282
1552,2025-01-24,9:30,Friday,KENNEDY BD STATION,PUMST,None,None,None,BD,None
1553,2025-01-24,9:37,Friday,QUEEN STATION,MUIS,None,None,None,YU,None
1554,2025-01-24,10:04,Friday,ISLINGTON STATION,TUO,5,9,E,BD,5306
1555,2025-01-24,10:31,Friday,ST GEORGE BD STATION,MUSC,3,7,W,BD,5278
1556,2025-01-24,10:49,Friday,EGLINTON STATION,SUDP,9,13,N,YU,6021
1557,2025-01-24,11:31,Friday,ST ANDREW STATION,SUDP,9,14,N,YU,6101
1558,2025-01-24,11:33,Friday,DUNDAS STATION,SUO,5,8,N,YU,5846
1559,2025-01-24,12:17,Friday,KIPLING STATION,SUDP,4,8,E,BD,5130
1560,2025-01-24,12:56,Friday,YONGE BD STATION,SUDP,None,None,W,BD,None
1561,2025-01-24,13:17,Friday,KENNEDY BD STATION,EUBO,5,8,E,BD,5077
1562,2025-01-24,13:35,Friday,JANE STATION,PUMEL,None,None,None,BD,None
1563,2025-01-24,13:45,Friday,KENNEDY BD STATION,MUIRS,None,None,None,BD,None
1564,2025-01-24,13:50,Friday,ST GEORGE YUS STATION,EUDO,None,None,S,YU,5506
1565,2025-01-24,14:53,Friday,WILSON STATION,MUI,5,10,N,YU,5641
1566,2025-01-24,14:59,Friday,VAUGHAN MC STATION,TUO,4,8,S,YU,6031
1567,2025-01-24,15:01,Friday,HIGHWAY 407 STATION,PUOPO,5,9,N,YU,5381
1568,2025-01-24,15:05,Friday,PAPE STATION,SUO,None,None,W,BD,5358
1569,2025-01-24,15:17,Friday,FINCH STATION,SUO,None,None,None,YU,None
1570,2025-01-24,15:31,Friday,UNION STATION,PUMST,None,None,None,YU,None
1571,2025-01-24,15:45,Friday,SHEPPARD WEST STATION,TUO,5,9,S,YU,5621
1572,2025-01-24,15:45,Friday,DUFFERIN STATION,MUIRS,None,None,E,BD,5118
1573,2025-01-24,15:48,Friday,COXWELL STATION,SUO,None,None,None,BD,None
1574,2025-01-24,15:59,Friday,DONLANDS STATION,SUO,None,None,None,BD,None
1575,2025-01-24,16:04,Friday,KEELE STATION,MUSC,None,None,E,BD,5306
1576,2025-01-24,16:11,Friday,KIPLING STATION,EUDO,3,6,E,BD,5099
1577,2025-01-24,16:28,Friday,KEELE STATION,MUSC,None,None,W,BD,5091
1578,2025-01-24,17:06,Friday,SHERBOURNE STATION,MUNCA,None,None,None,BD,None
1579,2025-01-24,17:13,Friday,ST GEORGE YUS STATION,SUDP,3,6,N,YU,5496
1580,2025-01-24,17:24,Friday,QUEEN STATION,PUOPO,3,6,S,YU,5536
1581,2025-01-24,17:38,Friday,MAIN STREET STATION,SUO,None,None,None,BD,None
1582,2025-01-24,17:40,Friday,YONGE BD STATION,PUMST,None,None,None,BD,None
1583,2025-01-24,17:51,Friday,BLOOR STATION,SUDP,None,None,N,YU,5401
1584,2025-01-24,17:55,Friday,LAWRENCE STATION,EUDO,17,20,S,YU,5866
1585,2025-01-24,18:03,Friday,YONGE BD STATION,TUOS,6,9,W,BD,5298
1586,2025-01-24,19:37,Friday,BLOOR STATION,PUMST,None,None,None,YU,None
1587,2025-01-24,20:03,Friday,BLOOR STATION,MUIRS,None,None,N,YU,None
1588,2025-01-24,20:10,Friday,SHEPPARD STATION,SUO,None,None,None,YU,None
1589,2025-01-24,20:16,Friday,ST GEORGE YUS STATION,SUO,9,13,S,YU,5981
1590,2025-01-24,20:48,Friday,BLOOR STATION,SUDP,None,None,N,YU,None
1591,2025-01-24,21:16,Friday,DUNDAS WEST STATION,MUIS,None,None,E,BD,5300
1592,2025-01-24,21:33,Friday,KIPLING STATION,TUMVS,5,10,W,BD,5061
1593,2025-01-24,21:37,Friday,ISLINGTON STATION,TUMVS,4,9,W,BD,5215
1594,2025-01-24,21:38,Friday,MAIN STREET STATION,SUO,None,None,E,BD,5132
1595,2025-01-24,21:57,Friday,BROADVIEW STATION,SUDP,None,None,None,BD,None
1596,2025-01-24,22:00,Friday,YONGE-UNIVERSITY AND B,MUO,None,None,None,YU/BD,None
1597,2025-01-24,22:13,Friday,KENNEDY BD STATION,SUDP,5,10,E,BD,5271
1598,2025-01-24,22:24,Friday,SUMMERHILL STATION,MUPAA,None,None,S,YU,5461
1599,2025-01-24,22:48,Friday,ST GEORGE YUS STATION,SUDP,None,None,N,YU,5961
1600,2025-01-24,22:48,Friday,HIGH PARK STATION,MUD,4,9,E,BD,5166
1601,2025-01-24,23:00,Friday,SUBWAY CLOSURE: LAWREN,MUO,None,None,None,YU,None
1602,2025-01-24,23:04,Friday,LAWRENCE WEST STATION,SUDP,5,10,N,YU,5963
1603,2025-01-24,0:03,Friday,CHRISTIE STATION,TUO,4,9,E,BD,5138
1604,2025-01-24,0:35,Friday,GREENWOOD STATION,MUIS,None,None,None,BD,None
1605,2025-01-24,1:09,Friday,GREENWOOD CAR HOUSE,SUG,None,None,None,None,5336
1606,2025-01-24,1:38,Friday,FINCH STATION,SUDP,8,15,None,YU,None
1607,2025-01-24,7:41,Friday,SHEPPARD-YONGE STATION,SUAP,23,30,E,SHP,6166
1608,2025-01-24,15:19,Friday,DON MILLS STATION,MUSAN,7,14,E,SHP,6196
1609,2025-01-24,19:58,Friday,SHEPPARD-YONGE STATION,MUPAA,None,None,E,SHP,6191
1610,2025-01-24,22:55,Friday,SHEPPARD-YONGE STATION,PUOPO,None,None,E,SHP,6196
1611,2025-01-25,2:01,Saturday,FINCH STATION,SUO,None,None,S,YU,5951
1612,2025-01-25,5:23,Saturday,FINCH STATION,PUOPO,None,None,S,YU,5446
1613,2025-01-25,5:30,Saturday,LINE 1 - YONGE UNIVERS,MUO,None,None,None,YU,None
1614,2025-01-25,6:01,Saturday,KENNEDY BD STATION,SUO,None,None,None,BD,None
1615,2025-01-25,6:06,Saturday,ST GEORGE YUS STATION,EUO,6,12,S,YU,5776
1616,2025-01-25,6:09,Saturday,JANE STATION,EUBK,6,11,E,BD,5306
1617,2025-01-25,6:32,Saturday,VAUGHAN MC STATION,SUG,6,12,S,YU,5601
1618,2025-01-25,6:38,Saturday,EGLINTON STATION,EUVE,6,12,N,YU,6086
1619,2025-01-25,8:08,Saturday,ST CLAIR STATION,MUIRS,None,None,None,YU,None
1620,2025-01-25,9:48,Saturday,FINCH STATION,EUNT,6,12,S,YU,5916
1621,2025-01-25,10:05,Saturday,CHRISTIE STATION,MUNCA,None,None,None,BD,None
1622,2025-01-25,10:47,Saturday,COXWELL STATION,SUDP,None,None,W,BD,5164
1623,2025-01-25,10:59,Saturday,UNION STATION TO ST. A,SUDP,15,21,N,YU,6091
1624,2025-01-25,11:16,Saturday,ST GEORGE YUS STATION,SUO,6,12,S,YU,6096
1625,2025-01-25,11:19,Saturday,SHEPPARD STATION,SUDP,None,None,None,YU,None
1626,2025-01-25,11:22,Saturday,WOODBINE STATION,MUSC,None,None,W,BD,5075
1627,2025-01-25,11:34,Saturday,BLOOR STATION,SUDP,None,None,None,YU,None
1628,2025-01-25,12:12,Saturday,FINCH WEST STATION,PUOPO,3,9,S,YU,5451
1629,2025-01-25,12:13,Saturday,FINCH WEST STATION,PUOPO,7,12,N,YU,6136
1630,2025-01-25,12:42,Saturday,BLOOR STATION,SUDP,None,None,None,YU,None
1631,2025-01-25,12:48,Saturday,WOODBINE STATION,TUKEY,4,8,E,BD,5026
1632,2025-01-25,13:13,Saturday,YONGE BD STATION,SUDP,None,None,None,BD,None
1633,2025-01-25,13:41,Saturday,LAWRENCE STATION,SUDP,6,11,N,YU,6096
1634,2025-01-25,14:26,Saturday,ISLINGTON STATION,SUDP,None,None,W,BD,5142
1635,2025-01-25,15:08,Saturday,SHEPPARD STATION,SUPOL,None,None,S,YU,5691
1636,2025-01-25,15:14,Saturday,ST CLAIR STATION,SUAP,None,None,N,YU,5776
1637,2025-01-25,15:44,Saturday,BLOOR STATION,SUDP,None,None,None,YU,None
1638,2025-01-25,15:44,Saturday,DONLANDS STATION,SUUT,None,None,None,BD,None
1639,2025-01-25,16:18,Saturday,PAPE STATION,MUPAA,None,None,W,BD,5164
1640,2025-01-25,16:34,Saturday,OSGOODE STATION,SUDP,None,None,None,YU,None
1641,2025-01-25,17:04,Saturday,MAIN STREET STATION,SUDP,None,None,None,BD,None
1642,2025-01-25,17:35,Saturday,VICTORIA PARK STATION,EUDO,12,16,W,BD,5134
1643,2025-01-25,17:37,Saturday,UNION STATION - ST AND,SUDP,None,None,N,YU,6011
1644,2025-01-25,17:58,Saturday,OLD MILL STATION,MUIS,None,None,None,BD,None
1645,2025-01-25,18:18,Saturday,YONGE BD STATION,SUO,4,8,W,BD,5245
1646,2025-01-25,18:50,Saturday,BLOOR STATION,SUDP,None,None,N,YU,6021
1647,2025-01-25,19:20,Saturday,ST GEORGE YUS STATION,EUO,5,10,N,YU,5971
1648,2025-01-25,19:24,Saturday,WOODBINE STATION,SUG,None,None,None,BD,None
1649,2025-01-25,19:47,Saturday,MAIN STREET STATION,SUDP,None,None,None,BD,None
1650,2025-01-25,20:01,Saturday,KENNEDY BD STATION,PUMST,None,None,None,BD,None
1651,2025-01-25,20:06,Saturday,GREENWOOD YARD,SUG,None,None,None,BD,None
1652,2025-01-25,20:07,Saturday,QUEEN'S PARK STATION,PUMEL,None,None,None,YU,None
1653,2025-01-25,20:44,Saturday,BLOOR STATION,PUMEL,None,None,None,BD,None
1654,2025-01-25,20:50,Saturday,DUNDAS STATION,SUAP,None,None,None,YU,None
1655,2025-01-25,20:51,Saturday,DUNDAS STATION,SUDP,None,None,S,YU,None
1656,2025-01-25,20:52,Saturday,BATHURST STATION,SUO,None,None,None,BD,None
1657,2025-01-25,22:00,Saturday,YONGE-UNIVERSITY AND B,MUO,None,None,None,YU / BD,None
1658,2025-01-25,23:05,Saturday,QUEEN STATION,MUPR1,10,16,S,YU,6086
1659,2025-01-25,23:09,Saturday,BLOOR STATION,MUPAA,7,13,N,YU,6096
1660,2025-01-25,23:21,Saturday,BAY STATION,MUIR,11,16,E,BD,5213
1661,2025-01-25,23:24,Saturday,VICTORIA PARK STATION,MUSC,None,None,W,BD,5298
1662,2025-01-25,23:43,Saturday,UNION STATION,MUIS,None,None,None,YU,None
1663,2025-01-25,23:46,Saturday,HIGH PARK STATION,MUPR1,6,12,W,BD,5057
1664,2025-01-25,0:05,Saturday,LANSDOWNE STATION,SUG,None,None,None,BD,None
1665,2025-01-25,0:09,Saturday,BLOOR STATION,SUDP,None,None,None,YU,None
1666,2025-01-25,0:20,Saturday,RUNNYMEDE STATION,SUDP,None,None,None,BD,None
1667,2025-01-25,0:22,Saturday,GREENWOOD YARD,SUG,None,None,None,None,None
1668,2025-01-25,0:47,Saturday,CASTLE FRANK STATION,MUPAA,None,None,W,BD,5335
1669,2025-01-25,1:18,Saturday,DAVISVILLE STATION,SUUT,8,14,S,YU,5951
1670,2025-01-25,1:19,Saturday,DUNDAS STATION,SUO,None,None,S,YU,None
1671,2025-01-25,1:39,Saturday,VICTORIA PARK STATION,MUIS,None,None,W,BD,None
1672,2025-01-25,1:55,Saturday,WOODBINE STATION,SUUT,None,None,W,BD,None
1673,2025-01-25,7:42,Saturday,SHEPPARD-YONGE STATION,MUPAA,None,None,E,SHP,6146
1674,2025-01-25,13:00,Saturday,LESLIE STATION,MUSC,None,None,W,SHP,6176
1675,2025-01-25,15:12,Saturday,SHEPPARD-YONGE STATION,SUPOL,34,41,W,SHP,6186
1676,2025-01-25,15:25,Saturday,BAYVIEW STATION,PUOPO,4,11,E,SHP,6186
1677,2025-01-26,2:08,Sunday,WARDEN STATION,SUDP,None,None,None,BD,None
1678,2025-01-26,2:44,Sunday,KIPLING STATION,MUIS,None,None,None,BD,None
1679,2025-01-26,4:37,Sunday,VAUGHAN MC STATION,SUUT,None,None,None,YU,None
1680,2025-01-26,7:42,Sunday,WILSON STATION,MUO,25,None,S,YU,5416
1681,2025-01-26,7:50,Sunday,LINE 1 - YONGE UNIVERS,MUO,None,None,None,YU,None
1682,2025-01-26,8:14,Sunday,HIGH PARK STATION,MUSC,None,None,E,BD,5312
1683,2025-01-26,8:15,Sunday,KIPLING STATION,SUG,4,8,E,BD,5000
1684,2025-01-26,8:15,Sunday,KEELE STATION,SUG,4,8,W,BD,5291
1685,2025-01-26,8:27,Sunday,KING STATION,MUPAA,None,None,S,YU,5951
1686,2025-01-26,8:42,Sunday,COLLEGE STATION,SUDP,18,24,N,YU,5541
1687,2025-01-26,8:49,Sunday,WARDEN STATION,MUTO,4,6,W,BD,5340
1688,2025-01-26,9:17,Sunday,DUFFERIN STATION,SUDP,None,None,None,BD,None
1689,2025-01-26,11:05,Sunday,UNION STATION,SUO,None,None,None,YU,None
1690,2025-01-26,11:51,Sunday,ISLINGTON STATION,MUTO,3,6,E,BD,5180
1691,2025-01-26,12:42,Sunday,COXWELL STATION,TUO,None,None,E,BD,5011
1692,2025-01-26,12:53,Sunday,BATHURST STATION,MUIS,None,None,None,BD,None
1693,2025-01-26,13:22,Sunday,BLOOR STATION,SUDP,None,None,None,YU,None
1694,2025-01-26,15:09,Sunday,SUMMERHILL STATION,SUAP,4,8,S,YU,5916
1695,2025-01-26,15:19,Sunday,BAY STATION,SUO,None,None,W,BD,5116
1696,2025-01-26,15:23,Sunday,HIGH PARK STATION,SUDP,3,7,E,BD,5079
1697,2025-01-26,15:32,Sunday,FINCH STATION,SUDP,None,None,S,YU,None
1698,2025-01-26,15:43,Sunday,DUNDAS STATION,SUO,None,None,None,YU,None
1699,2025-01-26,15:56,Sunday,VICTORIA PARK STATION,PUMEL,None,None,None,BD,None
1700,2025-01-26,16:27,Sunday,WELLESLEY STATION,SUO,9,14,S,YU,5976
1701,2025-01-26,16:40,Sunday,ST GEORGE YUS STATION,MUIS,None,None,None,YU,None
1702,2025-01-26,17:18,Sunday,BROADVIEW STATION,MUIS,None,None,E,BD,None
1703,2025-01-26,17:24,Sunday,LAWRENCE STATION,MUIR,8,13,N,YU,5881
1704,2025-01-26,17:25,Sunday,ROYAL YORK STATION,MUIR,None,None,E,BD,5021
1705,2025-01-26,18:06,Sunday,HIGH PARK STATION,MUO,3,7,E,BD,5263
1706,2025-01-26,18:47,Sunday,CHRISTIE STATION,SUUT,9,14,W,BD,5009
1707,2025-01-26,19:54,Sunday,VICTORIA PARK STATION,PUMO,None,None,E,BD,5021
1708,2025-01-26,20:22,Sunday,FINCH WEST STATION,PUOPO,None,None,N,YU,5746
1709,2025-01-26,21:54,Sunday,KENNEDY BD STATION,SUDP,4,8,W,BD,5009
1710,2025-01-26,22:00,Sunday,YONGE-UNIVERSITY AND B,MUO,None,None,None,YU/BD,None
1711,2025-01-26,1:47,Sunday,WELLESLEY STATION,SUDP,None,None,None,YU,None
1712,2025-01-26,1:57,Sunday,KIPLING STATION,MUIS,None,None,None,BD,None
1713,2025-01-26,12:54,Sunday,LESLIE STATION,MUPAA,4,11,E,SHP,6191
1714,2025-01-27,2:33,Monday,FINCH STATION,MUIS,None,None,None,YU,None
1715,2025-01-27,3:09,Monday,FINCH STATION,MUIS,None,None,None,YU,None
1716,2025-01-27,3:46,Monday,HIGH PARK STATION,MUNCA,None,None,None,BD,None
1717,2025-01-27,3:47,Monday,QUEEN STATION,MUNCA,None,None,None,YU,None
1718,2025-01-27,3:47,Monday,DUPONT STATION,MUNCA,None,None,None,YU,None
1719,2025-01-27,5:47,Monday,KIPLING STATION,SUUT,5,10,E,BD,5011
1720,2025-01-27,5:48,Monday,EGLINTON STATION,PUTWZ,5,10,N,YU,5776
1721,2025-01-27,5:56,Monday,VICTORIA PARK STATION,MUSC,None,None,E,BD,5242
1722,2025-01-27,5:58,Monday,VICTORIA PARK STATION,EUNT,4,9,W,BD,5190
1723,2025-01-27,6:02,Monday,UNION STATION,PUTWZ,8,None,S,YU,6076
1724,2025-01-27,6:14,Monday,DUPONT STATION,PUTWZ,14,None,N,YU,5886
1725,2025-01-27,6:15,Monday,GREENWOOD STATION,PUSI,13,18,W,BD,5159
1726,2025-01-27,6:26,Monday,SHEPPARD WEST STATION,EUO,4,8,N,YU,5476
1727,2025-01-27,6:30,Monday,EGLINTON STATION,PUSWZ,3,6,N,YU,6076
1728,2025-01-27,6:35,Monday,DONLANDS STATION,PUTO,6,9,E,BD,5012
1729,2025-01-27,7:19,Monday,WELLESLEY STATION,TUO,4,7,N,YU,5566
1730,2025-01-27,7:22,Monday,DUNDAS WEST STATION,MUSC,None,None,E,BD,5001
1731,2025-01-27,7:51,Monday,SPADINA YUS STATION,PUMEL,None,None,None,YU,None
1732,2025-01-27,7:57,Monday,KIPLING STATION,TUSC,None,None,W,BD,5118
1733,2025-01-27,7:57,Monday,SUMMERHILL STATION,MUPAA,4,6,S,YU,5641
1734,2025-01-27,8:24,Monday,DUNDAS STATION,SUDP,5,8,S,YU,5541
1735,2025-01-27,8:45,Monday,BAY STATION,SUO,None,None,W,BD,5371
1736,2025-01-27,8:53,Monday,KEELE STATION,EUSC,None,None,W,BD,5321
1737,2025-01-27,9:09,Monday,QUEEN STATION,SUDP,None,None,S,YU,5746
1738,2025-01-27,9:57,Monday,DUNDAS WEST STATION,MUIRS,None,None,None,BD,None
1739,2025-01-27,11:44,Monday,ROYAL YORK STATION,PUTDN,5,9,E,BD,5268
1740,2025-01-27,12:08,Monday,CHRISTIE STATION,SUDP,None,None,None,BD,None
1741,2025-01-27,12:55,Monday,YORKDALE STATION,SUAP,None,None,N,YU,None
1742,2025-01-27,13:16,Monday,SPADINA YUS STATION,PUMEL,None,None,None,YU,None
1743,2025-01-27,13:33,Monday,RUNNYMEDE STATION,SUSA,None,None,E,BD,5107
1744,2025-01-27,13:39,Monday,CHRISTIE STATION,SUDP,None,None,None,BD,None
1745,2025-01-27,13:40,Monday,BAY STATION,SUUT,5,9,W,BD,5091
1746,2025-01-27,14:01,Monday,ST CLAIR STATION,SUDP,6,10,N,YU,5996
1747,2025-01-27,14:06,Monday,KIPLING STATION,MUSAN,4,8,W,BD,5190
1748,2025-01-27,14:21,Monday,WELLESLEY STATION,MUPAA,None,None,N,YU,5611
1749,2025-01-27,14:32,Monday,WARDEN STATION,MUI,16,20,W,BD,5303
1750,2025-01-27,15:25,Monday,ROSEDALE STATION,MUPAA,4,8,N,YU,5801
1751,2025-01-27,15:27,Monday,DUNDAS STATION,EUO,6,11,S,YU,5616
1752,2025-01-27,15:50,Monday,EGLINTON STATION,MUO,11,15,S,YU,5406
1753,2025-01-27,16:01,Monday,FINCH WEST STATION,MUI,8,12,S,YU,5996
1754,2025-01-27,16:28,Monday,WARDEN STATION,MUIRS,None,None,W,BD,5318
1755,2025-01-27,16:46,Monday,ST CLAIR WEST STATION,PUMEL,None,None,None,YU,None
1756,2025-01-27,17:00,Monday,KEELE STATION,MUSC,None,None,E,BD,5277
1757,2025-01-27,17:07,Monday,SPADINA BD STATION,MUIRS,None,None,E,BD,5229
1758,2025-01-27,17:13,Monday,FINCH STATION,MUIS,None,None,None,YU,None
1759,2025-01-27,17:18,Monday,WILSON GARAGE,PUMO,None,None,None,YU,None
1760,2025-01-27,17:25,Monday,WARDEN STATION,PUSTS,3,6,E,BD,5298
1761,2025-01-27,18:28,Monday,YONGE BD STATION,PUMEL,None,None,E,BD,None
1762,2025-01-27,18:56,Monday,ISLINGTON STATION,MUSC,None,None,E,BD,5330
1763,2025-01-27,19:01,Monday,GREENWOOD YARD,MUSC,None,None,None,BD,5237
1764,2025-01-27,19:22,Monday,KENNEDY BD STATION,SUDP,5,10,W,BD,5258
1765,2025-01-27,19:36,Monday,UNION STATION,SUAP,None,None,None,YU,6004
1766,2025-01-27,19:37,Monday,ST CLAIR STATION,PUOPO,3,7,N,YU,5966
1767,2025-01-27,19:43,Monday,BLOOR STATION,MUIRS,None,None,None,YU,None
1768,2025-01-27,19:43,Monday,RUNNYMEDE STATION,MUO,None,None,None,BD,None
1769,2025-01-27,19:59,Monday,DONLANDS STATION,TUO,None,None,E,BD,5181
1770,2025-01-27,20:05,Monday,ST CLAIR WEST STATION,SUAP,4,8,S,YU,5396
1771,2025-01-27,20:31,Monday,PIONEER VILLAGE STATIO,PUOPO,None,None,S,YU,5801
1772,2025-01-27,20:37,Monday,PIONEER VILLAGE STATIO,PUOPO,None,None,S,YU,5481
1773,2025-01-27,20:48,Monday,YONGE BD STATION,MUIRS,None,None,W,BD,5018
1774,2025-01-27,21:49,Monday,MAIN STREET STATION,MUO,None,None,None,BD,None
1775,2025-01-27,22:00,Monday,YONGE-UNIVERSITY AND B,MUO,None,None,None,YU/BD,None
1776,2025-01-27,22:41,Monday,EGLINTON STATION,PUMEL,None,None,None,YU,None
1777,2025-01-27,23:00,Monday,LINE 1 - YONGE UNIVERS,MUO,None,None,None,YU,None
1778,2025-01-27,23:11,Monday,YORK MILLS STATION,MUTO,None,None,N,YU,5761
1779,2025-01-27,23:14,Monday,FINCH STATION,MUIS,None,None,None,YU,None
1780,2025-01-27,23:19,Monday,ST CLAIR STATION,MUPAA,5,11,N,YU,5651
1781,2025-01-27,1:32,Monday,WARDEN STATION,TUSC,None,None,E,BD,5254
1782,2025-01-27,1:42,Monday,FINCH STATION,MUIS,None,None,None,YU,None
1783,2025-01-27,5:48,Monday,DON MILLS STATION,MUSC,9,16,W,SHP,6176
1784,2025-01-27,7:34,Monday,LESLIE STATION,TUSC,None,None,W,SHP,5186
1785,2025-01-27,12:16,Monday,DON MILLS STATION,SUUT,25,32,W,SHP,6186
1786,2025-01-27,12:19,Monday,SHEPPARD-YONGE STATION,MUIR,10,17,E,SHP,6172
1787,2025-01-27,17:58,Monday,BESSARION STATION,MUSC,None,None,E,SHP,6171
1788,2025-01-27,19:07,Monday,SHEPPARD-YONGE STATION,SUDP,None,None,E,SHP,6185
1789,2025-01-27,20:20,Monday,LESLIE STATION,MUI,16,23,E,SHP,6196
1790,2025-01-27,1:34,Monday,WELLESLEY STATION,SUDP,None,None,N,SHP,None
1791,2025-01-28,2:16,Tuesday,KENNEDY BD STATION,MUIS,None,None,None,BD,None
1792,2025-01-28,2:27,Tuesday,KENNEDY BD STATION,MUIS,None,None,None,BD,None
1793,2025-01-28,3:53,Tuesday,DUPONT STATION,MUNCA,None,None,None,YU,None
1794,2025-01-28,5:42,Tuesday,DUNDAS WEST STATION,SUDP,None,None,E,BD,None
1795,2025-01-28,5:59,Tuesday,KING STATION,PUTR,8,None,S,YU,5926
1796,2025-01-28,6:08,Tuesday,DUNDAS STATION,SUO,None,None,None,YU,None
1797,2025-01-28,6:29,Tuesday,KENNEDY BD STATION,EUNT,3,5,W,BD,5321
1798,2025-01-28,7:28,Tuesday,BATHURST STATION,TUSC,None,None,W,BD,5325
1799,2025-01-28,7:36,Tuesday,COLLEGE STATION,MUPAA,5,7,S,YU,5716
1800,2025-01-28,8:11,Tuesday,QUEEN'S PARK STATION,MUPAA,4,6,N,YU,5991
1801,2025-01-28,8:30,Tuesday,EGLINTON STATION,TUO,10,13,S,YU,6061
1802,2025-01-28,8:37,Tuesday,KIPLING STATION,MUIS,None,None,None,BD,None
1803,2025-01-28,8:40,Tuesday,KENNEDY BD STATION,SUSA,None,None,None,BD,None
1804,2025-01-28,8:41,Tuesday,SHEPPARD STATION,SUO,None,None,None,YU,None
1805,2025-01-28,8:42,Tuesday,ST CLAIR STATION,SUAP,9,12,S,YU,5506
1806,2025-01-28,9:00,Tuesday,SHEPPARD WEST STATION,EUDO,10,12,S,YU,5516
1807,2025-01-28,9:20,Tuesday,KIPLING STATION,MUSC,None,None,E,BD,5330
1808,2025-01-28,9:36,Tuesday,PAPE STATION,MUIRS,None,None,None,BD,None
1809,2025-01-28,9:39,Tuesday,ST CLAIR STATION,MUIR,4,7,N,YU,5711
1810,2025-01-28,9:39,Tuesday,EGLINTON STATION,SUDP,4,6,S,YU,6091
1811,2025-01-28,9:52,Tuesday,LAWRENCE WEST STATION,MUIS,None,None,None,YU,None
1812,2025-01-28,9:57,Tuesday,ST CLAIR STATION,MUIR,None,None,S,YU,5496
1813,2025-01-28,10:55,Tuesday,GLENCAIRN STATION,SUDP,None,None,N,YU,5981
1814,2025-01-28,11:01,Tuesday,FINCH WEST STATION,PUMO,None,None,None,YU,None
1815,2025-01-28,11:19,Tuesday,COLLEGE STATION,SUAP,None,None,S,YU,None
1816,2025-01-28,11:20,Tuesday,DAVISVILLE STATION,MUPAA,None,None,S,YU,6131
1817,2025-01-28,11:30,Tuesday,OLD MILL STATION,TUOS,5,9,E,BD,5079
1818,2025-01-28,12:05,Tuesday,BLOOR STATION,SUDP,6,11,S,YU,6061
1819,2025-01-28,12:57,Tuesday,ST ANDREW STATION,MUPAA,None,None,N,YU,5411
1820,2025-01-28,13:35,Tuesday,BAY STATION,MUPAA,5,9,E,BD,5083
1821,2025-01-28,13:37,Tuesday,SUMMERHILL STATION,MUNCA,None,None,None,YU,None
1822,2025-01-28,14:26,Tuesday,DONLANDS STATION,TUO,3,7,W,BD,5323
1823,2025-01-28,14:27,Tuesday,KIPLING STATION,TUSC,3,7,W,BD,5187
1824,2025-01-28,15:05,Tuesday,NORTH YORK CTR STATION,SUDP,5,9,S,YU,5636
1825,2025-01-28,15:12,Tuesday,ISLINGTON STATION,MUTO,5,9,E,BD,5323
1826,2025-01-28,15:41,Tuesday,WARDEN STATION,MUDD,None,None,E,BD,5301
1827,2025-01-28,16:03,Tuesday,WARDEN STATION,PUMEL,None,None,None,BD,None
1828,2025-01-28,16:10,Tuesday,WILSON STATION,TUS,8,12,N,YU,5471
1829,2025-01-28,16:15,Tuesday,DUNDAS STATION,SUUT,None,None,N,YU,5471
1830,2025-01-28,16:21,Tuesday,DUNDAS STATION,TUO,None,None,N,YU,5471
1831,2025-01-28,16:22,Tuesday,KENNEDY BD STATION,MUIE,3,6,E,BD,5147
1832,2025-01-28,16:36,Tuesday,VICTORIA PARK STATION,PUMEL,None,None,None,BD,None
1833,2025-01-28,16:45,Tuesday,QUEEN STATION,SUAP,6,10,S,YU,5456
1834,2025-01-28,16:52,Tuesday,YONGE BD STATION,MUIS,None,None,None,BD,None
1835,2025-01-28,17:00,Tuesday,ST PATRICK STATION,MUPAA,3,7,N,YU,5506
1836,2025-01-28,17:09,Tuesday,FINCH STATION,TUO,3,6,S,YU,6131
1837,2025-01-28,17:21,Tuesday,BLOOR STATION,SUDP,None,None,None,YU,None
1838,2025-01-28,17:27,Tuesday,ST GEORGE YUS STATION,PUMST,None,None,None,YU,None
1839,2025-01-28,17:45,Tuesday,OSSINGTON STATION,TUSC,None,None,E,BD,5369
1840,2025-01-28,17:59,Tuesday,CASTLE FRANK STATION,TUS,3,6,E,BD,5369
1841,2025-01-28,18:33,Tuesday,DUNDAS WEST STATION,MUSC,None,None,E,BD,5077
1842,2025-01-28,18:34,Tuesday,KENNEDY BD STATION,SUDP,9,13,None,BD,5182
1843,2025-01-28,18:46,Tuesday,MAIN STREET STATION,PUSTS,3,8,W,BD,5341
1844,2025-01-28,18:56,Tuesday,WOODBINE STATION,MUIRS,None,None,None,BD,None
1845,2025-01-28,18:57,Tuesday,KENNEDY BD STATION,MUIR,None,None,W,BD,5244
1846,2025-01-28,19:12,Tuesday,VICTORIA PARK STATION,TUKEY,3,8,W,BD,5028
1847,2025-01-28,19:32,Tuesday,FINCH STATION,TUATC,None,None,S,YU,5676
1848,2025-01-28,19:54,Tuesday,OSGOODE STATION,PUMST,None,None,None,YU,None
1849,2025-01-28,19:59,Tuesday,MAIN STREET STATION,EUSC,None,None,E,BD,5369
1850,2025-01-28,20:29,Tuesday,PIONEER VILLAGE STATIO,SUUT,13,16,N,YU,5701
1851,2025-01-28,20:34,Tuesday,BLOOR STATION,MUD,4,8,N,YU,5631
1852,2025-01-28,20:53,Tuesday,ST CLAIR WEST STATION,MUIS,None,None,None,YU,None
1853,2025-01-28,21:04,Tuesday,OSGOODE STATION,MUI,4,8,N,YU,5961
1854,2025-01-28,21:35,Tuesday,DAVISVILLE - ST. CLAIR,PUTWZ,15,19,S,YU,5411
1855,2025-01-28,21:36,Tuesday,ISLINGTON STATION,MUSC,None,None,E,BD,5221
1856,2025-01-28,21:38,Tuesday,CASTLE FRANK STATION,EUSC,None,None,E,BD,5369
1857,2025-01-28,21:52,Tuesday,DUNDAS STATION,SUDP,None,None,S,YU,None
1858,2025-01-28,21:54,Tuesday,BLOOR STATION,MUIS,None,None,None,YU,None
1859,2025-01-28,22:00,Tuesday,YONGE-UNIVERSITY AND B,MUO,None,None,None,YU/BD,None
1860,2025-01-28,22:18,Tuesday,GLENCAIRN STATION,SUDP,5,11,S,YU,6036
1861,2025-01-28,22:27,Tuesday,SHEPPARD STATION,SUAP,None,None,N,YU,None
1862,2025-01-28,22:41,Tuesday,SPADINA BD STATION,SUDP,None,None,W,BD,5291
1863,2025-01-28,23:19,Tuesday,VAUGHAN MC STATION,MUIS,None,None,N,YU,6001
1864,2025-01-28,23:24,Tuesday,SPADINA BD STATION,SUG,None,None,None,BD,None
1865,2025-01-28,23:35,Tuesday,BATHURST STATION,MUIRS,None,None,None,BD,None
1866,2025-01-28,23:43,Tuesday,UNION STATION,SUDP,None,None,None,YU,None
1867,2025-01-28,0:18,Tuesday,WELLESLEY STATION,SUDP,None,None,None,YU,None
1868,2025-01-28,0:25,Tuesday,EGLINTON STATION,MUI,4,11,N,YU,5381
1869,2025-01-28,1:24,Tuesday,SPADINA YUS STATION,SUDP,None,None,S,YU,None
1870,2025-01-28,1:56,Tuesday,KIPLING STATION,MUI,None,None,E,BD,5058
1871,2025-01-28,3:52,Tuesday,BAYVIEW STATION,MUNCA,None,None,None,SHP,None
1872,2025-01-28,5:26,Tuesday,SHEPPARD-YONGE STATION,TUSC,None,None,E,SHP,6171
1873,2025-01-29,2:00,Wednesday,KIPLING STATION,MUI,None,None,E,BD,5080
1874,2025-01-29,2:36,Wednesday,FINCH STATION,SUDP,None,None,None,YU,None
1875,2025-01-29,3:36,Wednesday,KIPLING STATION,SUG,None,None,None,BD,5338
1876,2025-01-29,3:47,Wednesday,DUPONT STATION,TUNCA,None,None,None,YU,None
1877,2025-01-29,3:51,Wednesday,EGLINTON WEST STATION,MUO,None,None,N,YU,None
1878,2025-01-29,5:10,Wednesday,WILSON STATION,MUNCA,None,None,None,YU,None
1879,2025-01-29,5:48,Wednesday,CASTLE FRANK STATION,MUSC,None,None,W,BD,5079
1880,2025-01-29,5:52,Wednesday,DUPONT STATION,MUIE,None,None,None,YU,None
1881,2025-01-29,5:59,Wednesday,KING STATION,PUTR,7,None,S,YU,6031
1882,2025-01-29,6:08,Wednesday,OSSINGTON STATION,PUTO,89,92,E,BD,5080
1883,2025-01-29,6:14,Wednesday,MAIN STREET STATION,MUSC,None,None,E,BD,5281
1884,2025-01-29,6:14,Wednesday,ISLINGTON STATION,PUSTS,4,8,E,BD,5104
1885,2025-01-29,7:10,Wednesday,COLLEGE STATION,SUO,None,None,None,YU,None
1886,2025-01-29,7:19,Wednesday,DUPONT STATION,PUSAC,8,10,S,YU,6096
1887,2025-01-29,7:24,Wednesday,ISLINGTON STATION,SUUT,3,5,W,BD,5073
1888,2025-01-29,8:01,Wednesday,FINCH WEST STATION,PUMEL,None,None,None,YU,None
1889,2025-01-29,8:28,Wednesday,KENNEDY BD STATION,MUPAA,None,None,W,BD,5187
1890,2025-01-29,8:32,Wednesday,KENNEDY BD STATION,EUSC,None,None,W,BD,5174
1891,2025-01-29,9:01,Wednesday,COLLEGE STATION,SUDP,11,13,N,YU,5556
1892,2025-01-29,9:06,Wednesday,QUEEN'S PARK STATION,MUIS,None,None,None,YU,None
1893,2025-01-29,9:12,Wednesday,BATHURST STATION,EUSC,None,None,W,BD,5369
1894,2025-01-29,9:30,Wednesday,FINCH STATION,PUOPO,None,None,S,YU,5646
1895,2025-01-29,10:00,Wednesday,CHRISTIE STATION,PUMST,None,None,None,BD,None
1896,2025-01-29,10:21,Wednesday,ROSEDALE STATION,MUIR,10,12,N,YU,5421
1897,2025-01-29,10:41,Wednesday,VICTORIA PARK STATION,EUSC,None,None,W,BD,5369
1898,2025-01-29,11:28,Wednesday,FINCH STATION,SUUT,5,11,S,YU,6081
1899,2025-01-29,11:53,Wednesday,BLOOR STATION,SUDP,None,None,S,YU,None
1900,2025-01-29,12:40,Wednesday,VICTORIA PARK STATION,EUSC,None,None,W,BD,5369
1901,2025-01-29,12:44,Wednesday,SHEPPARD HUB,MUO,None,None,None,YU,None
1902,2025-01-29,12:56,Wednesday,KIPLING STATION,MUTO,19,23,E,BD,5121
1903,2025-01-29,13:15,Wednesday,KENNEDY BD STATION,PUSTC,None,None,W,BD,5242
1904,2025-01-29,13:26,Wednesday,RUNNYMEDE STATION,PUMEL,None,None,None,BD,None
1905,2025-01-29,13:27,Wednesday,WILSON STATION,TUO,6,11,N,YU,6121
1906,2025-01-29,13:30,Wednesday,ST GEORGE YUS STATION,MUPAA,4,8,N,YU,5646
1907,2025-01-29,13:40,Wednesday,SPADINA YUS STATION,SUO,None,None,N,YU,5731
1908,2025-01-29,13:40,Wednesday,SPADINA BD STATION,SUO,None,None,W,BD,5187
1909,2025-01-29,14:01,Wednesday,ST PATRICK STATION,SUAP,None,None,N,YU,5651
1910,2025-01-29,14:12,Wednesday,VICTORIA PARK STATION,TUS,4,8,W,BD,5167
1911,2025-01-29,14:16,Wednesday,DUFFERIN STATION,EUSC,None,None,W,BD,5263
1912,2025-01-29,14:21,Wednesday,WILSON STATION,TUO,3,6,N,YU,6071
1913,2025-01-29,14:26,Wednesday,SHERBOURNE STATION,SUAP,None,None,W,BD,5155
1914,2025-01-29,14:36,Wednesday,DONLANDS STATION,TUS,4,8,W,BD,5308
1915,2025-01-29,14:40,Wednesday,DUNDAS WEST STATION,PUSNT,None,None,W,BD,5042
1916,2025-01-29,14:42,Wednesday,DONLANDS STATION,MUPAA,4,8,W,BD,5362
1917,2025-01-29,14:50,Wednesday,DUFFERIN STATION,TUS,6,10,E,BD,5166
1918,2025-01-29,15:01,Wednesday,COXWELL STATION,TUO,4,8,E,BD,5281
1919,2025-01-29,15:08,Wednesday,HIGHWAY 407 STATION,MUPAA,4,8,N,YU,5426
1920,2025-01-29,15:28,Wednesday,CHESTER STATION,SUAP,5,9,E,BD,None
1921,2025-01-29,15:32,Wednesday,GREENWOOD STATION,SUAP,None,None,None,BD,None
1922,2025-01-29,15:58,Wednesday,BLOOR STATION,MUIS,None,None,S,YU,None
1923,2025-01-29,16:16,Wednesday,YORK MILLS STATION,SUDP,3,7,S,YU,5836
1924,2025-01-29,16:27,Wednesday,WARDEN STATION,SUO,None,None,E,BD,5319
1925,2025-01-29,16:30,Wednesday,LAWRENCE STATION,MUI,None,None,N,YU,5786
1926,2025-01-29,17:52,Wednesday,SHERBOURNE STATION,MUTD,3,6,W,BD,5313
1927,2025-01-29,18:07,Wednesday,COXWELL STATION,MUCL,3,6,E,BD,None
1928,2025-01-29,18:14,Wednesday,KING STATION,SUO,None,None,None,YU,None
1929,2025-01-29,18:40,Wednesday,ROSEDALE STATION,SUDP,3,6,N,YU,5831
1930,2025-01-29,20:05,Wednesday,BROADVIEW STATION,SUDP,9,13,E,BD,5091
1931,2025-01-29,20:37,Wednesday,BLOOR STATION,SUDP,4,8,N,YU,6166
1932,2025-01-29,20:44,Wednesday,FINCH STATION,MUIS,None,None,None,YU,None
1933,2025-01-29,20:47,Wednesday,WARDEN STATION,SUDP,5,10,E,BD,5244
1934,2025-01-29,21:34,Wednesday,SUMMERHILL STATION,MUIR,19,25,N,YU,5981
1935,2025-01-29,21:42,Wednesday,ST ANDREW STATION,SUDP,None,None,None,YU,None
1936,2025-01-29,21:59,Wednesday,YORKDALE STATION,SUO,3,7,N,YU,6086
1937,2025-01-29,22:00,Wednesday,YONGE-UNIVERSITY AND B,MUO,None,None,None,YU/BD,None
1938,2025-01-29,22:18,Wednesday,UNION STATION TO KING,SUDP,3,9,N,YU,5696
1939,2025-01-29,22:36,Wednesday,FINCH STATION,TUO,3,9,N,YU,5966
1940,2025-01-29,22:46,Wednesday,ST GEORGE BD STATION,MUSC,None,None,E,BD,5091
1941,2025-01-29,22:48,Wednesday,LAWRENCE STATION,PUOPO,5,11,N,YU,5696
1942,2025-01-29,22:55,Wednesday,SPADINA BD STATION,PUMEL,None,None,None,BD,None
1943,2025-01-29,23:00,Wednesday,ST ANDREW TO ST GEORGE,MUO,None,None,None,YU,None
1944,2025-01-29,23:00,Wednesday,ST. GEORGE TO ST. ANDR,MUO,None,None,None,YU,None
1945,2025-01-29,23:07,Wednesday,WARDEN STATION,EUSC,None,None,W,BD,5352
1946,2025-01-29,23:48,Wednesday,DUPONT STATION,SUDP,4,11,S,YU,6096
1947,2025-01-29,0:01,Wednesday,EGLINTON STATION,SUO,None,None,None,YU,None
1948,2025-01-29,0:29,Wednesday,ST PATRICK STATION,SUUT,None,None,S,YU,None
1949,2025-01-29,0:47,Wednesday,LANSDOWNE STATION,PUMO,30,35,W,BD,5155
1950,2025-01-29,1:33,Wednesday,FINCH STATION,MUPAA,None,None,N,YU,6116
1951,2025-01-29,1:35,Wednesday,VAUGHAN MC STATION,MUIS,None,None,None,YU,None
1952,2025-01-29,1:36,Wednesday,SUMMERHILL STATION,MUPAA,3,9,N,YU,5421
1953,2025-01-29,2:22,Wednesday,SHEPPARD-YONGE STATION,SUDP,None,None,None,SHP,None
1954,2025-01-29,2:39,Wednesday,SHEPPARD-YONGE STATION,MUIS,None,None,None,SHP,None
1955,2025-01-29,0:33,Wednesday,BAYVIEW STATION,MUPAA,None,None,W,SHP,6186
1956,2025-01-30,3:47,Thursday,DUNDAS WEST STATION,MUNCA,None,None,None,BD,None
1957,2025-01-30,5:44,Thursday,EGLINTON STATION,PUSAC,5,10,N,YU,5416
1958,2025-01-30,5:59,Thursday,KING STATION,PUTR,6,None,S,YU,5816
1959,2025-01-30,6:42,Thursday,GREENWOOD STATION,PUMO,None,None,None,BD,None
1960,2025-01-30,7:09,Thursday,KENNEDY BD STATION,SUDP,None,None,None,BD,None
1961,2025-01-30,7:30,Thursday,KEELE STATION,MUSC,None,None,W,BD,5204
1962,2025-01-30,7:37,Thursday,DUFFERIN STATION,SUDP,None,None,None,BD,None
1963,2025-01-30,7:39,Thursday,WARDEN STATION,MUSC,None,None,E,BD,5369
1964,2025-01-30,7:45,Thursday,SPADINA YUS STATION,MUTO,None,None,None,YU,None
1965,2025-01-30,7:48,Thursday,BLOOR STATION,MUPAA,None,None,S,YU,5941
1966,2025-01-30,8:17,Thursday,EGLINTON WEST STATION,PUOPO,4,7,N,YU,5441
1967,2025-01-30,8:33,Thursday,SPADINA YUS STATION,MUIS,None,None,None,YU,None
1968,2025-01-30,8:40,Thursday,ROSEDALE STATION,MUI,8,10,S,YU,5866
1969,2025-01-30,8:45,Thursday,EGLINTON STATION,PUOPO,None,None,N,YU,5701
1970,2025-01-30,8:49,Thursday,DONLANDS STATION,TUSC,None,None,E,BD,5182
1971,2025-01-30,8:52,Thursday,DUNDAS WEST STATION,MUSC,None,None,E,BD,5369
1972,2025-01-30,9:13,Thursday,SPADINA YUS STATION,MUIR,None,None,N,YU,5776
1973,2025-01-30,9:41,Thursday,KIPLING STATION,MUPAA,None,None,E,BD,5028
1974,2025-01-30,9:45,Thursday,BLOOR STATION,MUIR,3,8,S,YU,5491
1975,2025-01-30,9:47,Thursday,SUMMERHILL STATION,SUDP,7,12,N,YU,5446
1976,2025-01-30,10:08,Thursday,GREENWOOD STATION,MUSC,None,None,W,BD,5246
1977,2025-01-30,11:21,Thursday,UNION STATION,MUIR,None,None,S,YU,5701
1978,2025-01-30,11:42,Thursday,KEELE STATION,MUTO,4,8,W,BD,5104
1979,2025-01-30,12:40,Thursday,OSGOODE STATION,SUDP,None,None,N,YU,5691
1980,2025-01-30,13:08,Thursday,GREENWOOD STATION,MUIR,9,13,E,BD,5113
1981,2025-01-30,13:21,Thursday,BLOOR STATION,PUMO,None,None,S,YU,5746
1982,2025-01-30,13:22,Thursday,YONGE BD STATION,MUO,None,None,W,BD,5297
1983,2025-01-30,13:28,Thursday,EGLINTON STATION,MUNCA,None,None,None,YU,None
1984,2025-01-30,14:32,Thursday,BLOOR STATION,SUO,None,None,S,YU,5716
1985,2025-01-30,14:40,Thursday,WELLESLEY STATION,MUPAA,3,7,S,YU,5716
1986,2025-01-30,14:48,Thursday,LANSDOWNE STATION,SUDP,4,8,E,BD,5059
1987,2025-01-30,15:03,Thursday,YONGE BD STATION,SUDP,4,8,E,BD,5059
1988,2025-01-30,15:05,Thursday,VAUGHAN MC STATION,TUSET,3,7,S,YU,5736
1989,2025-01-30,15:26,Thursday,SPADINA YUS STATION,MUIS,None,None,S,YU,None
1990,2025-01-30,16:00,Thursday,ST CLAIR STATION,SUDP,4,8,N,YU,5381
1991,2025-01-30,16:11,Thursday,BLOOR STATION,MUIS,None,None,N,YU,None
1992,2025-01-30,16:17,Thursday,ST CLAIR WEST STATION,MUIS,None,None,None,YU,None
1993,2025-01-30,16:30,Thursday,DAVISVILLE STATION,MUNCA,None,None,None,YU,None
1994,2025-01-30,16:30,Thursday,LANSDOWNE STATION,MUTD,3,6,E,BD,5104
1995,2025-01-30,16:32,Thursday,DAVISVILLE STATION,SUDP,None,None,N,YU,5916
1996,2025-01-30,16:33,Thursday,VICTORIA PARK STATION,SUDP,4,7,W,BD,5042
1997,2025-01-30,16:34,Thursday,DAVISVILLE STATION,SUDP,None,None,N,YU,6001
1998,2025-01-30,16:42,Thursday,ST PATRICK STATION,MUIR,13,17,N,YU,6086
1999,2025-01-30,17:32,Thursday,WILSON STATION,EUDO,6,9,N,YU,5971
2000,2025-01-30,17:39,Thursday,ST GEORGE BD STATION,SUDP,3,6,E,BD,5137
2001,2025-01-30,17:40,Thursday,SHEPPARD WEST STATION,EUDO,6,10,N,YU,5971
2002,2025-01-30,18:10,Thursday,NORTH YORK CTR STATION,SUAP,None,None,N,YU,None
2003,2025-01-30,18:14,Thursday,FINCH STATION,SUO,10,14,N,YU,5536
2004,2025-01-30,18:47,Thursday,UNION STATION,SUO,5,8,N,YU,5911
2005,2025-01-30,18:57,Thursday,SHEPPARD WEST STATION,MUIRS,None,None,N,YU,None
2006,2025-01-30,19:57,Thursday,BROADVIEW STATION,SUDP,28,33,W,BD,5235
2007,2025-01-30,20:02,Thursday,LAWRENCE WEST STATION,MUO,None,None,None,YU,None
2008,2025-01-30,20:03,Thursday,KENNEDY BD STATION,TUO,5,10,W,BD,5344
2009,2025-01-30,20:46,Thursday,KEELE STATION,SUO,None,None,E,BD,None
2010,2025-01-30,21:48,Thursday,FINCH STATION,MUIS,None,None,None,YU,None
2011,2025-01-30,21:57,Thursday,BAY LOWER,PUSNT,None,None,None,BD,None
2012,2025-01-30,22:00,Thursday,YONGE-UNIVERSITY AND B,MUO,None,None,None,YU/BD,None
2013,2025-01-30,22:15,Thursday,WELLESLEY STATION,MUIS,None,None,None,YU,None
2014,2025-01-30,22:24,Thursday,PAPE STATION,SUDP,None,None,None,BD,None
2015,2025-01-30,23:00,Thursday,ST ANDREW TO ST GEORGE,MUO,None,None,None,YU,None
2016,2025-01-30,23:03,Thursday,WILSON STATION,SUO,None,None,None,YU,None
2017,2025-01-30,23:08,Thursday,KIPLING STATION,MUGD,None,None,E,BD,None
2018,2025-01-30,23:31,Thursday,SPADINA BD STATION,MUIS,None,None,None,BD,None
2019,2025-01-30,0:18,Thursday,ST ANDREW STATION,SUO,None,None,None,YU,1579
2020,2025-01-30,0:40,Thursday,DUPONT STATION,MUIS,None,None,None,YU,None
2021,2025-01-30,0:58,Thursday,EGLINTON WEST STATION,SUDP,None,None,None,YU,None
2022,2025-01-31,2:02,Friday,WARDEN STATION,SUDP,3,8,E,BD,5261
2023,2025-01-31,2:11,Friday,FINCH STATION,MUIS,None,None,None,YU,None
2024,2025-01-31,2:33,Friday,FINCH STATION,MUIS,None,None,None,YU,None
2025,2025-01-31,3:56,Friday,MAIN STREET STATION,PUTWZ,None,None,None,BD,None
2026,2025-01-31,5:21,Friday,ST ANDREW STATION,PUTWZ,None,None,S,YU,5876
2027,2025-01-31,5:40,Friday,DUPONT STATION,TUNCA,None,None,None,YU,None
2028,2025-01-31,5:45,Friday,ROYAL YORK STATION,MUIRS,None,None,None,BD,None
2029,2025-01-31,5:53,Friday,KEELE STATION,TUNIP,4,7,W,BD,5102
2030,2025-01-31,5:56,Friday,EGLINTON STATION,PUTO,5,10,N,YU,5506
2031,2025-01-31,5:59,Friday,KING STATION,PUTR,10,None,S,YU,6101
2032,2025-01-31,6:11,Friday,YORKDALE STATION,PUOPO,16,19,S,YU,5586
2033,2025-01-31,6:18,Friday,LANSDOWNE STATION,MUIE,None,None,None,BD,None
2034,2025-01-31,6:34,Friday,ST GEORGE BD STATION,EUSC,None,None,W,BD,5189
2035,2025-01-31,6:48,Friday,YORKDALE STATION,PUMEL,None,None,None,YU,None
2036,2025-01-31,6:53,Friday,OSSINGTON STATION,TUSC,None,None,W,BD,5187
2037,2025-01-31,7:15,Friday,SHEPPARD WEST STATION,MUIS,None,None,None,YU,None
2038,2025-01-31,7:35,Friday,LAWRENCE STATION,MUPAA,3,6,S,YU,5996
2039,2025-01-31,7:41,Friday,FINCH STATION,EUDO,None,None,S,YU,5781
2040,2025-01-31,8:04,Friday,FINCH STATION,MUATC,3,6,S,YU,5426
2041,2025-01-31,8:46,Friday,ROSEDALE STATION,SUDP,None,None,None,YU,None
2042,2025-01-31,9:44,Friday,CHESTER STATION,TUSC,None,None,E,BD,5139
2043,2025-01-31,10:07,Friday,VAUGHAN MC STATION,SUO,None,None,None,YU,None
2044,2025-01-31,10:25,Friday,EGLINTON WEST STATION,SUO,None,None,S,YU,None
2045,2025-01-31,10:26,Friday,UNION STATION (TO ST A,MUATC,4,8,N,YU,5631
2046,2025-01-31,10:54,Friday,YORK MILLS STATION,SUROB,None,None,None,YU,None
2047,2025-01-31,11:15,Friday,GREENWOOD YARD,SUG,None,None,None,BD,5253
2048,2025-01-31,11:54,Friday,YORKDALE STATION,PUSO,6,11,S,YU,5656
2049,2025-01-31,11:56,Friday,BATHURST STATION,MUI,34,38,W,BD,5116
2050,2025-01-31,12:00,Friday,BLOOR STATION,SUDP,3,8,N,YU,5446
2051,2025-01-31,12:01,Friday,WILSON STATION,PUMST,None,None,None,YU,None
2052,2025-01-31,12:06,Friday,UNION STATION,MUIS,None,None,None,YU,None
2053,2025-01-31,12:28,Friday,COLLEGE STATION,MUPAA,3,8,S,YU,5826
2054,2025-01-31,12:46,Friday,BLOOR STATION,SUO,8,12,S,YU,5446
2055,2025-01-31,12:53,Friday,YONGE BD STATION,SUO,3,7,W,BD,5102
2056,2025-01-31,13:30,Friday,SUMMERHILL STATION,MUNCA,None,None,None,YU,None
2057,2025-01-31,13:40,Friday,COLLEGE STATION,SUAP,None,None,N,YU,6126
2058,2025-01-31,13:42,Friday,DAVISVILLE STATION,SUDP,4,8,N,YU,5741
2059,2025-01-31,14:00,Friday,EGLINTON STATION,MUNCA,None,None,None,YU,None
2060,2025-01-31,14:04,Friday,ST GEORGE YUS STATION,SUAE,6,10,N,YU,5676
2061,2025-01-31,14:15,Friday,LAWRENCE STATION,MUI,5,9,S,YU,6121
2062,2025-01-31,14:32,Friday,YORK MILLS STATION,SUDP,9,13,N,YU,5391
2063,2025-01-31,14:57,Friday,YORKDALE STATION,SUAP,16,20,N,YU,6011
2064,2025-01-31,14:59,Friday,BLOOR STATION,SUO,3,6,N,YU,5875
2065,2025-01-31,15:00,Friday,FINCH STATION,MUIR,3,7,N,YU,5701
2066,2025-01-31,15:07,Friday,DUNDAS STATION,MUIRS,None,None,S,YU,None
2067,2025-01-31,15:09,Friday,CASTLE FRANK STATION,SUDP,7,11,W,BD,5235
2068,2025-01-31,15:09,Friday,LAWRENCE WEST STATION,TUO,32,36,S,YU,5766
2069,2025-01-31,15:23,Friday,ISLINGTON STATION,EUSC,None,None,E,BD,5113
2070,2025-01-31,15:24,Friday,DUNDAS STATION,MUIRS,None,None,N,YU,None
2071,2025-01-31,15:24,Friday,DUNDAS WEST STATION,MUIS,None,None,None,BD,None
2072,2025-01-31,15:29,Friday,EGLINTON WEST STATION,MUPAA,None,None,N,YU,6041
2073,2025-01-31,16:01,Friday,ROYAL YORK STATION,PUSRA,8,11,E,BD,5341
2074,2025-01-31,16:23,Friday,LAWRENCE WEST STATION,TUO,None,None,None,YU,5766
2075,2025-01-31,16:35,Friday,WELLESLEY STATION,SUDP,None,None,None,YU,None
2076,2025-01-31,16:44,Friday,BLOOR STATION,MUIS,None,None,None,YU,None
2077,2025-01-31,17:06,Friday,ROYAL YORK STATION,MUIR,3,6,W,BD,5246
2078,2025-01-31,17:45,Friday,QUEEN STATION,SUEAS,12,15,S,YU,5511
2079,2025-01-31,17:54,Friday,SHEPPARD WEST STATION,MUIR,3,6,N,YU,5671
2080,2025-01-31,18:09,Friday,KIPLING STATION,EUDO,6,9,E,BD,5243
2081,2025-01-31,19:47,Friday,KIPLING STATION,TUSC,None,None,W,BD,5172
2082,2025-01-31,20:08,Friday,KENNEDY BD STATION,SUDP,3,6,None,BD,5358
2083,2025-01-31,20:18,Friday,KIPLING STATION,EUSC,None,None,E,BD,5094
2084,2025-01-31,20:28,Friday,JANE STATION,EUSC,None,None,E,BD,5094
2085,2025-01-31,20:46,Friday,VAUGHAN MC STATION,MUI,None,None,S,YU,6076
2086,2025-01-31,20:53,Friday,BATHURST STATION,MUIRS,None,None,None,BD,None
2087,2025-01-31,21:07,Friday,UNION STATION TO KING,MUD,4,8,N,YU,5601
2088,2025-01-31,21:16,Friday,BLOOR STATION,SUDP,None,None,N,YU,5601
2089,2025-01-31,21:35,Friday,PAPE STATION,SUDP,9,14,E,BD,5160
2090,2025-01-31,21:46,Friday,DAVISVILLE STATION,MUIR,3,7,N,YU,5621
2091,2025-01-31,21:49,Friday,DONLANDS STATION,SUDP,6,11,E,BD,5160
2092,2025-01-31,21:55,Friday,DONLANDS STATION,SUDP,None,None,W,BD,5229
2093,2025-01-31,22:00,Friday,YONGE-UNIVERSITY AND B,MUO,None,None,None,YU/BD,None
2094,2025-01-31,22:22,Friday,BLOOR STATION,MUIRS,None,None,S,YU,None
2095,2025-01-31,22:35,Friday,DAVISVILLE STATION,MUIRS,None,None,None,YU,None
2096,2025-01-31,22:56,Friday,SPADINA BD STATION,MUIE,None,None,None,BD,None
2097,2025-01-31,23:00,Friday,LINE 1 - YONGE UNIVERS,MUO,None,None,None,YU,None
2098,2025-01-31,23:10,Friday,DUNDAS STATION,SUAP,None,None,N,YU,None
2099,2025-01-31,0:01,Friday,BLOOR STATION,MUIS,None,None,None,YU,None
2100,2025-01-31,0:25,Friday,ST GEORGE YUS STATION,MUIRS,None,None,N,YU,None
2101,2025-01-31,1:08,Friday,SPADINA BD STATION,SUDP,9,14,W,BD,5172
2102,2025-01-31,1:19,Friday,QUEEN STATION,MUIS,None,None,None,YU,None
2103,2025-01-31,1:28,Friday,ST GEORGE YUS STATION,MUSAN,6,12,N,YU,6086
2104,2025-01-31,19:34,Friday,BAYVIEW STATION,EUSC,6,13,E,SHP,6181
2105,2025-02-01,4:32,Saturday,KIPLING STATION,SUUT,None,None,None,BD,None
2106,2025-02-01,5:49,Saturday,KIPLING STATION,EUSC,None,None,E,BD,5333
2107,2025-02-01,5:53,Saturday,KIPLING STATION,SUG,6,12,E,BD,5091
2108,2025-02-01,5:54,Saturday,WILSON STATION,MUNCA,None,None,None,YU,None
2109,2025-02-01,6:07,Saturday,YONGE UNIVERSITY LINE,MUO,None,None,B,YU,None
2110,2025-02-01,6:14,Saturday,SPADINA YUS STATION,PUOPO,16,None,N,YU,5906
2111,2025-02-01,6:16,Saturday,EGLINTON WEST STATION,SUO,None,None,None,YU,None
2112,2025-02-01,6:26,Saturday,SPADINA YUS STATION,TUCC,5,10,S,YU,5821
2113,2025-02-01,6:32,Saturday,DUPONT STATION,PUOPO,6,12,N,YU,5906
2114,2025-02-01,7:15,Saturday,SPADINA YUS STATION,MUIS,None,None,None,YU,None
2115,2025-02-01,7:40,Saturday,DUFFERIN STATION,MUPAA,None,None,E,BD,5086
2116,2025-02-01,9:57,Saturday,SHEPPARD STATION,MUIR,None,None,S,YU,5691
2117,2025-02-01,10:14,Saturday,DUNDAS STATION,SUDP,None,None,N,YU,5516
2118,2025-02-01,10:28,Saturday,KENNEDY BD STATION,MUSAN,6,11,W,BD,5021
2119,2025-02-01,10:31,Saturday,ST CLAIR STATION,SUDP,6,12,N,YU,5516
2120,2025-02-01,10:58,Saturday,BLOOR STATION,MUIRS,None,None,None,YU,None
2121,2025-02-01,11:04,Saturday,LAWRENCE STATION,SUDP,8,14,N,YU,5516
2122,2025-02-01,12:54,Saturday,UNION STATION,SUO,None,None,None,YU,None
2123,2025-02-01,13:03,Saturday,BROADVIEW STATION,EUSC,None,None,W,BD,5189
2124,2025-02-01,13:07,Saturday,CASTLE FRANK STATION,EUSC,None,None,W,BD,5189
2125,2025-02-01,13:32,Saturday,WELLESLEY STATION,MUPAA,3,9,N,YU,5676
2126,2025-02-01,13:42,Saturday,ISLINGTON STATION,SUDP,3,7,E,BD,5089
2127,2025-02-01,14:02,Saturday,SPADINA YUS STATION,MUIRS,None,None,None,YU,None
2128,2025-02-01,14:09,Saturday,HIGH PARK STATION,PUMEL,None,None,None,BD,None
2129,2025-02-01,14:19,Saturday,ISLINGTON STATION,TUO,None,None,W,BD,5159
2130,2025-02-01,14:27,Saturday,OSGOODE STATION,MUIS,None,None,None,YU,None
2131,2025-02-01,14:40,Saturday,KIPLING STATION,TUNIP,4,8,E,BD,5167
2132,2025-02-01,15:02,Saturday,SPADINA BD STATION,MUIS,5,9,W,BD,5148
2133,2025-02-01,15:08,Saturday,HIGH PARK STATION,MUNCA,None,None,None,BD,None
2134,2025-02-01,15:15,Saturday,BLOOR STATION,MUIS,None,None,None,YU,None
2135,2025-02-01,16:08,Saturday,ROYAL YORK STATION,MUO,4,8,W,BD,5278
2136,2025-02-01,16:21,Saturday,KIPLING STATION,TUO,4,8,W,BD,5159
2137,2025-02-01,16:26,Saturday,ISLINGTON STATION,MUIS,None,None,None,BD,None
2138,2025-02-01,16:35,Saturday,WELLESLEY STATION,SUDP,8,14,S,YU,5546
2139,2025-02-01,16:57,Saturday,KIPLING STATION,TUO,4,8,W,BD,5278
2140,2025-02-01,17:06,Saturday,DUNDAS STATION,MUO,8,14,N,YU,5546
2141,2025-02-01,17:18,Saturday,WELLESLEY STATION,PUOPO,3,9,N,YU,5541
2142,2025-02-01,17:33,Saturday,DAVISVILLE STATION,MUPAA,3,9,N,YU,5541
2143,2025-02-01,17:57,Saturday,DUNDAS STATION,MUPAA,5,11,S,YU,6011
2144,2025-02-01,18:38,Saturday,ISLINGTON STATION,TUSC,None,None,E,BD,5218
2145,2025-02-01,19:12,Saturday,ST GEORGE YUS STATION,MUD,3,9,S,YU,5461
2146,2025-02-01,19:57,Saturday,BLOOR STATION,SUO,None,None,None,YU,None
2147,2025-02-01,20:22,Saturday,GLENCAIRN STATION,SUDP,15,21,N,YU,6001
2148,2025-02-01,21:03,Saturday,WELLESLEY STATION,SUDP,5,11,S,YU,5511
2149,2025-02-01,22:00,Saturday,YONGE-UNIVERSITY AND B,MUO,None,None,None,YU/BD,None
2150,2025-02-01,22:29,Saturday,YONGE BD STATION,SUO,None,None,None,BD,None
2151,2025-02-01,22:34,Saturday,ST CLAIR STATION,MUIS,16,22,N,YU,6016
2152,2025-02-01,22:44,Saturday,BAY STATION,MUIRS,None,None,None,BD,None
2153,2025-02-01,22:58,Saturday,HIGH PARK STATION,SUDP,17,23,E,BD,5192
2154,2025-02-01,23:20,Saturday,EGLINTON STATION,MUIRS,None,None,None,YU,None
2155,2025-02-01,23:36,Saturday,MAIN STREET STATION,MUIRS,None,None,W,BD,None
2156,2025-02-01,23:36,Saturday,COLLEGE STATION,MUIS,None,None,None,YU,None
2157,2025-02-01,23:46,Saturday,YONGE BD STATION,SUAP,None,None,E,BD,5058
2158,2025-02-01,0:30,Saturday,KEELE STATION,SUO,None,None,E,BD,None
2159,2025-02-01,0:35,Saturday,DUNDAS STATION,SUDP,None,None,N,YU,None
2160,2025-02-01,0:43,Saturday,BLOOR STATION,SUDP,6,12,N,YU,5516
2161,2025-02-01,0:44,Saturday,KEELE STATION,SUO,None,None,None,BD,None
2162,2025-02-01,1:46,Saturday,SHEPPARD WEST STATION,MUIS,None,None,S,YU,None
2163,2025-02-01,1:49,Saturday,WELLESLEY STATION,SUUT,None,None,N,YU,None
2164,2025-02-01,1:54,Saturday,PIONEER VILLAGE STATIO,MUIS,None,None,None,YU,None
2165,2025-02-01,1:54,Saturday,KIPLING STATION,MUI,None,None,E,BD,5218
2166,2025-02-01,9:17,Saturday,BESSARION STATION,MUNCA,None,None,None,SHP,None
2167,2025-02-02,2:30,Sunday,KIPLING STATION,SUO,None,None,None,BD,5159
2168,2025-02-02,8:10,Sunday,ST. GEORGE TO ST. ANDR,MUO,None,None,None,YU,None
2169,2025-02-02,8:23,Sunday,DUNDAS WEST STATION,SUDP,3,12,E,BD,5218
2170,2025-02-02,8:26,Sunday,QUEEN STATION,SUUT,None,None,S,YU,5546
2171,2025-02-02,8:50,Sunday,DONLANDS STATION,PUTO,None,None,E,BD,5318
2172,2025-02-02,9:07,Sunday,KENNEDY BD STATION,MUO,4,8,W,BD,5318
2173,2025-02-02,9:47,Sunday,QUEEN STATION,SUO,None,None,None,YU,None
2174,2025-02-02,10:33,Sunday,SPADINA BD STATION,TUO,None,None,E,BD,5297
2175,2025-02-02,10:43,Sunday,KIPLING STATION,MUSAN,3,7,E,BD,5286
2176,2025-02-02,11:04,Sunday,BATHURST STATION,TUO,None,None,W,BD,5165
2177,2025-02-02,11:37,Sunday,KENNEDY BD STATION,MUSAN,3,7,W,BD,5286
2178,2025-02-02,11:39,Sunday,COLLEGE STATION,SUDP,14,20,S,YU,5511
2179,2025-02-02,11:56,Sunday,COLLEGE STATION,MUIRS,None,None,None,YU,None
2180,2025-02-02,12:10,Sunday,ST ANDREW STATION,SUDP,3,9,S,YU,5676
2181,2025-02-02,12:35,Sunday,YONGE BD STATION,MUO,None,None,W,BD,5019
2182,2025-02-02,12:35,Sunday,BLOOR STATION,MUO,None,None,N,YU,5541
2183,2025-02-02,12:54,Sunday,HIGHWAY 407 STATION,PUOPO,3,9,N,YU,6061
2184,2025-02-02,12:59,Sunday,HIGHWAY 407 STATION,PUOPO,None,None,None,YU,None
2185,2025-02-02,13:14,Sunday,BAY STATION,SUO,None,None,None,BD,None
2186,2025-02-02,13:29,Sunday,COXWELL STATION,PUSI,None,None,E,BD,5080
2187,2025-02-02,13:29,Sunday,YONGE BD STATION,SUDP,4,9,E,BD,5121
2188,2025-02-02,13:41,Sunday,MAIN STREET STATION,EUTM,3,9,E,BD,5265
2189,2025-02-02,14:08,Sunday,FINCH STATION,SUDP,None,None,None,YU,None
2190,2025-02-02,14:16,Sunday,JANE STATION,PUMEL,None,None,None,BD,None
2191,2025-02-02,14:50,Sunday,HIGH PARK STATION,PUMST,None,None,None,BD,None
2192,2025-02-02,15:03,Sunday,KEELE STATION,MUSC,None,None,W,BD,5330
2193,2025-02-02,15:06,Sunday,FINCH STATION,PUATC,None,None,N,YU,6046
2194,2025-02-02,15:15,Sunday,WARDEN STATION,MUSC,None,None,E,BD,5322
2195,2025-02-02,15:44,Sunday,DUNDAS STATION,SUDP,3,9,N,YU,5801
2196,2025-02-02,16:27,Sunday,KENNEDY BD STATION,MUSAN,3,8,E,BD,5080
2197,2025-02-02,17:11,Sunday,YONGE BD STATION,MUIS,None,None,W,BD,None
2198,2025-02-02,17:18,Sunday,KIPLING STATION,SUDP,4,8,E,BD,5207
2199,2025-02-02,17:25,Sunday,UNION STATION,SUAP,None,None,None,YU,None
2200,2025-02-02,17:39,Sunday,DUNDAS STATION,MUIS,None,None,None,YU,None
2201,2025-02-02,17:41,Sunday,YONGE BD STATION,SUDP,4,9,W,BD,5174
2202,2025-02-02,17:42,Sunday,FINCH STATION,SUDP,None,None,None,YU,None
2203,2025-02-02,17:47,Sunday,ST ANDREW STATION,EUO,6,12,S,YU,5541
2204,2025-02-02,17:54,Sunday,FINCH STATION,PUATC,6,12,S,YU,6041
2205,2025-02-02,18:14,Sunday,ROYAL YORK STATION,SUO,None,None,None,BD,None
2206,2025-02-02,18:28,Sunday,DUNDAS STATION,MUPAA,None,None,N,YU,5801
2207,2025-02-02,19:23,Sunday,ST CLAIR WEST STATION,MUNCA,None,None,None,YU,None
2208,2025-02-02,20:27,Sunday,ST GEORGE YUS STATION,PUMEL,None,None,None,YU,None
2209,2025-02-02,20:46,Sunday,YONGE BD STATION,PUMEL,None,None,None,BD,None
2210,2025-02-02,21:11,Sunday,UNION STATION,MUIRS,None,None,None,YU,None
2211,2025-02-02,21:21,Sunday,LAWRENCE STATION,MUIS,None,None,None,YU,None
2212,2025-02-02,22:00,Sunday,YONGE-UNIVERSITY AND B,MUO,None,None,None,YU/BD,None
2213,2025-02-02,22:01,Sunday,DONLANDS STATION,TUSC,None,None,W,BD,5358
2214,2025-02-02,22:12,Sunday,WILSON STATION,SUDP,None,None,None,YU,None
2215,2025-02-02,22:25,Sunday,WELLESLEY STATION,SUAE,None,None,None,YU,None
2216,2025-02-02,22:34,Sunday,ST ANDREW STATION,SUDP,6,12,S,YU,5801
2217,2025-02-02,22:39,Sunday,GREENWOOD STATION,TUSC,None,None,W,BD,5308
2218,2025-02-02,23:05,Sunday,ISLINGTON STATION,MUIRS,None,None,None,BD,None
2219,2025-02-02,23:08,Sunday,SHERBOURNE STATION,MUIRS,None,None,W,BD,None
2220,2025-02-02,23:53,Sunday,OSGOODE STATION,SUDP,None,None,None,YU,None
2221,2025-02-02,0:14,Sunday,FINCH STATION,SUDP,None,None,None,YU,None
2222,2025-02-02,0:29,Sunday,BLOOR STATION,SUDP,None,None,None,YU,None
2223,2025-02-02,0:33,Sunday,DAVISVILLE STATION,MUPAA,4,12,S,YU,5441
2224,2025-02-02,0:49,Sunday,BAY STATION,SUO,None,None,E,BD,None
2225,2025-02-02,0:55,Sunday,LAWRENCE STATION,SUUT,None,None,N,YU,5801
2226,2025-02-02,1:02,Sunday,YORK UNIVERSITY STATIO,PUMEL,None,None,None,YU,None
2227,2025-02-02,1:20,Sunday,ST ANDREW STATION,PUATC,6,12,N,YU,5446
2228,2025-02-02,1:29,Sunday,UNION STATION,MUPAA,3,6,S,YU,5396
2229,2025-02-02,1:37,Sunday,LANSDOWNE STATION,MUSAN,6,12,E,BD,5281
2230,2025-02-02,2:26,Sunday,DON MILLS STATION,MUSC,None,None,W,SHP,6161
2231,2025-02-03,2:50,Monday,FINCH STATION,MUIS,None,None,None,YU,None
2232,2025-02-03,4:27,Monday,ISLINGTON STATION,MUNCA,None,None,None,BD,None
2233,2025-02-03,5:15,Monday,JANE STATION,MUNCA,None,None,None,BD,None
2234,2025-02-03,5:30,Monday,CHRISTIE STATION,MUNCA,None,None,None,BD,None
2235,2025-02-03,5:35,Monday,YORK UNIVERSITY STATIO,MUNCA,None,None,None,YU,None
2236,2025-02-03,5:38,Monday,YORK MILLS STATION,EUNEA,4,None,N,YU,5681
2237,2025-02-03,5:38,Monday,EGLINTON STATION,EUNEA,4,None,N,YU,5391
2238,2025-02-03,5:45,Monday,BROADVIEW STATION,MUIRS,None,None,None,BD,None
2239,2025-02-03,5:49,Monday,ST CLAIR STATION,SUDP,3,None,S,YU,6091
2240,2025-02-03,5:59,Monday,KING STATION,PUTR,10,None,S,YU,6091
2241,2025-02-03,6:23,Monday,DONLANDS STATION,SUG,3,6,W,BD,5220
2242,2025-02-03,6:29,Monday,MUSEUM STATION,MUNCA,None,None,None,YU,None
2243,2025-02-03,6:38,Monday,BATHURST STATION,MUIR,3,8,E,BD,5163
2244,2025-02-03,7:02,Monday,EGLINTON STATION,PUOPO,3,6,S,YU,5586
2245,2025-02-03,7:12,Monday,ST CLAIR STATION,PUOPO,4,7,S,YU,5586
2246,2025-02-03,7:20,Monday,DUFFERIN STATION,MUIS,None,None,None,BD,None
2247,2025-02-03,7:23,Monday,BLOOR STATION,PUOPO,None,None,S,YU,5586
2248,2025-02-03,7:28,Monday,WELLESLEY STATION,PUOPO,7,10,S,YU,5586
2249,2025-02-03,7:31,Monday,OSGOODE STATION,PUATC,None,None,S,YU,5846
2250,2025-02-03,7:38,Monday,OSGOODE STATION,MUO,5,8,S,YU,5641
2251,2025-02-03,8:06,Monday,BLOOR STATION,PUMEL,None,None,None,YU,None
2252,2025-02-03,8:16,Monday,YORK MILLS STATION,MUIS,None,None,N,YU,None
2253,2025-02-03,8:32,Monday,WELLESLEY STATION,MUPAA,4,6,S,YU,5816
2254,2025-02-03,9:10,Monday,FINCH STATION,EUATC,4,6,S,YU,5606
2255,2025-02-03,9:51,Monday,ROSEDALE STATION,MUIR,9,12,S,YU,5971
2256,2025-02-03,9:52,Monday,DUPONT STATION,SUDP,15,19,S,YU,5741
2257,2025-02-03,10:02,Monday,UNION STATION,MUIR,None,None,N,YU,5901
2258,2025-02-03,10:23,Monday,ST CLAIR STATION,PUMEL,None,None,None,YU,None
2259,2025-02-03,10:39,Monday,QUEEN STATION,SUO,3,8,S,YU,5791
2260,2025-02-03,10:50,Monday,OSGOODE STATION,MUIR,None,None,N,YU,5726
2261,2025-02-03,11:09,Monday,ST ANDREW STATION,TUO,None,None,N,YU,5391
2262,2025-02-03,11:11,Monday,LAWRENCE WEST STATION,MUIS,None,None,None,YU,None
2263,2025-02-03,11:41,Monday,ISLINGTON STATION,SUDP,None,None,None,BD,None
2264,2025-02-03,12:09,Monday,BLOOR STATION,MUIS,None,None,None,YU,None
2265,2025-02-03,12:12,Monday,ST GEORGE YUS STATION,MUIR,None,None,N,YU,6086
2266,2025-02-03,12:21,Monday,QUEEN'S PARK STATION,PUMEL,None,None,None,YU,None
2267,2025-02-03,12:32,Monday,ST CLAIR WEST STATION,SUAP,None,None,S,YU,5901
2268,2025-02-03,12:47,Monday,DUNDAS STATION,SUDP,None,None,N,YU,5501
2269,2025-02-03,13:07,Monday,ISLINGTON STATION,TUNCA,None,None,None,BD,None
2270,2025-02-03,13:28,Monday,HIGHWAY 407 STATION,PUOPO,None,None,S,YU,5391
2271,2025-02-03,13:31,Monday,FINCH STATION,EUO,3,7,S,YU,5426
2272,2025-02-03,13:42,Monday,DUPONT STATION,MUPAA,4,9,N,YU,5706
2273,2025-02-03,13:50,Monday,CHESTER STATION,SUDP,None,None,E,BD,5224
2274,2025-02-03,14:15,Monday,KENNEDY BD STATION,SUAP,None,None,None,BD,None
2275,2025-02-03,14:17,Monday,DAVISVILLE STATION,EUO,None,None,N,YU,6046
2276,2025-02-03,14:41,Monday,ISLINGTON STATION,PUMEL,None,None,None,BD,None
2277,2025-02-03,14:47,Monday,COXWELL STATION,SUUT,7,10,E,BD,5139
2278,2025-02-03,14:50,Monday,ST CLAIR WEST STATION,SUDP,None,None,None,YU,None
2279,2025-02-03,15:03,Monday,DONLANDS STATION,MUSC,None,None,W,BD,5077
2280,2025-02-03,15:34,Monday,YONGE-DUNDAS SQUARE,SUO,None,None,S,YU,5481
2281,2025-02-03,15:58,Monday,FINCH STATION,SUDP,4,8,S,YU,5706
2282,2025-02-03,16:20,Monday,DAVISVILLE YARD,SUG,None,None,None,YU,5576
2283,2025-02-03,16:26,Monday,KEELE STATION,MUIE,None,None,None,BD,None
2284,2025-02-03,16:26,Monday,WARDEN STATION,MUSC,None,None,W,BD,5300
2285,2025-02-03,16:32,Monday,MAIN STREET STATION,MUIR,14,17,E,BD,5080
2286,2025-02-03,16:39,Monday,QUEEN STATION,SUDP,None,None,None,YU,None
2287,2025-02-03,16:50,Monday,VAUGHAN MC STATION,MUIRS,None,None,None,YU,None
2288,2025-02-03,16:57,Monday,MAIN STREET STATION,PUMO,None,None,None,BD,None
2289,2025-02-03,17:03,Monday,SHEPPARD STATION,SUDP,None,None,None,YU,None
2290,2025-02-03,17:10,Monday,ST CLAIR WEST STATION,MUNCA,None,None,None,YU,None
2291,2025-02-03,17:19,Monday,YONGE BD STATION,EUDO,3,6,E,BD,5208
2292,2025-02-03,17:20,Monday,DUPONT STATION,MUNCA,None,None,None,YU,None
2293,2025-02-03,17:21,Monday,DONLANDS STATION,MUNCA,None,None,None,BD,None
2294,2025-02-03,17:24,Monday,SHEPPARD STATION,SUUT,4,8,S,YU,6501
2295,2025-02-03,17:37,Monday,KING STATION,SUDP,None,None,None,YU,None
2296,2025-02-03,17:55,Monday,KIPLING STATION,MUNCA,None,None,None,BD,None
2297,2025-02-03,18:13,Monday,UNION STATION,SUAE,None,None,None,YU,None
2298,2025-02-03,18:25,Monday,LANSDOWNE STATION,MUNCA,None,None,None,BD,None
2299,2025-02-03,18:44,Monday,BLOOR STATION,MUIRS,None,None,None,YU,None
2300,2025-02-03,18:50,Monday,GREENWOOD STATION,SUUT,4,8,W,BD,5344
2301,2025-02-03,19:00,Monday,ISLINGTON STATION,TUSC,None,None,E,BD,5083
2302,2025-02-03,19:01,Monday,QUEEN STATION,MUIRS,None,None,None,YU,None
2303,2025-02-03,19:50,Monday,QUEEN STATION,SUUT,None,None,S,YU,5426
2304,2025-02-03,19:53,Monday,ST GEORGE BD STATION,SUDP,6,11,W,BD,5016
2305,2025-02-03,19:55,Monday,WELLESLEY STATION,PUOPO,None,None,S,YU,5781
2306,2025-02-03,19:56,Monday,DUNDAS STATION,SUDP,None,None,S,YU,None
2307,2025-02-03,19:59,Monday,YONGE BD STATION,MUIS,None,None,None,BD,None
2308,2025-02-03,20:17,Monday,FINCH STATION,SUO,None,None,None,YU,None
2309,2025-02-03,20:42,Monday,SHEPPARD WEST STATION,SUAP,None,None,N,YU,5426
2310,2025-02-03,20:48,Monday,FINCH STATION,SUO,15,19,S,YU,6073
2311,2025-02-03,20:51,Monday,SPADINA BD STATION,MUSAN,4,9,E,BD,5336
2312,2025-02-03,20:52,Monday,SHEPPARD STATION,SUDP,None,None,None,YU,None
2313,2025-02-03,20:58,Monday,SPADINA BD STATION,SUUT,None,None,E,BD,None
2314,2025-02-03,20:59,Monday,ST ANDREW STATION,MUPAA,None,None,N,YU,5551
2315,2025-02-03,21:08,Monday,KENNEDY BD STATION,SUG,None,None,W,BD,5235
2316,2025-02-03,21:42,Monday,ST GEORGE BD STATION,SUUT,None,None,W,BD,5330
2317,2025-02-03,22:00,Monday,WELLESLEY STATION,SUO,None,None,None,YU,None
2318,2025-02-03,22:00,Monday,YONGE-UNIVERSITY AND B,MUO,None,None,None,YU/BD,None
2319,2025-02-03,22:59,Monday,SHEPPARD STATION,SUDP,9,14,N,YU,5541
2320,2025-02-03,23:00,Monday,LINE 1 - YONGE UNIVERS,MUO,None,None,None,YU,None
2321,2025-02-03,23:27,Monday,BAY STATION,SUDP,None,None,E,BD,None
2322,2025-02-03,23:30,Monday,EGLINTON STATION,MUIS,None,None,N,YU,None
2323,2025-02-03,0:00,Monday,ST CLAIR STATION,MUPAA,None,None,S,YU,5716
2324,2025-02-03,0:27,Monday,QUEEN STATION,SUDP,None,None,None,YU,None
2325,2025-02-03,0:44,Monday,MUSEUM STATION,SUDP,6,12,N,YU,5781
2326,2025-02-03,1:05,Monday,DUNDAS STATION,SUDP,None,None,S,YU,None
2327,2025-02-03,1:07,Monday,FINCH STATION,MUIS,None,None,None,YU,None
2328,2025-02-03,1:11,Monday,PAPE STATION,SUAE,22,27,E,BD,5083
2329,2025-02-03,1:27,Monday,SHEPPARD WEST STATION,SUDP,20,25,S,YU,5682
2330,2025-02-03,1:51,Monday,KIPLING STATION,MUIS,None,None,None,BD,None
2331,2025-02-03,1:54,Monday,KEELE STATION,PUTOE,None,None,W,BD,None
2332,2025-02-03,2:01,Monday,DON MILLS STATION,MUI,7,14,None,SHP,6186
2333,2025-02-03,6:34,Monday,LESLIE STATION,MUIRS,None,None,None,SHP,None
2334,2025-02-03,12:49,Monday,DON MILLS STATION,MUPAA,4,11,E,SHP,6191
2335,2025-02-03,13:30,Monday,BAYVIEW STATION,SUDP,6,13,E,SHP,6191
2336,2025-02-03,18:24,Monday,DON MILLS STATION,TUCC,4,11,E,SHP,6166
2337,2025-02-04,2:19,Tuesday,YORK UNIVERSITY STATIO,MUIS,None,None,None,YU,None
2338,2025-02-04,2:21,Tuesday,WILSON STATION,MUIS,None,None,None,YU,None
2339,2025-02-04,4:35,Tuesday,GREENWOOD YARD,SUG,None,None,None,BD,5246
2340,2025-02-04,5:25,Tuesday,ST CLAIR STATION,MUNCA,None,None,None,YU,None
2341,2025-02-04,5:31,Tuesday,FINCH STATION,PUTWZ,52,None,S,YU,6011
2342,2025-02-04,5:38,Tuesday,YORK MILLS STATION,PUTWZ,55,None,N,YU,5896
2343,2025-02-04,5:39,Tuesday,EGLINTON STATION,PUTWZ,40,None,N,YU,5496
2344,2025-02-04,5:54,Tuesday,KIPLING STATION,SUG,7,14,E,BD,5167
2345,2025-02-04,6:00,Tuesday,TORONTO TRANSIT COMMIS,MUO,None,None,None,YU/BD,None
2346,2025-02-04,7:16,Tuesday,YONGE BD STATION,MUDD,4,6,W,BD,5155
2347,2025-02-04,7:27,Tuesday,SUMMERHILL STATION,MUIR,3,6,S,YU,5866
2348,2025-02-04,8:02,Tuesday,BLOOR STATION,SUDP,5,7,N,YU,5752
2349,2025-02-04,8:41,Tuesday,YONGE BD STATION,SUDP,None,None,None,BD,None
2350,2025-02-04,8:55,Tuesday,LAWRENCE STATION,PUMEL,None,None,None,YU,None
2351,2025-02-04,10:37,Tuesday,UNION STATION,MUSAN,5,10,S,YU,5686
2352,2025-02-04,10:51,Tuesday,ST GEORGE YUS STATION,PUMO,None,None,S,YU,5821
2353,2025-02-04,10:56,Tuesday,QUEEN'S PARK STATION,PUMO,None,None,S,YU,5821
2354,2025-02-04,11:38,Tuesday,COXWELL STATION,MUIS,None,None,None,BD,None
2355,2025-02-04,11:40,Tuesday,WOODBINE STATION,TUSC,None,None,E,BD,5261
2356,2025-02-04,11:44,Tuesday,FINCH STATION,SUDP,None,None,None,YU,None
2357,2025-02-04,11:52,Tuesday,KIPLING STATION,MUO,6,10,E,BD,5067
2358,2025-02-04,12:06,Tuesday,WARDEN STATION,MUO,9,13,W,BD,5263
2359,2025-02-04,12:35,Tuesday,ST PATRICK STATION,SUAE,None,None,None,YU,None
2360,2025-02-04,12:51,Tuesday,DUNDAS STATION,SUSA,None,None,S,YU,5571
2361,2025-02-04,13:21,Tuesday,WELLESLEY STATION,PUMEL,None,None,None,YU,None
2362,2025-02-04,13:40,Tuesday,ST PATRICK STATION,MUNCA,None,None,None,YU,None
2363,2025-02-04,14:38,Tuesday,ISLINGTON STATION,SUAE,None,None,W,BD,5263
2364,2025-02-04,14:46,Tuesday,QUEEN STATION,MUNCA,None,None,None,YU,None
2365,2025-02-04,15:01,Tuesday,UNION STATION,SUAP,None,None,None,YU,None
2366,2025-02-04,15:19,Tuesday,VAUGHAN MC STATION,MUIS,None,None,None,YU,None
2367,2025-02-04,16:10,Tuesday,YONGE BD STATION,SUO,None,None,W,BD,5192
2368,2025-02-04,16:17,Tuesday,FINCH STATION,SUDP,None,None,None,YU,None
2369,2025-02-04,16:30,Tuesday,ST CLAIR WEST STATION,MUIR,4,8,N,YU,5546
2370,2025-02-04,16:55,Tuesday,ROSEDALE STATION,MUNCA,None,None,None,YU,None
2371,2025-02-04,16:57,Tuesday,ST. CLAIR WEST,PUOPO,8,11,S,YU,6066
2372,2025-02-04,17:09,Tuesday,KENNEDY BD STATION,TUSC,None,None,E,BD,5206
2373,2025-02-04,17:16,Tuesday,KING STATION,SUDP,None,None,S,YU,5691
2374,2025-02-04,17:40,Tuesday,WELLESLEY STATION,MUNCA,None,None,None,YU,None
2375,2025-02-04,17:48,Tuesday,EGLINTON STATION,MUPAA,3,6,N,YU,6091
2376,2025-02-04,19:27,Tuesday,BLOOR STATION,MUIS,None,None,N,YU,None
2377,2025-02-04,19:31,Tuesday,BLOOR STATION,MUIRS,None,None,S,YU,None
2378,2025-02-04,19:34,Tuesday,KIPLING STATION,MUTO,4,8,W,BD,5159
2379,2025-02-04,19:36,Tuesday,FINCH STATION,MUI,None,None,N,YU,5691
2380,2025-02-04,19:54,Tuesday,BROADVIEW STATION,MUIS,None,None,None,BD,None
2381,2025-02-04,20:15,Tuesday,KIPLING STATION,SUDP,None,None,None,BD,None
2382,2025-02-04,21:38,Tuesday,SPADINA YUS STATION,SUO,None,None,S,YU,None
2383,2025-02-04,21:47,Tuesday,SUMMERHILL STATION,SUDP,5,10,S,YU,5896
2384,2025-02-04,21:58,Tuesday,ST GEORGE BD STATION,MUIS,None,None,None,BD,None
2385,2025-02-04,22:00,Tuesday,YONGE-UNIVERSITY AND B,MUO,None,None,None,YU/BD,None
2386,2025-02-04,22:39,Tuesday,LAWRENCE STATION,PUOPO,11,17,S,YU,5401
2387,2025-02-04,22:56,Tuesday,EGLINTON STATION,PUOPO,4,10,S,YU,5401
2388,2025-02-04,23:00,Tuesday,YONGE UNIVERSITY LINE,MUO,None,None,None,YU,None
2389,2025-02-04,23:44,Tuesday,VAUGHAN MC STATION,SUDP,None,None,None,YU,5623
2390,2025-02-04,1:25,Tuesday,WARDEN STATION,MUI,20,25,E,BD,5237
2391,2025-02-04,5:58,Tuesday,DON MILLS STATION,MUPAA,None,None,W,SHP,6161
2392,2025-02-04,6:00,Tuesday,TORONTO TRANSIT COMMIS,MUO,None,None,None,SHP,None
2393,2025-02-04,8:31,Tuesday,SHEPPARD-YONGE STATION,PUSO,8,15,W,SHP,6161
2394,2025-02-05,2:09,Wednesday,ISLINGTON STATION,MUI,None,None,W,BD,5133
2395,2025-02-05,2:11,Wednesday,CHRISTIE STATION,SUDP,None,None,None,BD,None
2396,2025-02-05,5:03,Wednesday,COLLEGE STATION,MUNCA,None,None,None,YU,None
2397,2025-02-05,5:31,Wednesday,FINCH STATION,PUTWZ,19,None,S,YU,5791
2398,2025-02-05,5:46,Wednesday,DONLANDS STATION,MUSC,4,9,W,BD,5307
2399,2025-02-05,5:47,Wednesday,KEELE STATION,SUG,3,6,W,BD,5344
2400,2025-02-05,5:49,Wednesday,KIPLING STATION,EUSC,None,None,E,BD,5187
2401,2025-02-05,5:49,Wednesday,GREENWOOD STATION,TUO,5,10,E,BD,5363
2402,2025-02-05,6:18,Wednesday,EGLINTON STATION,PUTWZ,5,None,N,YU,5831
2403,2025-02-05,6:43,Wednesday,KENNEDY BD STATION,MUSC,None,None,E,BD,5182
2404,2025-02-05,6:55,Wednesday,BATHURST STATION,MUIRS,None,None,None,BD,None
2405,2025-02-05,7:03,Wednesday,ST GEORGE BD STATION,TUMVS,4,6,E,BD,5105
2406,2025-02-05,7:06,Wednesday,FINCH STATION,EUBK,4,7,S,YU,5631
2407,2025-02-05,7:07,Wednesday,BAY STATION,TUO,3,6,E,BD,5105
2408,2025-02-05,7:55,Wednesday,WOODBINE STATION,MUSC,None,None,E,BD,5028
2409,2025-02-05,8:01,Wednesday,FINCH STATION,SUDP,None,None,S,YU,5436
2410,2025-02-05,8:49,Wednesday,WOODBINE STATION,SUDP,None,None,E,BD,5159
2411,2025-02-05,9:07,Wednesday,YONGE BD STATION,SUDP,None,None,E,BD,5035
2412,2025-02-05,9:15,Wednesday,EGLINTON STATION,SUDP,3,6,N,YU,6022
2413,2025-02-05,10:03,Wednesday,YONGE BD STATION,MUO,None,None,W,BD,5290
2414,2025-02-05,10:05,Wednesday,CASTLE FRANK STATION,MUO,None,None,None,BD,None
2415,2025-02-05,10:19,Wednesday,WOODBINE STATION,TUSC,None,None,E,BD,5303
2416,2025-02-05,11:34,Wednesday,LAWRENCE WEST STATION,SUDP,None,None,N,YU,5606
2417,2025-02-05,13:16,Wednesday,DOWNSVIEW PARK STATION,SUDP,4,8,S,YU,5441
2418,2025-02-05,13:20,Wednesday,DOWNSVIEW PARK STATION,SUDP,None,None,S,YU,5441
2419,2025-02-05,13:52,Wednesday,EGLINTON STATION,PUMST,None,None,N,YU,None
2420,2025-02-05,13:55,Wednesday,BLOOR STATION,SUDP,None,None,S,YU,5606
2421,2025-02-05,14:09,Wednesday,SUMMERHILL STATION,SUDP,24,28,S,YU,5456
2422,2025-02-05,14:09,Wednesday,EGLINTON STATION,MUIS,None,None,None,YU,None
2423,2025-02-05,14:38,Wednesday,YONGE BD STATION,SUAP,None,None,E,BD,5089
2424,2025-02-05,15:19,Wednesday,ST GEORGE BD STATION,EUME,5,9,W,BD,5083
2425,2025-02-05,15:30,Wednesday,SHEPPARD WEST STATION,MUIS,None,None,S,YU,5561
2426,2025-02-05,15:34,Wednesday,ST PATRICK STATION,MUIS,None,None,None,YU,None
2427,2025-02-05,15:35,Wednesday,WARDEN STATION,MUIR,27,31,E,BD,5286
2428,2025-02-05,16:13,Wednesday,KENNEDY BD STATION,MUIRS,None,None,None,BD,None
2429,2025-02-05,16:33,Wednesday,KIPLING STATION,TUSC,None,None,W,BD,5127
2430,2025-02-05,16:38,Wednesday,SPADINA BD STATION,SUO,None,None,W,BD,None
2431,2025-02-05,17:22,Wednesday,SPADINA YUS STATION,MUIRS,None,None,None,YU,None
2432,2025-02-05,17:38,Wednesday,EGLINTON STATION,MUIS,None,None,None,YU,None
2433,2025-02-05,18:03,Wednesday,KIPLING STATION,MUDD,3,6,E,BD,5089
2434,2025-02-05,18:34,Wednesday,KIPLING STATION,SUDP,3,6,W,BD,5061
2435,2025-02-05,18:50,Wednesday,DUNDAS WEST STATION,SUO,None,None,E,BD,5019
2436,2025-02-05,19:29,Wednesday,FINCH WEST STATION,SUO,None,None,S,YU,5776
2437,2025-02-05,20:14,Wednesday,COXWELL STATION,SUDP,3,8,W,BD,5148
2438,2025-02-05,20:18,Wednesday,MAIN STREET STATION,MUPAA,3,8,W,BD,5091
2439,2025-02-05,20:33,Wednesday,BLOOR STATION,SUUT,None,None,N,YU,5876
2440,2025-02-05,20:36,Wednesday,COXWELL STATION,PUSRA,None,None,E,BD,5350
2441,2025-02-05,20:38,Wednesday,BATHURST STATION,SUDP,5,9,W,BD,5148
2442,2025-02-05,20:54,Wednesday,ST GEORGE YUS STATION,MUIS,None,None,N,YU,5396
2443,2025-02-05,21:08,Wednesday,SHERBOURNE STATION,MUIR,None,None,W,BD,5291
2444,2025-02-05,21:13,Wednesday,CHESTER STATION,MUIRS,None,None,W,BD,5261
2445,2025-02-05,21:26,Wednesday,KIPLING STATION,MUIS,None,None,None,BD,None
2446,2025-02-05,21:33,Wednesday,ST PATRICK STATION,MUNCA,None,None,None,YU,None
2447,2025-02-05,22:00,Wednesday,YONGE-UNIVERSITY AND B,MUO,None,None,None,YU/BD,None
2448,2025-02-05,22:01,Wednesday,KENNEDY BD STATION,MUI,None,None,None,BD,5148
2449,2025-02-05,23:00,Wednesday,YONGE UNIVERSITY LINE,MUO,None,None,None,YU,None
2450,2025-02-05,23:01,Wednesday,BATHURST STATION,MUIRS,None,None,None,BD,None
2451,2025-02-05,23:57,Wednesday,KEELE STATION,PUMST,None,None,None,BD,None
2452,2025-02-05,0:28,Wednesday,BROADVIEW STATION,SUDP,None,None,None,BD,None
2453,2025-02-05,0:43,Wednesday,BLOOR STATION,MUPAA,13,19,N,YU,5766
2454,2025-02-05,0:46,Wednesday,YONGE BD STATION,SUO,None,None,W,BD,5290
2455,2025-02-05,1:06,Wednesday,BLOOR STATION,SUDP,4,10,N,YU,None
2456,2025-02-05,1:32,Wednesday,VAUGHAN MC STATION,SUO,None,None,None,YU,5803
2457,2025-02-06,5:32,Thursday,SHERBOURNE STATION,MUIE,None,None,None,BD,None
2458,2025-02-06,5:40,Thursday,KENNEDY BD STATION,PUEO,3,None,W,BD,5290
2459,2025-02-06,6:08,Thursday,KING STATION,PUTR,8,None,S,YU,5577
2460,2025-02-06,6:29,Thursday,MAIN STREET STATION,MUSC,None,None,W,BD,5155
2461,2025-02-06,6:44,Thursday,DONLANDS STATION,MUSC,6,8,W,BD,5191
2462,2025-02-06,6:52,Thursday,CHRISTIE STATION,MUSC,None,None,E,BD,5292
2463,2025-02-06,7:09,Thursday,BROADVIEW STATION,MUIRS,None,None,None,BD,None
2464,2025-02-06,8:03,Thursday,KIPLING STATION,PUMO,None,None,None,BD,None
2465,2025-02-06,8:20,Thursday,YONGE BD STATION,MUIRS,None,None,None,BD,None
2466,2025-02-06,8:29,Thursday,KENNEDY BD STATION,SUDP,None,None,None,BD,None
2467,2025-02-06,8:34,Thursday,YORK MILLS STATION,PUMO,None,None,N,YU,None
2468,2025-02-06,8:42,Thursday,KIPLING STATION,TUSC,None,None,W,BD,5086
2469,2025-02-06,10:27,Thursday,ST PATRICK STATION,SUDP,None,None,S,YU,None
2470,2025-02-06,10:30,Thursday,DUNDAS WEST STATION,SUUT,None,None,E,BD,5059
2471,2025-02-06,11:22,Thursday,PAPE STATION,SUUT,None,None,E,BD,5077
2472,2025-02-06,11:50,Thursday,DANFORTH DIVSION,MUIE,None,None,None,BD,None
2473,2025-02-06,12:03,Thursday,BATHURST STATION,PUMEL,None,None,None,BD,None
2474,2025-02-06,12:34,Thursday,ST CLAIR WEST STATION,TUO,None,None,S,YU,5526
2475,2025-02-06,12:44,Thursday,KENNEDY BD STATION,EUME,6,10,W,BD,5324
2476,2025-02-06,14:39,Thursday,KIPLING STATION,EUNT,8,12,E,BD,5179
2477,2025-02-06,14:46,Thursday,QUEEN STATION,PUOPO,4,8,S,YU,5881
2478,2025-02-06,14:47,Thursday,SHEPPARD STATION,PUMST,None,None,None,YU,None
2479,2025-02-06,15:38,Thursday,DUFFERIN STATION,SUAP,None,None,None,BD,None
2480,2025-02-06,15:43,Thursday,BROADVIEW STATION,PUMEL,None,None,W,BD,None
2481,2025-02-06,16:00,Thursday,SPADINA BD STATION,MUNCA,None,None,None,BD,None
2482,2025-02-06,16:02,Thursday,ST PATRICK STATION,MUNCA,None,None,None,YU,None
2483,2025-02-06,16:04,Thursday,ROSEDALE STATION,MUPAA,None,None,N,YU,5756
2484,2025-02-06,16:10,Thursday,DUNDAS STATION,SUO,None,None,None,YU,None
2485,2025-02-06,16:59,Thursday,MUSEUM STATION,MUD,None,None,N,YU,5446
2486,2025-02-06,17:12,Thursday,BROADVIEW STATION,MUIR,3,6,W,BD,5348
2487,2025-02-06,17:21,Thursday,KIPLING STATION,MUPAA,None,None,E,BD,5263
2488,2025-02-06,17:27,Thursday,UNION STATION,PUMST,None,None,None,YU,None
2489,2025-02-06,17:32,Thursday,GLENCAIRN STATION,MUNCA,None,None,None,YU,None
2490,2025-02-06,17:32,Thursday,BATHURST STATION,SUAP,8,11,W,BD,5113
2491,2025-02-06,17:45,Thursday,UNION STATION,MUPAA,3,6,N,YU,5791
2492,2025-02-06,17:48,Thursday,DUNDAS WEST STATION,PUMST,None,None,E,BD,None
2493,2025-02-06,17:50,Thursday,PAPE STATION,SUO,3,6,W,BD,5344
2494,2025-02-06,18:09,Thursday,BLOOR STATION,MUNCA,None,None,None,YU,None
2495,2025-02-06,18:14,Thursday,KENNEDY BD STATION,TUSC,None,None,E,BD,5263
2496,2025-02-06,18:16,Thursday,EGLINTON STATION,MUIR,10,13,S,YU,5511
2497,2025-02-06,18:24,Thursday,YONGE BD STATION,PUMST,None,None,None,BD,None
2498,2025-02-06,18:28,Thursday,DUNDAS STATION,SUDP,None,None,None,YU,None
2499,2025-02-06,18:44,Thursday,CHESTER STATION,PUMST,None,None,None,BD,None
2500,2025-02-06,19:03,Thursday,SPADINA YUS STATION,MUI,12,15,N,YU,6101
2501,2025-02-06,19:07,Thursday,KENNEDY BD STATION,SUO,4,8,W,BD,5021
2502,2025-02-06,19:11,Thursday,QUEEN STATION,PUOPO,None,None,S,YU,5601
2503,2025-02-06,19:13,Thursday,SPADINA YUS STATION,MUIRS,None,None,S,YU,None
2504,2025-02-06,19:16,Thursday,WELLESLEY STATION,PUOPO,9,14,N,YU,5541
2505,2025-02-06,19:28,Thursday,WELLESLEY STATION,PUOPO,4,9,N,YU,6056
2506,2025-02-06,19:50,Thursday,UNION STATION,PUMEL,None,None,None,YU,None
2507,2025-02-06,19:54,Thursday,SHEPPARD STATION,MUPAA,3,9,N,YU,6056
2508,2025-02-06,20:08,Thursday,JANE STATION,SUDP,None,None,W,BD,None
2509,2025-02-06,20:13,Thursday,WILSON STATION,MUIS,None,None,None,YU,None
2510,2025-02-06,20:46,Thursday,WELLESLEY STATION,PUOPO,6,10,S,YU,5481
2511,2025-02-06,20:48,Thursday,DUNDAS STATION,SUDP,None,None,None,YU,None
2512,2025-02-06,20:59,Thursday,MAIN STREET STATION,SUO,31,35,E,BD,5160
2513,2025-02-06,21:04,Thursday,EGLINTON STATION,SUSA,None,None,N,YU,5612
2514,2025-02-06,21:16,Thursday,YORK UNIVERSITY STATIO,SUDP,21,25,N,YU,5911
2515,2025-02-06,21:26,Thursday,KIPLING STATION,MUIR,5,10,E,BD,5114
2516,2025-02-06,21:40,Thursday,GLENCAIRN STATION,MUPAA,None,None,S,YU,5816
2517,2025-02-06,22:00,Thursday,YONGE-UNIVERSITY AND B,MUO,None,None,None,YU/BD,None
2518,2025-02-06,22:08,Thursday,KIPLING STATION,SUAE,None,None,E,BD,5139
2519,2025-02-06,22:28,Thursday,OLD MILL STATION,TUOS,4,9,E,BD,5179
2520,2025-02-06,22:29,Thursday,WARDEN STATION,EUSC,3,8,E,BD,5318
2521,2025-02-06,22:40,Thursday,WILSON STATION,SUDP,6,11,S,YU,5491
2522,2025-02-06,22:46,Thursday,WILSON STATION,MUIRS,None,None,None,YU,None
2523,2025-02-06,22:52,Thursday,DUNDAS WEST STATION,PUMST,None,None,W,BD,None
2524,2025-02-06,23:00,Thursday,YONGE UNIVERSITY LINE,MUO,None,None,None,YU,None
2525,2025-02-06,23:18,Thursday,CHESTER STATION,EUNT,4,9,E,BD,5176
2526,2025-02-06,23:30,Thursday,LINE 2- BLOOR DANFORTH,MUO,None,None,None,BD,None
2527,2025-02-06,23:54,Thursday,WELLESLEY STATION,MUIS,None,None,None,YU,None
2528,2025-02-06,0:10,Thursday,DUNDAS STATION,SUUT,12,18,N,YU,5961
2529,2025-02-06,0:26,Thursday,KEELE STATION,PUCSC,101,106,E,BD,5019
2530,2025-02-06,0:54,Thursday,OLD MILL STATION,MUPAA,None,None,W,BD,5361
2531,2025-02-06,1:12,Thursday,DUFFERIN STATION,MUIS,None,None,None,BD,None
2532,2025-02-06,1:23,Thursday,OSSINGTON STATION,SUAE,None,None,None,BD,None
2533,2025-02-06,1:32,Thursday,SHEPPARD WEST STATION,MUIRS,12,18,S,YU,None
2534,2025-02-06,1:50,Thursday,QUEEN'S PARK STATION,PUSAC,5,10,S,YU,5516
2535,2025-02-06,7:15,Thursday,DON MILLS STATION,PUSNT,3,10,W,SHP,6161
2536,2025-02-06,7:24,Thursday,DON MILLS STATION,TUSC,None,None,E,SHP,6191
2537,2025-02-06,14:48,Thursday,BAYVIEW STATION,SUUT,18,25,E,SHP,6191
2538,2025-02-06,15:02,Thursday,SHEPPARD-YONGE STATION,TUSC,None,None,E,SHP,6191
2539,2025-02-06,15:22,Thursday,SHEPPARD STATION,SUDP,None,None,None,SHP,None
2540,2025-02-06,16:03,Thursday,BAYVIEW STATION,MUNCA,None,None,None,SHP,None
2541,2025-02-06,21:06,Thursday,SHEPPARD-YONGE STATION,TUSC,None,None,E,SHP,6166
2542,2025-02-06,23:55,Thursday,BAYVIEW STATION,EUSC,None,None,E,SHP,6191
2543,2025-02-07,5:00,Friday,EGLINTON STATION,MUNCA,None,None,None,YU,None
2544,2025-02-07,5:15,Friday,OSSINGTON STATION,MUNCA,None,None,None,BD,None
2545,2025-02-07,5:25,Friday,ST GEORGE BD STATION,MUNCA,None,None,None,BD,None
2546,2025-02-07,5:25,Friday,YORKDALE STATION,MUNCA,None,None,None,YU,None
2547,2025-02-07,5:35,Friday,WELLESLEY STATION,MUNCA,None,None,None,YU,None
2548,2025-02-07,5:44,Friday,MAIN STREET STATION,MUIE,None,None,W,BD,None
2549,2025-02-07,5:47,Friday,QUEEN STATION,SUDP,None,None,None,YU,None
2550,2025-02-07,5:59,Friday,KING STATION,PUTWZ,10,None,S,YU,5436
2551,2025-02-07,6:19,Friday,VICTORIA PARK STATION,PUTIS,8,13,W,BD,5114
2552,2025-02-07,6:46,Friday,DUNDAS STATION,SUO,None,None,N,YU,5561
2553,2025-02-07,7:03,Friday,DUNDAS STATION,SUDP,None,None,N,YU,None
2554,2025-02-07,7:23,Friday,BROADVIEW STATION,MUIR,None,None,W,BD,5091
2555,2025-02-07,7:26,Friday,KENNEDY BD STATION,EUAC,3,6,W,BD,5040
2556,2025-02-07,7:32,Friday,FINCH STATION,SUDP,None,None,None,YU,None
2557,2025-02-07,7:33,Friday,DUNDAS STATION,PUOPO,None,None,S,YU,6096
2558,2025-02-07,7:33,Friday,LAWRENCE STATION,MUO,None,None,None,YU,None
2559,2025-02-07,7:36,Friday,ISLINGTON STATION,SUO,None,None,W,BD,5080
2560,2025-02-07,8:06,Friday,FINCH STATION,MUPAA,3,6,S,YU,5681
2561,2025-02-07,8:12,Friday,KENNEDY BD STATION,PUMST,None,None,None,BD,None
2562,2025-02-07,8:23,Friday,VICTORIA PARK STATION,PUSWZ,None,None,W,BD,5180
2563,2025-02-07,9:00,Friday,WILSON STATION,MUIS,None,None,None,YU,None
2564,2025-02-07,9:05,Friday,ST GEORGE BD STATION,SUDP,None,None,W,BD,None
2565,2025-02-07,9:12,Friday,VICTORIA PARK STATION,PUTIS,4,8,W,BD,5300
2566,2025-02-07,9:28,Friday,KENNEDY BD STATION,MUIR,None,None,W,BD,5284
2567,2025-02-07,10:04,Friday,FINCH STATION,MUPAA,None,None,S,YU,5616
2568,2025-02-07,10:06,Friday,DUPONT STATION,PUMO,None,None,S,YU,5951
2569,2025-02-07,10:12,Friday,BLOOR STATION,SUDP,None,None,None,YU,None
2570,2025-02-07,10:16,Friday,YORK UNIVERSITY STATIO,PUMST,None,None,None,YU,None
2571,2025-02-07,10:56,Friday,YORK MILLS STATION,MUIS,None,None,S,YU,None
2572,2025-02-07,11:12,Friday,PIONEER VILLAGE STATIO,SUDP,5,10,S,YU,5871
2573,2025-02-07,11:15,Friday,ST CLAIR WEST STATION,PUMEL,None,None,None,YU,None
2574,2025-02-07,11:46,Friday,DON MILLS STATION,PUMST,None,None,None,YU,None
2575,2025-02-07,12:30,Friday,PIONEER VILLAGE STATIO,SUO,None,None,S,YU,5951
2576,2025-02-07,12:33,Friday,WOODBINE STATION,MUSC,5,9,W,BD,5334
2577,2025-02-07,12:44,Friday,CHRISTIE STATION,PUMEL,None,None,None,BD,None
2578,2025-02-07,12:55,Friday,SHEPPARD WEST STATION,MUNCA,None,None,None,YU,None
2579,2025-02-07,13:04,Friday,BAY STATION,SUDP,5,9,W,BD,5080
2580,2025-02-07,13:18,Friday,ST CLAIR WEST STATION,MUIR,4,7,S,YU,5436
2581,2025-02-07,13:31,Friday,ST GEORGE YUS STATION,SUO,8,12,S,YU,5436
2582,2025-02-07,13:57,Friday,BATHURST STATION,SUO,None,None,None,BD,None
2583,2025-02-07,14:44,Friday,ST GEORGE YUS STATION,MUI,8,12,S,YU,5871
2584,2025-02-07,15:13,Friday,BATHURST STATION,SUDP,None,None,None,BD,None
2585,2025-02-07,15:32,Friday,BLOOR STATION,MUPAA,4,8,S,YU,5721
2586,2025-02-07,15:49,Friday,BLOOR STATION,MUNCA,None,None,None,YU,None
2587,2025-02-07,15:55,Friday,ST GEORGE YUS STATION,MUPAA,4,8,N,YU,5721
2588,2025-02-07,16:09,Friday,MAIN STREET STATION,MUIRS,None,None,None,BD,None
2589,2025-02-07,16:11,Friday,RUNNYMEDE STATION,PUMST,None,None,W,BD,None
2590,2025-02-07,16:31,Friday,FINCH STATION,SUO,None,None,None,YU,None
2591,2025-02-07,16:33,Friday,EGLINTON STATION,SUDP,None,None,None,YU,None
2592,2025-02-07,16:35,Friday,BLOOR STATION,MUIRS,None,None,N,YU,None
2593,2025-02-07,16:36,Friday,SPADINA BD STATION,MUNCA,None,None,None,BD,None
2594,2025-02-07,16:55,Friday,SHEPPARD STATION,SUO,None,None,S,YU,5956
2595,2025-02-07,16:58,Friday,BROADVIEW STATION,MUO,3,6,W,BD,5245
2596,2025-02-07,17:06,Friday,DUNDAS WEST STATION,SUDP,4,7,W,BD,5085
2597,2025-02-07,17:10,Friday,ST CLAIR WEST STATION,MUNCA,None,None,None,YU,None
2598,2025-02-07,17:19,Friday,FINCH STATION,SUPOL,3,6,S,YU,5431
2599,2025-02-07,17:32,Friday,RUNNYMEDE STATION,SUDP,None,None,None,BD,None
2600,2025-02-07,17:33,Friday,KENNEDY BD STATION,MUIRS,None,None,None,BD,None
2601,2025-02-07,17:40,Friday,SHERBOURNE STATION,MUIS,None,None,None,BD,None
2602,2025-02-07,17:44,Friday,KIPLING STATION,TUO,5,8,E,BD,5146
2603,2025-02-07,17:52,Friday,BLOOR STATION,SUUT,8,11,N,YU,5766
2604,2025-02-07,17:54,Friday,DUNDAS WEST STATION,PUMEL,None,None,None,BD,None
2605,2025-02-07,17:55,Friday,WILSON STATION,MUIRS,None,None,None,YU,None
2606,2025-02-07,18:07,Friday,BLOOR STATION,SUO,3,6,S,YU,5786
2607,2025-02-07,19:38,Friday,SHEPPARD WEST STATION,PUOPO,5,8,N,YU,5761
2608,2025-02-07,19:42,Friday,KIPLING STATION,SUUT,11,15,E,BD,5353
2609,2025-02-07,19:53,Friday,BAY STATION,SUUT,3,7,W,BD,5371
2610,2025-02-07,20:28,Friday,EGLINTON STATION,MUPAA,6,10,N,YU,5806
2611,2025-02-07,20:34,Friday,DAVISVILLE STATION,MUIR,5,10,N,YU,5751
2612,2025-02-07,20:35,Friday,COLLEGE STATION,MUIRS,None,None,None,YU,None
2613,2025-02-07,20:41,Friday,LAWRENCE STATION,SUDP,14,20,N,YU,5741
2614,2025-02-07,21:09,Friday,BATHURST STATION,SUAP,None,None,W,BD,None
2615,2025-02-07,21:11,Friday,BATHURST STATION,SUAP,None,None,W,BD,5028
2616,2025-02-07,21:35,Friday,KIPLING STATION,EUNT,5,10,E,BD,5165
2617,2025-02-07,22:00,Friday,YONGE-UNIVERSITY AND B,MUO,None,None,None,YU/BD,None
2618,2025-02-07,23:50,Friday,OSSINGTON STATION,SUAP,None,None,W,BD,None
2619,2025-02-07,23:52,Friday,YONGE BD STATION,MUIRS,None,None,None,BD,None
2620,2025-02-07,13:09,Friday,BAYVIEW STATION,SUO,None,None,E,SHP,6166
2621,2025-02-07,18:40,Friday,SHEPPARD-YONGE STATION,EUDO,7,14,E,SHP,6166
2622,2025-02-07,23:11,Friday,SHEPPARD-YONGE STATION,MUIR,None,None,E,SHP,6171
2623,2025-02-08,2:07,Saturday,VICTORIA PARK STATION,MUIS,None,None,None,BD,None
2624,2025-02-08,2:19,Saturday,KIPLING STATION,MUPAA,None,None,E,BD,5363
2625,2025-02-08,2:28,Saturday,KIPLING STATION,MUIS,None,None,None,BD,None
2626,2025-02-08,3:04,Saturday,ST CLAIR STATION,PUTO,None,None,None,YU,None
2627,2025-02-08,5:45,Saturday,GREENWOOD STATION,EUVE,6,None,E,BD,5255
2628,2025-02-08,5:54,Saturday,FINCH STATION,PUOPO,3,9,S,YU,5446
2629,2025-02-08,6:25,Saturday,DUNDAS STATION,PUOPO,None,None,S,YU,5956
2630,2025-02-08,6:48,Saturday,FINCH STATION,SUDP,4,10,S,YU,5801
2631,2025-02-08,8:33,Saturday,KENNEDY BD STATION,SUDP,5,10,E,BD,5113
2632,2025-02-08,8:46,Saturday,FINCH STATION,PUMST,None,None,N,YU,None
2633,2025-02-08,10:05,Saturday,OLD MILL STATION,MUSC,None,None,E,BD,5200
2634,2025-02-08,10:07,Saturday,JANE STATION,SUDP,7,12,W,BD,5234
2635,2025-02-08,10:13,Saturday,COXWELL STATION,SUDP,None,None,W,BD,5263
2636,2025-02-08,11:04,Saturday,KENNEDY BD STATION,SUDP,None,None,None,BD,None
2637,2025-02-08,12:07,Saturday,WELLESLEY STATION,SUDP,6,10,S,YU,5956
2638,2025-02-08,13:02,Saturday,DUNDAS STATION,MUIS,None,None,S,YU,None
2639,2025-02-08,13:36,Saturday,SHEPPARD WEST STATION,MUIR,4,8,S,YU,6071
2640,2025-02-08,13:47,Saturday,SHEPPARD WEST STATION,MUSAN,4,8,S,YU,6001
2641,2025-02-08,13:58,Saturday,COLLEGE STATION,SUDP,None,None,N,YU,6131
2642,2025-02-08,14:04,Saturday,WILSON STATION,SUAP,4,8,S,YU,5991
2643,2025-02-08,14:29,Saturday,COXWELL STATION,SUAP,None,None,None,BD,None
2644,2025-02-08,14:34,Saturday,FINCH WEST STATION,SUAP,None,None,N,YU,None
2645,2025-02-08,15:36,Saturday,KIPLING STATION,SUAE,None,None,None,BD,None
2646,2025-02-08,16:32,Saturday,QUEEN STATION,SUDP,28,32,N,YU,5806
2647,2025-02-08,17:38,Saturday,LANSDOWNE STATION,SUO,None,None,None,BD,None
2648,2025-02-08,17:43,Saturday,FINCH STATION,PUOPO,None,None,S,YU,5826
2649,2025-02-08,17:53,Saturday,ISLINGTON STATION,MUIS,None,None,None,BD,None
2650,2025-02-08,18:20,Saturday,DUNDAS STATION,SUDP,None,None,N,YU,None
2651,2025-02-08,18:31,Saturday,BATHURST STATION,MUPAA,3,7,E,BD,5144
2652,2025-02-08,18:48,Saturday,FINCH STATION,SUDP,None,None,None,YU,None
2653,2025-02-08,18:48,Saturday,WARDEN STATION,MUSC,None,None,W,BD,5238
2654,2025-02-08,18:51,Saturday,DAVISVILLE STATION,SUO,None,None,None,YU,None
2655,2025-02-08,19:06,Saturday,VICTORIA PARK STATION,MUSC,None,None,W,BD,5102
2656,2025-02-08,19:11,Saturday,DAVISVILLE STATION,SUO,5,10,N,YU,5466
2657,2025-02-08,19:41,Saturday,BLOOR STATION,SUO,None,None,None,YU,None
2658,2025-02-08,19:52,Saturday,FINCH STATION,TUO,11,16,S,YU,5946
2659,2025-02-08,20:55,Saturday,VICTORIA PARK STATION,MUSC,None,None,E,BD,5180
2660,2025-02-08,21:43,Saturday,SHEPPARD WEST STATION,SUDP,5,10,N,YU,6076
2661,2025-02-08,21:46,Saturday,COLLEGE STATION,MUPAA,3,8,S,YU,5511
2662,2025-02-08,22:00,Saturday,YONGE-UNIVERSITY AND B,MUO,None,None,None,YU/BD,None
2663,2025-02-08,22:08,Saturday,WILSON STATION,SUDP,5,10,S,YU,5806
2664,2025-02-08,22:13,Saturday,EGLINTON WEST STATION,MUIRS,None,None,None,YU,None
2665,2025-02-08,22:37,Saturday,DUNDAS STATION,MUDD,3,9,N,YU,5806
2666,2025-02-08,23:04,Saturday,ST ANDREW STATION,PUOPO,18,24,N,YU,5916
2667,2025-02-08,23:29,Saturday,ST CLAIR WEST STATION,SUAP,10,16,S,YU,6046
2668,2025-02-08,0:08,Saturday,BLOOR STATION,SUDP,None,None,N,YU,6047
2669,2025-02-08,0:22,Saturday,BLOOR STATION,SUO,None,None,None,YU,None
2670,2025-02-08,1:05,Saturday,SHEPPARD WEST STATION,MUIS,None,None,None,YU,None
2671,2025-02-08,1:07,Saturday,OLD MILL STATION,SUO,None,None,E,BD,None
2672,2025-02-08,1:10,Saturday,KIPLING STATION,SUG,3,9,W,BD,5148
2673,2025-02-08,1:25,Saturday,SHEPPARD WEST STATION,SUDP,11,16,S,YU,6131
2674,2025-02-08,1:57,Saturday,FINCH STATION,SUO,None,None,None,YU,5465
2675,2025-02-08,1:58,Saturday,KEELE STATION,MUPAA,3,9,W,BD,5371
2676,2025-02-08,1:58,Saturday,DUNDAS STATION,SUDP,None,None,None,YU,None
2677,2025-02-08,13:09,Saturday,DON MILLS STATION,PUSI,7,14,W,SHP,6196
2678,2025-02-08,14:01,Saturday,SHEPPARD-YONGE STATION,MUPLB,87,94,E,SHP,6191
2679,2025-02-08,17:04,Saturday,DON MILLS STATION,PUSI,7,14,W,SHP,6166
2680,2025-02-08,17:56,Saturday,DON MILLS STATION,PUSI,4,11,W,SHP,6196
2681,2025-02-09,2:15,Sunday,ST GEORGE YUS STATION,MUIS,None,None,N,YU,None
2682,2025-02-09,2:46,Sunday,KIPLING STATION,SUDP,None,None,None,BD,None
2683,2025-02-09,7:40,Sunday,KEELE STATION,SUDP,None,None,None,BD,None
2684,2025-02-09,7:57,Sunday,WILSON STATION,MUDD,11,23,S,YU,5881
2685,2025-02-09,8:19,Sunday,KIPLING STATION,TUNIP,10,14,E,BD,5022
2686,2025-02-09,8:20,Sunday,SHEPPARD WEST STATION,EUDO,10,16,S,YU,6136
2687,2025-02-09,8:32,Sunday,MAIN STREET STATION,TUOS,4,13,W,BD,5265
2688,2025-02-09,8:42,Sunday,MAIN STREET STATION,MUSC,None,None,W,BD,5187
2689,2025-02-09,8:43,Sunday,ST GEORGE YUS STATION,MUPAA,None,None,N,YU,6041
2690,2025-02-09,8:49,Sunday,WOODBINE STATION,TUOS,4,8,W,BD,5034
2691,2025-02-09,8:51,Sunday,VICTORIA PARK STATION,PUTIS,None,None,W,BD,None
2692,2025-02-09,9:24,Sunday,KENNEDY BD STATION,TUO,4,8,E,BD,5180
2693,2025-02-09,9:24,Sunday,ST GEORGE YUS STATION,PUSAC,5,11,S,YU,5576
2694,2025-02-09,9:51,Sunday,VICTORIA PARK STATION,MUSC,None,None,E,BD,5243
2695,2025-02-09,9:55,Sunday,WARDEN STATION,TUSC,None,None,E,BD,5243
2696,2025-02-09,10:02,Sunday,YORK MILLS STATION,TUS,9,15,N,YU,5811
2697,2025-02-09,10:10,Sunday,KENNEDY BD STATION,MUSC,None,None,None,BD,5265
2698,2025-02-09,10:23,Sunday,DUFFERIN STATION,SUG,None,None,None,BD,None
2699,2025-02-09,10:29,Sunday,RUNNYMEDE STATION,SUO,None,None,None,BD,None
2700,2025-02-09,10:49,Sunday,OSSINGTON STATION,SUDP,7,11,E,BD,5287
2701,2025-02-09,12:34,Sunday,KIPLING STATION,MUIS,None,None,None,BD,None
2702,2025-02-09,12:37,Sunday,UNION STATION,SUDP,None,None,None,YU,None
2703,2025-02-09,13:16,Sunday,DUNDAS STATION,SUUT,6,10,S,YU,5546
2704,2025-02-09,13:37,Sunday,COLLEGE STATION,MUPAA,None,None,S,YU,5546
2705,2025-02-09,14:17,Sunday,GLENCAIRN STATION,PUOPO,6,10,N,YU,5761
2706,2025-02-09,14:23,Sunday,KENNEDY BD STATION,MUIS,None,None,None,BD,None
2707,2025-02-09,15:17,Sunday,VAUGHAN MC STATION,SUDP,None,None,None,YU,None
2708,2025-02-09,17:08,Sunday,KIPLING STATION,SUROB,12,16,E,BD,5287
2709,2025-02-09,17:11,Sunday,PIONEER VILLAGE STATIO,MUIS,None,None,None,YU,None
2710,2025-02-09,17:19,Sunday,YORKDALE STATION,PUOPO,15,19,N,YU,5761
2711,2025-02-09,18:04,Sunday,BLOOR STATION,SUROB,None,None,N,YU,5836
2712,2025-02-09,18:05,Sunday,YONGE BD STATION,SUROB,None,None,E,BD,5127
2713,2025-02-09,19:00,Sunday,KEELE STATION,MUNCA,None,None,None,BD,None
2714,2025-02-09,19:01,Sunday,OSSINGTON STATION,MUD,4,9,W,BD,5226
2715,2025-02-09,19:30,Sunday,B/W BLOOR DANFORTH SUB,TUST,None,None,B,BD,None
2716,2025-02-09,19:53,Sunday,SPADINA BD STATION,PUMEL,None,None,None,BD,None
2717,2025-02-09,20:22,Sunday,VICTORIA PARK STATION,PUTIS,5,10,W,BD,5226
2718,2025-02-09,20:31,Sunday,LAWRENCE STATION,MUIRS,None,None,N,YU,None
2719,2025-02-09,21:01,Sunday,EGLINTON STATION,MUO,4,10,S,YU,6136
2720,2025-02-09,22:00,Sunday,YONGE-UNIVERSITY AND B,MUO,None,None,None,YU/BD,None
2721,2025-02-09,22:13,Sunday,DUNDAS STATION,SUDP,None,None,N,YU,None
2722,2025-02-09,22:16,Sunday,SHEPPARD STATION,SUDP,None,None,None,YU,None
2723,2025-02-09,22:20,Sunday,VAUGHAN MC STATION,MUNCA,None,None,None,YU,None
2724,2025-02-09,0:04,Sunday,WARDEN STATION,PUMST,None,None,None,BD,None
2725,2025-02-09,14:41,Sunday,DON MILLS STATION,PUSNT,None,None,W,SHP,6166
2726,2025-02-09,17:58,Sunday,FINCH STATION,SUDP,None,None,None,SHP,None
2727,2025-02-10,2:09,Monday,DUFFERIN STATION,SUO,None,None,None,BD,None
2728,2025-02-10,2:51,Monday,FINCH STATION,SUDP,None,None,None,YU,None
2729,2025-02-10,5:11,Monday,DUPONT STATION,MUNCA,None,None,None,YU,None
2730,2025-02-10,5:25,Monday,COLLEGE STATION,MUNCA,None,None,None,YU,None
2731,2025-02-10,5:30,Monday,ST PATRICK STATION,MUNCA,None,None,None,YU,None
2732,2025-02-10,5:35,Monday,WELLESLEY STATION,MUNCA,None,None,None,YU,None
2733,2025-02-10,5:38,Monday,EGLINTON STATION,PUTO,9,None,N,YU,5711
2734,2025-02-10,5:38,Monday,YORK MILLS STATION,PUTO,13,None,N,YU,2816
2735,2025-02-10,5:52,Monday,DUNDAS WEST STATION,PUMST,None,None,None,BD,None
2736,2025-02-10,5:55,Monday,KIPLING STATION,TUNOA,5,10,E,BD,5180
2737,2025-02-10,5:59,Monday,KING STATION,PUTR,7,None,S,YU,6136
2738,2025-02-10,7:56,Monday,VICTORIA PARK STATION,EUSC,None,None,E,BD,5109
2739,2025-02-10,8:30,Monday,ST GEORGE BD STATION,EUPI,6,8,E,BD,5295
2740,2025-02-10,8:42,Monday,ST PATRICK STATION,SUDP,None,None,None,YU,None
2741,2025-02-10,10:12,Monday,GREENWOOD STATION,PUMO,15,19,E,BD,5146
2742,2025-02-10,10:22,Monday,FINCH STATION,MUIS,None,None,None,YU,None
2743,2025-02-10,10:37,Monday,WILSON STATION,SUDP,None,None,S,YU,6091
2744,2025-02-10,11:25,Monday,COLLEGE STATION,PUSAC,6,11,S,YU,5891
2745,2025-02-10,11:31,Monday,PAPE STATION,PUMO,None,None,W,BD,5091
2746,2025-02-10,11:42,Monday,YORK UNIVERSITY STATIO,SUDP,None,None,N,YU,5986
2747,2025-02-10,11:55,Monday,WELLESLEY STATION,SUDP,6,11,N,YU,5951
2748,2025-02-10,12:12,Monday,HIGH PARK STATION,SUROB,None,None,W,BD,5091
2749,2025-02-10,12:30,Monday,YORK MILLS STATION,MUPAA,None,None,N,YU,5946
2750,2025-02-10,12:44,Monday,SHEPPARD STATION,SUO,None,None,N,YU,5671
2751,2025-02-10,13:02,Monday,YONGE BD STATION,MUIS,None,None,None,BD,None
2752,2025-02-10,13:03,Monday,DUNDAS WEST STATION,MUNCA,None,None,None,BD,None
2753,2025-02-10,13:06,Monday,CASTLE FRANK STATION,MUIRS,None,None,None,BD,None
2754,2025-02-10,13:08,Monday,BLOOR STATION,MUIS,None,None,None,YU,None
2755,2025-02-10,13:23,Monday,MAIN STREET STATION,MUIS,None,None,None,BD,None
2756,2025-02-10,13:28,Monday,BROADVIEW STATION,PUMEL,None,None,None,BD,None
2757,2025-02-10,13:40,Monday,WILSON YARD,PUEO,None,None,None,YU,None
2758,2025-02-10,13:45,Monday,KENNEDY BD STATION,SUDP,4,8,W,BD,5144
2759,2025-02-10,13:45,Monday,WILSON YARD,MUPLB,None,None,None,YU,None
2760,2025-02-10,13:53,Monday,WILSON STATION,PUEO,3,7,S,YU,5761
2761,2025-02-10,14:05,Monday,BLOOR STATION,PUOPO,3,7,N,YU,5761
2762,2025-02-10,14:34,Monday,WILSON STATION,PUEO,3,7,S,YU,5531
2763,2025-02-10,14:40,Monday,WILSON STATION,PUEO,3,7,S,YU,6106
2764,2025-02-10,14:52,Monday,KIPLING STATION,MUI,3,7,E,BD,5139
2765,2025-02-10,14:52,Monday,KIPLING STATION,MUPAA,4,8,E,BD,5139
2766,2025-02-10,15:44,Monday,EGLINTON STATION,SUO,6,10,S,YU,5941
2767,2025-02-10,15:53,Monday,SPADINA BD STATION,SUO,None,None,E,BD,5159
2768,2025-02-10,15:59,Monday,WILSON STATION,PUEO,3,7,S,YU,5576
2769,2025-02-10,16:01,Monday,SPADINA YUS STATION,SUO,None,None,S,YU,5521
2770,2025-02-10,16:05,Monday,WILSON STATION,PUEO,3,7,S,YU,5621
2771,2025-02-10,16:08,Monday,VAUGHAN MC STATION,MUSAN,3,5,S,YU,5671
2772,2025-02-10,16:14,Monday,WILSON STATION,PUEO,3,7,S,YU,5581
2773,2025-02-10,16:20,Monday,ST ANDREW STATION,PUOPO,10,16,N,YU,5941
2774,2025-02-10,16:23,Monday,WILSON STATION,PUEO,3,7,S,YU,5731
2775,2025-02-10,16:32,Monday,WILSON STATION,PUEO,3,7,S,YU,5436
2776,2025-02-10,16:41,Monday,WILSON STATION,PUEO,3,7,S,YU,5436
2777,2025-02-10,16:43,Monday,DUPONT STATION,PUOPO,6,10,S,YU,5761
2778,2025-02-10,16:50,Monday,WILSON YARD,PUEO,3,7,S,YU,5381
2779,2025-02-10,16:59,Monday,WILSON STATION,PUEO,3,7,S,YU,5481
2780,2025-02-10,17:08,Monday,WILSON STATION,PUEO,3,7,S,YU,5791
2781,2025-02-10,17:15,Monday,DAVISVILLE STATION,PUOPO,14,18,S,YU,6121
2782,2025-02-10,17:17,Monday,WILSON STATION,PUEO,3,7,S,YU,5501
2783,2025-02-10,17:23,Monday,WILSON STATION,PUEO,3,7,S,YU,5861
2784,2025-02-10,17:24,Monday,ST GEORGE YUS STATION,MUPAA,None,None,S,YU,5931
2785,2025-02-10,18:15,Monday,WELLESLEY STATION,SUO,None,None,S,YU,6086
2786,2025-02-10,18:30,Monday,COXWELL STATION,PUMEL,None,None,None,BD,None
2787,2025-02-10,19:34,Monday,UNION STATION,MUPAA,4,8,N,YU,5611
2788,2025-02-10,20:08,Monday,BLOOR STATION,MUIRS,None,None,N,YU,None
2789,2025-02-10,20:11,Monday,KENNEDY BD STATION,MUSAN,5,10,W,BD,5083
2790,2025-02-10,20:51,Monday,CHESTER STATION,MUIS,None,None,None,BD,None
2791,2025-02-10,21:45,Monday,LAWRENCE STATION,SUDP,4,10,N,YU,5991
2792,2025-02-10,22:00,Monday,YONGE-UNIVERSITY AND B,MUO,None,None,None,YU/BD,None
2793,2025-02-10,22:12,Monday,VICTORIA PARK STATION,SUDP,None,None,None,BD,None
2794,2025-02-10,22:18,Monday,ST PATRICK STATION,SUDP,6,12,N,YU,6076
2795,2025-02-10,22:18,Monday,GLENCAIRN STATION,MUIS,None,None,None,YU,None
2796,2025-02-10,22:54,Monday,VICTORIA PARK STATION,PUTIS,None,None,W,BD,5026
2797,2025-02-10,23:00,Monday,LINE1 - YONGE-UNIVSERS,MUO,None,None,None,YU,None
2798,2025-02-10,23:04,Monday,COXWELL STATION,SUO,None,None,W,BD,None
2799,2025-02-10,23:05,Monday,CHESTER STATION,MUTO,7,12,E,BD,5074
2800,2025-02-10,23:09,Monday,OLD MILL STATION,TUSC,None,None,W,BD,5324
2801,2025-02-10,23:59,Monday,VAUGHAN MC STATION,SUO,5,10,None,YU,None
2802,2025-02-10,0:08,Monday,YONGE BD STATION,MUIS,None,None,E,BD,None
2803,2025-02-10,4:50,Monday,BAYVIEW STATION,MUNCA,None,None,None,SHP,None
2804,2025-02-10,6:16,Monday,DON MILLS STATION,PUSNT,None,None,W,SHP,6166
2805,2025-02-10,12:46,Monday,SHEPPARD-YONGE STATION,SUO,4,11,W,SHP,5196
2806,2025-02-10,1:31,Monday,BAYVIEW STATION,MUIS,None,None,None,SHP,None
2807,2025-02-11,2:16,Tuesday,WILSON STATION,PUSSW,13,18,N,YU,5511
2808,2025-02-11,2:48,Tuesday,YORKDALE STATION,TUCC,9,16,N,YU,5511
2809,2025-02-11,5:25,Tuesday,PAPE STATION,MUNCA,None,None,None,BD,None
2810,2025-02-11,5:31,Tuesday,WILSON YARD,MUGD,None,None,None,YU,None
2811,2025-02-11,5:50,Tuesday,VAUGHAN MC STATION,TUO,11,None,S,YU,5606
2812,2025-02-11,5:54,Tuesday,SHEPPARD WEST STATION,TUO,8,None,N,YU,5411
2813,2025-02-11,6:01,Tuesday,UNION STATION,PUTR,8,None,N,YU,5516
2814,2025-02-11,6:10,Tuesday,UNION STATION,PUTR,8,None,S,YU,5651
2815,2025-02-11,6:33,Tuesday,KENNEDY BD STATION,TUSC,3,5,W,BD,5255
2816,2025-02-11,6:38,Tuesday,LAWRENCE STATION,MUEC,42,44,N,YU,5516
2817,2025-02-11,6:58,Tuesday,OSSINGTON STATION,EUPI,4,7,W,BD,5338
2818,2025-02-11,7:10,Tuesday,YONGE BD STATION,SUAP,None,None,W,BD,5316
2819,2025-02-11,7:17,Tuesday,LAWRENCE STATION,SUDP,None,None,S,YU,None
2820,2025-02-11,7:19,Tuesday,KENNEDY BD STATION,MUIRS,None,None,None,BD,None
2821,2025-02-11,7:37,Tuesday,KIPLING STATION,PUSSW,4,7,E,BD,5259
2822,2025-02-11,8:45,Tuesday,SHERBOURNE STATION,EUDO,5,8,W,BD,5165
2823,2025-02-11,8:54,Tuesday,GREENWOOD YARD,MUIE,None,None,None,BD,None
2824,2025-02-11,9:15,Tuesday,HIGH PARK STATION,SUAP,3,6,W,BD,5200
2825,2025-02-11,9:29,Tuesday,BATHURST STATION,SUDP,3,6,E,BD,5352
2826,2025-02-11,9:38,Tuesday,BATHURST STATION,SUDP,None,None,None,BD,None
2827,2025-02-11,10:00,Tuesday,LANSDOWN TO ISLINGTON,MUGD,None,None,None,BD,None
2828,2025-02-11,10:30,Tuesday,COLLEGE STATION,PUMEL,None,None,None,YU,None
2829,2025-02-11,11:10,Tuesday,SPADINA BD STATION,PUMEL,None,None,None,BD,None
2830,2025-02-11,11:23,Tuesday,WARDEN STATION,PUSWZ,4,8,W,BD,5287
2831,2025-02-11,12:24,Tuesday,GREENWOOD YARD,PUSSW,4,8,W,BD,5225
2832,2025-02-11,12:41,Tuesday,CASTLE FRANK STATION,SUDP,None,None,E,BD,5148
2833,2025-02-11,13:01,Tuesday,ROYAL YORK STATION,PUMEL,None,None,None,BD,None
2834,2025-02-11,13:35,Tuesday,GREENWOOD CARHOUSE,SUG,None,None,None,BD,None
2835,2025-02-11,13:41,Tuesday,SHEPPARD WEST STATION,SUUT,3,7,S,YU,5911
2836,2025-02-11,14:16,Tuesday,EGLINTON WEST STATION,SUUT,None,None,N,YU,5601
2837,2025-02-11,14:21,Tuesday,EGLINTON STATION,MUIS,None,None,None,YU,None
2838,2025-02-11,15:00,Tuesday,KENNEDY BD STATION,EUNT,4,7,W,BD,5130
2839,2025-02-11,15:22,Tuesday,KENNEDY BD STATION,TUSC,None,None,E,BD,5026
2840,2025-02-11,15:36,Tuesday,SPADINA BD STATION,MUD,11,14,W,BD,5168
2841,2025-02-11,16:10,Tuesday,DUNDAS STATION,MUD,3,7,S,YU,5716
2842,2025-02-11,16:13,Tuesday,QUEEN STATION,MUD,9,14,S,YU,5716
2843,2025-02-11,16:14,Tuesday,BROADVIEW STATION,MUIRS,None,None,None,BD,None
2844,2025-02-11,16:25,Tuesday,UNION STATION,SUAP,None,None,None,YU,None
2845,2025-02-11,16:35,Tuesday,DAVISVILLE STATION,SUDP,None,None,S,YU,5956
2846,2025-02-11,16:55,Tuesday,RUNNYMEDE STATION,MUIRS,None,None,W,BD,5180
2847,2025-02-11,17:02,Tuesday,SHERBOURNE STATION,PUMEL,None,None,None,BD,None
2848,2025-02-11,17:03,Tuesday,FINCH STATION,PUOPO,None,None,S,YU,5941
2849,2025-02-11,17:06,Tuesday,NORTH YORK CTR STATION,PUOPO,3,8,S,YU,5941
2850,2025-02-11,17:23,Tuesday,KING STATION,PUMEL,None,None,S,YU,None
2851,2025-02-11,18:03,Tuesday,KING STATION,MUNCA,None,None,None,YU,None
2852,2025-02-11,18:04,Tuesday,KENNEDY BD STATION,MUIS,None,None,None,BD,None
2853,2025-02-11,19:21,Tuesday,CHRISTIE STATION,EUDO,15,19,W,BD,5255
2854,2025-02-11,19:28,Tuesday,OSSINGTON STATION,MUPAA,None,None,W,BD,5324
2855,2025-02-11,19:40,Tuesday,YONGE BD STATION,MUPAA,None,None,E,BD,5290
2856,2025-02-11,19:47,Tuesday,BLOOR STATION,SUDP,None,None,N,YU,5506
2857,2025-02-11,20:09,Tuesday,WOODBINE STATION,TUSC,None,None,E,BD,5148
2858,2025-02-11,20:48,Tuesday,ST GEORGE BD STATION,MUPAA,3,8,E,BD,5335
2859,2025-02-11,21:04,Tuesday,MAIN STREET STATION,SUO,None,None,None,BD,None
2860,2025-02-11,21:10,Tuesday,FINCH STATION,SUPOL,16,20,None,YU,5381
2861,2025-02-11,21:12,Tuesday,WILSON DIVISION,TUSUP,None,None,None,YU,None
2862,2025-02-11,21:32,Tuesday,FINCH STATION,MUSAN,5,10,N,YU,5795
2863,2025-02-11,21:39,Tuesday,COXWELL STATION,MUIS,None,None,None,BD,None
2864,2025-02-11,22:00,Tuesday,YONGE-UNIVERSITY AND B,MUO,None,None,None,YU/BD,None
2865,2025-02-11,22:26,Tuesday,BROADVIEW STATION,SUDP,None,None,W,BD,5159
2866,2025-02-11,22:41,Tuesday,JANE STATION,TUO,8,13,E,BD,5146
2867,2025-02-11,22:42,Tuesday,VICTORIA PARK STATION,SUO,None,None,E,BD,5137
2868,2025-02-11,23:00,Tuesday,YONGE UNIVERSITY LINE,MUO,None,None,None,YU,None
2869,2025-02-11,23:11,Tuesday,WILSON STATION,SUO,7,13,S,YU,5806
2870,2025-02-11,23:45,Tuesday,MUSEUM STATION,PUOPO,8,14,N,YU,5566
2871,2025-02-11,23:58,Tuesday,SHERBOURNE STATION,SUO,None,None,None,BD,None
2872,2025-02-11,23:59,Tuesday,BAY STATION,MUSAN,4,9,W,BD,5132
2873,2025-02-11,0:54,Tuesday,MAIN STREET STATION,MUTO,4,9,W,BD,5295
2874,2025-02-11,1:10,Tuesday,WILSON STATION,SUDP,None,None,None,YU,None
2875,2025-02-11,1:46,Tuesday,FINCH STATION,MUIS,None,None,None,YU,None
2876,2025-02-11,1:57,Tuesday,DUNDAS WEST STATION,SUDP,None,None,None,BD,None
2877,2025-02-11,10:19,Tuesday,SHEPPARD-YONGE STATION,SUUT,None,None,E,SHP,6176
2878,2025-02-11,16:35,Tuesday,SHEPPARD-YONGE STATION,TUSC,None,None,E,SHP,6176
2879,2025-02-12,2:11,Wednesday,VAUGHAN MC STATION,SUDP,None,None,None,YU,None
2880,2025-02-12,4:40,Wednesday,DONLANDS STATION,PUTWZ,None,None,None,BD,None
2881,2025-02-12,5:57,Wednesday,BLOOR STATION,PUSAC,7,11,S,YU,6086
2882,2025-02-12,5:59,Wednesday,KING STATION,PUTR,16,None,S,YU,6086
2883,2025-02-12,6:12,Wednesday,KIPLING STATION,MUSC,None,None,E,BD,5062
2884,2025-02-12,6:16,Wednesday,ISLINGTON STATION,EUDO,3,7,E,BD,5062
2885,2025-02-12,6:31,Wednesday,KENNEDY BD STATION,EUSC,3,5,W,BD,5043
2886,2025-02-12,6:50,Wednesday,KIPLING STATION,MUIS,None,None,None,BD,None
2887,2025-02-12,7:17,Wednesday,BATHURST STATION,TUSC,None,None,W,BD,5237
2888,2025-02-12,7:36,Wednesday,BLOOR STATION,SUUT,4,9,N,YU,5836
2889,2025-02-12,7:48,Wednesday,UNION STATION,TUATC,6,9,N,YU,5751
2890,2025-02-12,7:49,Wednesday,ST CLAIR STATION,PUOPO,4,7,N,YU,5831
2891,2025-02-12,7:52,Wednesday,JANE STATION,MUIS,None,None,W,BD,None
2892,2025-02-12,7:54,Wednesday,DUFFERIN STATION,MUD,5,7,E,BD,5160
2893,2025-02-12,8:09,Wednesday,ISLINGTON STATION,MUDD,13,15,E,BD,5134
2894,2025-02-12,8:21,Wednesday,DUFFERIN STATION,MUDD,13,15,E,BD,5165
2895,2025-02-12,8:37,Wednesday,FINCH STATION,SUAP,None,None,S,YU,5646
2896,2025-02-12,9:09,Wednesday,COLLEGE STATION,MUPAA,None,None,S,YU,5806
2897,2025-02-12,10:00,Wednesday,DUNDAS STATION,SUAP,None,None,N,YU,None
2898,2025-02-12,10:45,Wednesday,COXWELL STATION,SUDP,None,None,E,BD,5171
2899,2025-02-12,11:00,Wednesday,FINCH STATION,TUATC,5,10,S,YU,5816
2900,2025-02-12,11:05,Wednesday,LAWRENCE WEST STATION,SUDP,11,16,S,YU,5626
2901,2025-02-12,11:05,Wednesday,YORK UNIVERSITY STATIO,PUMEL,None,None,None,YU,None
2902,2025-02-12,11:23,Wednesday,FINCH STATION,EUDO,5,10,S,YU,5971
2903,2025-02-12,11:27,Wednesday,ROYAL YORK STATION,TUSC,3,7,E,BD,5114
2904,2025-02-12,12:16,Wednesday,CASTLE FRANK STATION,SUDP,3,7,E,BD,5180
2905,2025-02-12,12:32,Wednesday,ST GEORGE BD STATION,SUO,None,None,E,BD,5335
2906,2025-02-12,12:33,Wednesday,GLENCAIRN STATION,MUPAA,None,None,N,YU,5731
2907,2025-02-12,13:15,Wednesday,BLOOR STATION,MUIS,None,None,S,YU,None
2908,2025-02-12,13:15,Wednesday,QUEEN STATION,SUDP,None,None,None,YU,None
2909,2025-02-12,14:23,Wednesday,QUEEN STATION,MUIS,None,None,None,YU,None
2910,2025-02-12,14:40,Wednesday,COXWELL STATION,SUO,3,7,W,BD,5024
2911,2025-02-12,14:59,Wednesday,KENNEDY BD STATION,PUMEL,None,None,None,BD,None
2912,2025-02-12,15:00,Wednesday,ST CLAIR STATION,PUOPO,None,None,N,YU,6131
2913,2025-02-12,15:27,Wednesday,DUNDAS WEST STATION,MUSC,3,6,E,BD,5156
2914,2025-02-12,15:27,Wednesday,WOODBINE STATION,PUMST,None,None,None,BD,None
2915,2025-02-12,15:29,Wednesday,SHEPPARD WEST STATION,MUIS,None,None,None,YU,None
2916,2025-02-12,15:33,Wednesday,GREENWOOD STATION,MUPR1,120,123,E,BD,5091
2917,2025-02-12,15:40,Wednesday,WELLESLEY STATION,SUAP,None,None,S,YU,5575
2918,2025-02-12,15:42,Wednesday,WARDEN STATION,MUIS,None,None,None,BD,None
2919,2025-02-12,15:58,Wednesday,WELLESLEY STATION,SUUT,None,None,S,YU,None
2920,2025-02-12,16:10,Wednesday,KIPLING STATION,MUIR,3,6,E,BD,5338
2921,2025-02-12,16:21,Wednesday,ISLINGTON STATION,MUSC,None,None,W,BD,5024
2922,2025-02-12,16:23,Wednesday,VICTORIA PARK STATION,MUSC,None,None,E,BD,5265
2923,2025-02-12,16:31,Wednesday,KIPLING STATION,TUMVS,None,None,W,BD,5083
2924,2025-02-12,16:35,Wednesday,DAVISVILLE YARD,PUSAC,3,5,S,YU,5581
2925,2025-02-12,16:44,Wednesday,BROADVIEW STATION,SUO,None,None,E,BD,None
2926,2025-02-12,16:45,Wednesday,YORK UNIVERSITY STATIO,MUNCA,None,None,None,YU,None
2927,2025-02-12,16:50,Wednesday,DUNDAS STATION,MUIS,None,None,N,YU,5676
2928,2025-02-12,17:03,Wednesday,DUNDAS STATION,MUNCA,None,None,None,YU,None
2929,2025-02-12,17:04,Wednesday,ISLINGTON STATION,MUNCA,None,None,None,BD,None
2930,2025-02-12,17:05,Wednesday,SPADINA YUS STATION,SUO,None,None,None,YU,None
2931,2025-02-12,17:16,Wednesday,VICTORIA PARK STATION,PUMEL,None,None,None,BD,None
2932,2025-02-12,17:24,Wednesday,KIPLING STATION,SUAP,None,None,None,BD,None
2933,2025-02-12,17:26,Wednesday,ST PATRICK STATION,PUOPO,3,6,N,YU,5766
2934,2025-02-12,17:32,Wednesday,ST CLAIR WEST STATION,SUAP,None,None,None,YU,None
2935,2025-02-12,17:37,Wednesday,ROYAL YORK STATION,MUIS,None,None,None,BD,None
2936,2025-02-12,17:46,Wednesday,ST GEORGE YUS STATION,MUIRS,None,None,None,YU,None
2937,2025-02-12,17:51,Wednesday,YORKDALE STATION,PUOPO,6,9,N,YU,5766
2938,2025-02-12,17:51,Wednesday,ROYAL YORK STATION,MUIS,None,None,W,BD,None
2939,2025-02-12,17:56,Wednesday,PAPE STATION,PUMEL,None,None,None,BD,None
2940,2025-02-12,18:13,Wednesday,DUFFERIN STATION,MUI,9,13,W,BD,5168
2941,2025-02-12,19:03,Wednesday,LAWRENCE WEST STATION,SUO,5,8,S,YU,5416
2942,2025-02-12,19:05,Wednesday,ST CLAIR STATION,MUIS,None,None,S,YU,None
2943,2025-02-12,19:10,Wednesday,KENNEDY BD STATION,TUMVS,None,None,E,BD,5352
2944,2025-02-12,19:39,Wednesday,YORKDALE STATION,SUAP,None,None,N,YU,None
2945,2025-02-12,19:54,Wednesday,LAWRENCE WEST STATION,MUNCA,None,None,None,YU,None
2946,2025-02-12,20:06,Wednesday,OSSINGTON STATION,MUIRS,None,None,None,BD,None
2947,2025-02-12,20:19,Wednesday,KING STATION,PUOPO,12,16,S,YU,5766
2948,2025-02-12,20:39,Wednesday,EGLINTON STATION,MUIR,6,9,S,YU,5541
2949,2025-02-12,20:47,Wednesday,SHEPPARD WEST STATION,SUDP,None,None,None,YU,None
2950,2025-02-12,21:14,Wednesday,ISLINGTON STATION,MUIS,None,None,E,BD,None
2951,2025-02-12,21:50,Wednesday,MAIN STREET STATION,MUIRS,None,None,None,BD,None
2952,2025-02-12,21:52,Wednesday,RUNNYMEDE STATION,MUSC,None,None,W,BD,5139
2953,2025-02-12,22:00,Wednesday,YONGE-UNIVERSITY AND B,MUO,None,None,None,YU/BD,None
2954,2025-02-12,22:04,Wednesday,SHEPPARD STATION,MUPAA,4,10,N,YU,5521
2955,2025-02-12,23:10,Wednesday,MAIN STREET STATION,TUOS,4,9,W,BD,5139
2956,2025-02-12,23:28,Wednesday,OSGOODE STATION,PUMST,None,None,None,YU,None
2957,2025-02-12,23:30,Wednesday,YORK MILLS STATION,MUPAA,4,10,N,YU,5986
2958,2025-02-12,0:04,Wednesday,JANE STATION,MUPAA,None,None,W,BD,5156
2959,2025-02-12,0:20,Wednesday,VICTORIA PARK STATION,MUIS,None,None,None,BD,None
2960,2025-02-12,0:28,Wednesday,ROYAL YORK STATION,MUSC,None,None,E,BD,5134
2961,2025-02-12,0:36,Wednesday,CHESTER STATION,EUOE,12,17,W,BD,5237
2962,2025-02-12,0:44,Wednesday,VICTORIA PARK STATION,PUTIS,3,8,E,BD,5026
2963,2025-02-12,0:47,Wednesday,ST CLAIR WEST STATION,MUWEA,6,12,S,YU,5756
2964,2025-02-12,1:02,Wednesday,LINE 2 OPEN CUT AREAS,TUST,None,None,None,BD,None
2965,2025-02-12,1:21,Wednesday,BLOOR STATION,SUDP,None,None,N,YU,6031
2966,2025-02-12,1:42,Wednesday,MAIN STREET STATION,MUNCA,None,None,None,BD,None
2967,2025-02-12,1:52,Wednesday,EGLINTON STATION,MUIS,None,None,None,YU,None
2968,2025-02-12,9:13,Wednesday,SHEPPARD-YONGE STATION,TUSC,None,None,W,SHP,6171
2969,2025-02-12,14:49,Wednesday,BESSARION STATION,MUNCA,None,None,None,SHP,None
2970,2025-02-12,20:11,Wednesday,SHEPPARD YONGE STATION,PUSNT,8,15,E,SHP,6166
2971,2025-02-13,2:02,Thursday,DUNDAS STATION,SUDP,None,None,S,YU,None
2972,2025-02-13,2:33,Thursday,FINCH WEST STATION,MUIS,None,None,None,YU,None
2973,2025-02-13,3:02,Thursday,GREENWOOD YARD,PUSO,None,None,None,BD,None
2974,2025-02-13,3:12,Thursday,DONLANDS STATION,TUMVS,None,None,W,BD,5338
2975,2025-02-13,3:54,Thursday,ST CLAIR STATION,MUNCA,None,None,None,YU,None
2976,2025-02-13,3:58,Thursday,LAWRENCE WEST STATION,MUNCA,None,None,None,YU,None
2977,2025-02-13,4:26,Thursday,DAVISVILLE STATION,MUNCA,None,None,None,YU,None
2978,2025-02-13,5:10,Thursday,LAWRENCE STATION,MUNCA,None,None,None,YU,None
2979,2025-02-13,5:20,Thursday,HIGH PARK STATION,MUNCA,None,None,None,BD,None
2980,2025-02-13,5:25,Thursday,ISLINGTON STATION,MUNCA,None,None,None,BD,None
2981,2025-02-13,5:31,Thursday,SHERBOURNE STATION,MUNCA,None,None,None,BD,None
2982,2025-02-13,5:40,Thursday,KIPLING STATION,TUNOA,10,None,W,BD,5022
2983,2025-02-13,5:51,Thursday,YONGE BD STATION,TUML,8,None,W,BD,None
2984,2025-02-13,5:53,Thursday,COXWELL STATION,MUSC,None,None,W,BD,5237
2985,2025-02-13,5:54,Thursday,KIPLING STATION,TUNOA,3,8,E,BD,None
2986,2025-02-13,6:03,Thursday,KENNEDY BD STATION,MUO,5,10,W,BD,5358
2987,2025-02-13,6:04,Thursday,GREENWOOD STATION,TUNOA,2,4,W,BD,None
2988,2025-02-13,6:06,Thursday,MUSEUM STATION,MUWEA,4,8,S,YU,5721
2989,2025-02-13,6:07,Thursday,RUNNYMEDE STATION,MUSC,None,None,E,BD,5022
2990,2025-02-13,6:08,Thursday,GREENWOOD STATION,TUNOA,2,4,E,BD,None
2991,2025-02-13,6:09,Thursday,KENNEDY BD STATION,EUDO,5,10,W,BD,5132
2992,2025-02-13,6:11,Thursday,UNION STATION,EUDO,4,7,N,YU,5931
2993,2025-02-13,6:12,Thursday,YORKDALE STATION,PUSAC,None,None,N,YU,5636
2994,2025-02-13,6:17,Thursday,OLD MILL STATION,MUWEA,None,None,E,BD,5055
2995,2025-02-13,6:33,Thursday,SPADINA BD STATION,PUMEL,None,None,None,BD,None
2996,2025-02-13,6:37,Thursday,HIGH PARK STATION,MUSC,None,None,E,BD,5275
2997,2025-02-13,6:44,Thursday,FINCH STATION,PUOPO,None,None,None,YU,5941
2998,2025-02-13,6:48,Thursday,KIPLING STATION,TUNOA,3,5,E,BD,None
2999,2025-02-13,6:58,Thursday,PAPE STATION,TUOS,5,7,W,BD,5265
3000,2025-02-13,6:59,Thursday,EGLINTON STATION,PUOPO,5,8,S,YU,5941
3001,2025-02-13,7:10,Thursday,GREENWOOD STATION,TUDOE,47,49,W,BD,5343
3002,2025-02-13,7:19,Thursday,WELLESLEY STATION,PUOPO,6,9,S,YU,5941
3003,2025-02-13,7:32,Thursday,JANE STATION,TUO,2,4,W,BD,5265
3004,2025-02-13,7:37,Thursday,PAPE STATION,MUSC,None,None,W,BD,5099
3005,2025-02-13,7:41,Thursday,BROADVIEW STATION,EUPI,None,None,W,BD,5292
3006,2025-02-13,7:47,Thursday,VICTORIA PARK STATION,MUSC,None,None,W,BD,5263
3007,2025-02-13,7:51,Thursday,LAWRENCE WEST STATION,MUWEA,None,None,N,YU,5511
3008,2025-02-13,7:53,Thursday,WELLESLEY STATION,MUIRS,None,None,None,YU,None
3009,2025-02-13,8:01,Thursday,SPADINA YUS STATION,SUDP,3,5,N,YU,5971
3010,2025-02-13,8:04,Thursday,LANSDOWNE STATION,MUSC,None,None,E,BD,5102
3011,2025-02-13,8:11,Thursday,BLOOR STATION,MUPLB,15,18,N,YU,5521
3012,2025-02-13,8:14,Thursday,ROYAL YORK STATION,MUSC,None,None,E,BD,5279
3013,2025-02-13,9:44,Thursday,SPADINA YUS STATION,PUMST,None,None,None,YU,None
3014,2025-02-13,9:51,Thursday,OSGOODE STATION,MUNCA,None,None,None,YU,None
3015,2025-02-13,9:52,Thursday,YORK MILLS STATION,MUWEA,6,9,S,YU,6021
3016,2025-02-13,10:00,Thursday,DUNDAS STATION,PUOPO,7,12,S,YU,5826
3017,2025-02-13,10:04,Thursday,KIPLING STATION,PUTDN,None,None,W,BD,5171
3018,2025-02-13,10:09,Thursday,SHEPPARD STATION,MUWEA,4,9,N,YU,5531
3019,2025-02-13,10:11,Thursday,EGLINTON WEST STATION,TUO,8,11,N,YU,5406
3020,2025-02-13,10:50,Thursday,CASTLE FRANK STATION,SUDP,None,None,E,BD,5109
3021,2025-02-13,11:32,Thursday,VAUGHAN MC STATION,SUUT,7,12,S,YU,6021
3022,2025-02-13,11:52,Thursday,ST CLAIR STATION,PUMEL,None,None,N,YU,None
3023,2025-02-13,11:59,Thursday,KENNEDY BD STATION,EUAC,4,7,W,BD,5055
3024,2025-02-13,12:45,Thursday,ST CLAIR STATION,MUNCA,None,None,None,YU,None
3025,2025-02-13,13:05,Thursday,RUNNYMEDE STATION,MUPAA,None,None,E,BD,5238
3026,2025-02-13,13:30,Thursday,EGLINTON STATION,MUNCA,None,None,None,YU,None
3027,2025-02-13,13:58,Thursday,DUNDAS STATION,MUIS,None,None,None,YU,None
3028,2025-02-13,14:33,Thursday,KENNEDY BD STATION,MUI,3,6,W,BD,5024
3029,2025-02-13,15:08,Thursday,KENNEDY BD STATION,MUPAA,None,None,E,BD,5099
3030,2025-02-13,15:37,Thursday,BLOOR STATION,PUMEL,None,None,None,YU,None
3031,2025-02-13,16:00,Thursday,KIPLING STATION,MUWEA,3,6,E,BD,5129
3032,2025-02-13,16:02,Thursday,SHEPPARD WEST STATION,SUUT,56,59,S,YU,5626
3033,2025-02-13,16:08,Thursday,BAY STATION,MUD,None,None,W,BD,5034
3034,2025-02-13,16:11,Thursday,DUNDAS STATION,MUNCA,None,None,None,YU,None
3035,2025-02-13,16:17,Thursday,YONGE BD STATION,MUIS,None,None,None,BD,None
3036,2025-02-13,16:50,Thursday,QUEEN STATION,MUNCA,None,None,None,YU,None
3037,2025-02-13,16:53,Thursday,SPADINA BD STATION,SUDP,None,None,None,BD,None
3038,2025-02-13,16:55,Thursday,ROSEDALE STATION,MUNCA,None,None,None,YU,None
3039,2025-02-13,17:00,Thursday,LINE 1 - YONGE-UNIVERS,TUST,None,None,None,YU,None
3040,2025-02-13,17:06,Thursday,WELLESLEY STATION,MUIRS,None,None,None,YU,None
3041,2025-02-13,17:07,Thursday,YORKDALE STATION,MUWEA,3,6,S,YU,5651
3042,2025-02-13,17:09,Thursday,QUEEN QUAY STATION,MUIRS,None,None,None,YU,None
3043,2025-02-13,17:10,Thursday,KIPLING STATION,MUNCA,None,None,None,BD,None
3044,2025-02-13,17:30,Thursday,ST CLAIR WEST STATION,MUWEA,5,8,S,YU,5651
3045,2025-02-13,17:45,Thursday,MUSEUM STATION,MUWEA,5,8,S,YU,5651
3046,2025-02-13,17:49,Thursday,WELLESLEY STATION,SUDP,None,None,None,YU,None
3047,2025-02-13,18:09,Thursday,KIPLING STATION,MUDD,3,6,E,BD,5164
3048,2025-02-13,18:10,Thursday,LAWRENCE STATION,MUNCA,None,None,None,YU,None
3049,2025-02-13,18:15,Thursday,PIONEER VILLAGE STATIO,MUNCA,None,None,None,YU,None
3050,2025-02-13,18:17,Thursday,SHEPPARD STATION,SUAP,6,9,S,YU,5726
3051,2025-02-13,18:44,Thursday,PAPE STATION,MUSC,None,None,W,BD,5079
3052,2025-02-13,19:23,Thursday,NORTH YORK CTR STATION,PUOPO,3,6,S,YU,5941
3053,2025-02-13,19:32,Thursday,KIPLING STATION,MUPAA,3,7,E,BD,5255
3054,2025-02-13,19:38,Thursday,YORK MILLS STATION,SUO,None,None,S,YU,5581
3055,2025-02-13,19:45,Thursday,SPADINA BD STATION,MUNCA,None,None,None,BD,None
3056,2025-02-13,20:03,Thursday,BLOOR STATION,SUDP,None,None,S,YU,5786
3057,2025-02-13,20:10,Thursday,BAY STATION,MUIS,None,None,None,BD,None
3058,2025-02-13,20:14,Thursday,DAVISVILLE STATION,SUO,9,13,N,YU,5416
3059,2025-02-13,21:58,Thursday,FINCH STATION,MUIS,None,None,None,YU,None
3060,2025-02-13,21:59,Thursday,KIPLING STATION,EUNT,5,10,E,BD,5295
3061,2025-02-13,22:00,Thursday,PAPE STATION,PUMO,None,None,None,BD,None
3062,2025-02-13,22:00,Thursday,YONGE-UNIVERSITY AND B,MUO,None,None,None,YU/BD,None
3063,2025-02-13,22:07,Thursday,BATHURST STATION,MUIRS,None,None,None,BD,None
3064,2025-02-13,23:00,Thursday,LINE1 - YOUNGE-UNIVERS,MUO,None,None,None,YU,None
3065,2025-02-13,23:45,Thursday,ISLINGTON STATION,PUTIS,None,None,E,BD,5143
3066,2025-02-13,0:24,Thursday,KIPLING STATION,TUO,10,15,E,BD,5225
3067,2025-02-13,1:16,Thursday,DAVISVILLE STATION,EUVE,5,11,S,YU,5841
3068,2025-02-13,1:39,Thursday,WILSON YARD,PUTOE,None,None,None,YU,19
3069,2025-02-13,1:40,Thursday,DUFFERIN STATION,SUO,None,None,W,BD,5309
3070,2025-02-13,1:48,Thursday,DAVISVILLE STATION,EUVE,4,10,N,YU,5846
3071,2025-02-13,7:15,Thursday,SHEPPARD-YONGE STATION,MUI,3,10,E,SHP,6191
3072,2025-02-13,10:55,Thursday,SHEPPARD-YONGE STATION,TUSC,None,None,W,SHP,6196
3073,2025-02-13,16:31,Thursday,LESLIE STATION,PUSNT,3,10,W,SHP,6166
3074,2025-02-13,19:59,Thursday,LESLIE STATION,EUDO,4,11,E,SHP,6191
3075,2025-02-13,22:02,Thursday,BAYVIEW STATION,PUSTS,6,13,W,SHP,6196
3076,2025-02-14,5:05,Friday,VICTORIA PARK STATION,MUNCA,None,None,None,BD,None
3077,2025-02-14,5:10,Friday,ROYAL YORK STATION,MUNCA,None,None,None,BD,None
3078,2025-02-14,5:25,Friday,DUNDAS WEST STATION,MUNCA,None,None,None,BD,None
3079,2025-02-14,5:25,Friday,COLLEGE STATION,MUNCA,None,None,None,YU,None
3080,2025-02-14,5:25,Friday,QUEEN STATION,MUNCA,None,None,None,YU,None
3081,2025-02-14,5:25,Friday,DUNDAS STATION,MUNCA,None,None,None,YU,None
3082,2025-02-14,5:31,Friday,FINCH STATION,SUUT,56,None,S,YU,5406
3083,2025-02-14,5:50,Friday,KEELE STATION,MUCL,3,6,W,BD,None
3084,2025-02-14,5:56,Friday,WILSON STATION,MUWEA,5,10,S,YU,6011
3085,2025-02-14,5:56,Friday,SHEPPARD WEST STATION,MUWEA,6,12,N,YU,5611
3086,2025-02-14,6:15,Friday,DAVISVILLE STATION,PUOPO,None,None,S,YU,5941
3087,2025-02-14,6:18,Friday,COXWELL STATION,MUSC,None,None,E,BD,5180
3088,2025-02-14,6:27,Friday,FINCH STATION,SUG,4,8,S,YU,6036
3089,2025-02-14,6:27,Friday,FINCH STATION,TUOPO,None,None,S,YU,5406
3090,2025-02-14,6:30,Friday,ST GEORGE YUS STATION,MUD,None,None,N,YU,6066
3091,2025-02-14,6:33,Friday,KING STATION,PUOPO,5,7,S,YU,5941
3092,2025-02-14,6:36,Friday,HIGH PARK STATION,TUOS,5,7,E,BD,5244
3093,2025-02-14,6:38,Friday,UNION STATION,PUOPO,3,6,N,YU,5941
3094,2025-02-14,6:44,Friday,HIGH PARK STATION,EUSC,None,None,W,BD,5323
3095,2025-02-14,7:01,Friday,WILSON STATION,TUOS,3,6,S,YU,5391
3096,2025-02-14,7:09,Friday,QUEEN'S PARK STATION,PUOPO,None,None,S,YU,5721
3097,2025-02-14,7:29,Friday,MUSEUM STATION,MUWEA,3,6,S,YU,5391
3098,2025-02-14,7:34,Friday,WARDEN STATION,EUME,6,8,E,BD,5343
3099,2025-02-14,7:41,Friday,OSGOODE STATION,EUBK,6,8,S,YU,5631
3100,2025-02-14,8:08,Friday,QUEEN'S PARK STATION,PUOPO,None,None,S,YU,5926
3101,2025-02-14,8:18,Friday,YONGE BD STATION,MUPAA,None,None,E,BD,5085
3102,2025-02-14,8:18,Friday,BROADVIEW STATION,MUSC,None,None,W,BD,5122
3103,2025-02-14,8:20,Friday,CASTLE FRANK STATION,TUSC,None,None,W,BD,5122
3104,2025-02-14,8:30,Friday,KENNEDY BD STATION,PUMST,None,None,None,BD,None
3105,2025-02-14,8:57,Friday,VAUGHAN MC STATION,EUBK,4,6,S,YU,5861
3106,2025-02-14,8:58,Friday,YONGE BD STATION,MUO,None,None,E,BD,5333
3107,2025-02-14,9:03,Friday,KENNEDY BD STATION,SUUT,7,11,E,BD,5229
3108,2025-02-14,9:58,Friday,OSSINGTON STATION,SUUT,None,None,E,BD,5154
3109,2025-02-14,10:03,Friday,BLOOR STATION,MUSAN,5,7,S,YU,5566
3110,2025-02-14,10:10,Friday,DUFFERIN STATION,SUDP,None,None,E,BD,5116
3111,2025-02-14,10:17,Friday,UNION STATION,MUPAA,3,8,N,YU,5981
3112,2025-02-14,10:49,Friday,YONGE BD STATION,SUDP,None,None,E,BD,5095
3113,2025-02-14,10:51,Friday,KENNEDY BD STATION,MUSAN,4,8,E,BD,5068
3114,2025-02-14,11:11,Friday,WILSON STATION,TUATC,None,None,S,YU,5711
3115,2025-02-14,11:26,Friday,YONGE BD STATION,SUAP,None,None,None,BD,None
3116,2025-02-14,11:42,Friday,PIONEER VILLAGE STATIO,MUPAA,None,None,N,YU,5621
3117,2025-02-14,12:17,Friday,ST GEORGE YUS STATION,PUMST,None,None,None,YU,None
3118,2025-02-14,12:17,Friday,UNION STATION,MUIS,None,None,None,YU,None
3119,2025-02-14,12:32,Friday,BLOOR STATION,SUAE,None,None,N,YU,None
3120,2025-02-14,12:39,Friday,KENNEDY BD STATION,TUO,10,14,W,BD,5121
3121,2025-02-14,12:46,Friday,WOODBINE STATION,TUO,4,8,E,BD,5094
3122,2025-02-14,13:10,Friday,JANE STATION,PUMEL,None,None,None,BD,None
3123,2025-02-14,13:33,Friday,VAUGHAN MC STATION,MUIS,None,None,None,YU,None
3124,2025-02-14,13:34,Friday,SHEPPARD STATION,SUAP,None,None,N,YU,None
3125,2025-02-14,13:49,Friday,RUNNYMEDE STATION,MUIRS,None,None,W,BD,5074
3126,2025-02-14,13:51,Friday,BLOOR STATION,PUMST,None,None,None,YU,None
3127,2025-02-14,13:54,Friday,EGLINTON STATION,SUAP,None,None,S,YU,5972
3128,2025-02-14,13:55,Friday,QUEEN STATION,MUNCA,None,None,None,YU,None
3129,2025-02-14,13:56,Friday,ST CLAIR STATION,SUDP,6,10,S,YU,5976
3130,2025-02-14,14:24,Friday,ST GEORGE BD STATION,PUSNT,5,9,W,BD,5265
3131,2025-02-14,14:38,Friday,ROYAL YORK STATION,MUIR,None,None,W,BD,5102
3132,2025-02-14,14:42,Friday,GREENWOOD YARD,MUTO,11,None,W,BD,None
3133,2025-02-14,14:46,Friday,EGLINTON STATION,SUDP,None,None,None,YU,None
3134,2025-02-14,14:47,Friday,BLOOR STATION,MUIS,None,None,S,YU,None
3135,2025-02-14,14:49,Friday,ST GEORGE BD STATION,SUUT,30,34,W,BD,5209
3136,2025-02-14,15:04,Friday,OSSINGTON STATION,SUUT,14,18,E,BD,None
3137,2025-02-14,15:20,Friday,KIPLING STATION,MUI,4,8,E,BD,5146
3138,2025-02-14,15:34,Friday,CASTLE FRANK STATION,MUIR,14,17,E,BD,5361
3139,2025-02-14,15:43,Friday,ST ANDREW STATION,MUIRS,None,None,None,YU,None
3140,2025-02-14,16:01,Friday,SHEPPARD WEST STATION,MUPAA,3,7,N,YU,5921
3141,2025-02-14,16:12,Friday,VICTORIA PARK STATION,SUUT,10,13,E,BD,5092
3142,2025-02-14,16:32,Friday,ST GEORGE BD STATION,MUIS,None,None,None,BD,None
3143,2025-02-14,16:38,Friday,ROSEDALE STATION,MUIS,None,None,None,YU,None
3144,2025-02-14,16:43,Friday,JANE STATION,PUMEL,None,None,None,BD,None
3145,2025-02-14,17:05,Friday,BLOOR STATION,TUO,5,8,N,YU,6051
3146,2025-02-14,17:07,Friday,EGLINTON STATION,PUMEL,None,None,None,YU,None
3147,2025-02-14,17:15,Friday,SHERBOURNE STATION,SUAE,None,None,E,BD,5022
3148,2025-02-14,17:20,Friday,ST GEORGE BD STATION,MUNCA,None,None,None,BD,None
3149,2025-02-14,17:31,Friday,DUNDAS STATION,SUG,None,None,None,YU,None
3150,2025-02-14,17:36,Friday,KIPLING STATION,MUSC,None,None,E,BD,5137
3151,2025-02-14,17:39,Friday,ISLINGTON STATION,EUPI,3,6,E,BD,5137
3152,2025-02-14,17:40,Friday,FINCH STATION,SUDP,3,6,S,YU,5796
3153,2025-02-14,17:54,Friday,KIPLING STATION,MUPAA,None,None,E,BD,5343
3154,2025-02-14,17:59,Friday,ST GEORGE YUS STATION,MUSAN,14,17,S,YU,5611
3155,2025-02-14,18:00,Friday,EGLINTON WEST STATION,MUNCA,None,None,None,YU,None
3156,2025-02-14,18:10,Friday,WOODBINE STATION,MUNCA,None,None,None,BD,None
3157,2025-02-14,18:19,Friday,QUEEN'S PARK STATION,PUOPO,3,6,N,YU,6056
3158,2025-02-14,18:41,Friday,SHEPPARD WEST STATION,SUUT,None,None,N,YU,5386
3159,2025-02-14,19:04,Friday,KENNEDY BD STATION,TUSC,4,9,W,BD,5197
3160,2025-02-14,19:22,Friday,KIPLING STATION,MUSC,3,8,W,BD,5283
3161,2025-02-14,19:23,Friday,ISLINGTON STATION,EUBK,3,7,W,BD,5039
3162,2025-02-14,19:26,Friday,SUMMERHILL STATION,SUAP,24,28,N,YU,5756
3163,2025-02-14,19:26,Friday,KIPLING STATION,MUI,5,10,W,BD,5283
3164,2025-02-14,20:05,Friday,PAPE STATION,SUDP,3,8,E,BD,5137
3165,2025-02-14,20:24,Friday,DONLANDS STATION,SUUT,3,7,W,BD,None
3166,2025-02-14,20:54,Friday,DUNDAS WEST STATION,MUIS,None,None,None,BD,None
3167,2025-02-14,21:04,Friday,BLOOR STATION,MUIS,None,None,S,YU,None
3168,2025-02-14,21:56,Friday,VAUGHAN MC STATION,SUDP,None,None,None,YU,6011
3169,2025-02-14,22:00,Friday,YONGE-UNIVERSITY AND B,MUO,None,None,None,YU/BD,None
3170,2025-02-14,22:02,Friday,COLLEGE STATION,SUO,16,21,S,YU,6136
3171,2025-02-14,22:02,Friday,ST GEORGE BD STATION,SUO,13,18,E,BD,5220
3172,2025-02-14,22:35,Friday,ST CLAIR WEST STATION,PUMEL,None,None,None,YU,None
3173,2025-02-14,22:42,Friday,SPADINA BD STATION,MUIS,None,None,None,BD,None
3174,2025-02-14,22:55,Friday,WILSON STATION,SUAP,22,27,N,YU,6136
3175,2025-02-14,23:00,Friday,LINE 1 EARLY ACCESS CL,MUO,None,None,None,YU,None
3176,2025-02-14,23:01,Friday,FINCH STATION,MUIS,None,None,None,YU,None
3177,2025-02-14,23:13,Friday,EGLINTON STATION,SUDP,7,13,S,YU,5866
3178,2025-02-14,23:16,Friday,CHRISTIE STATION,TUSC,None,None,E,BD,5087
3179,2025-02-14,23:28,Friday,SUMMERHILL STATION,SUDP,10,16,S,YU,5866
3180,2025-02-14,23:51,Friday,LANSDOWNE STATION,MUPAA,None,None,E,BD,5154
3181,2025-02-14,23:52,Friday,HIGH PARK STATION,TUO,8,13,E,BD,5154
3182,2025-02-14,0:52,Friday,BATHURST STATION,MUIS,None,None,None,BD,None
3183,2025-02-14,1:38,Friday,SHEPPARD WEST STATION,SUAE,31,None,S,YU,5411
3184,2025-02-14,1:50,Friday,KENNEDY BD STATION,MUIS,None,None,W,BD,5271
3185,2025-02-14,1:56,Friday,ST CLAIR STATION,MUPAA,None,None,N,YU,5756
3186,2025-02-14,11:57,Friday,DON MILLS STATION,PUSTS,4,11,E,SHP,6176
3187,2025-02-14,12:06,Friday,DON MILLS STATION,PUSTS,5,12,W,SHP,6176
3188,2025-02-15,2:00,Saturday,SHERBOURNE STATION,SUO,4,9,E,BD,5154
3189,2025-02-15,2:18,Saturday,KENNEDY BD STATION,MUIS,None,None,None,BD,None
3190,2025-02-15,5:55,Saturday,UNION STATION,PUTR,4,None,N,YU,5706
3191,2025-02-15,6:03,Saturday,LAWRENCE STATION,PUOPO,5,11,S,YU,5406
3192,2025-02-15,6:23,Saturday,LAWRENCE STATION,PUOPO,7,13,S,YU,6056
3193,2025-02-15,6:45,Saturday,WILSON STATION,MUO,11,None,N,YU,5766
3194,2025-02-15,7:26,Saturday,DUFFERIN STATION,MUDD,6,11,E,BD,5049
3195,2025-02-15,7:46,Saturday,LAWRENCE WEST STATION,MUSAN,6,12,S,YU,5801
3196,2025-02-15,7:47,Saturday,VICTORIA PARK STATION,PUSTC,None,None,W,BD,5358
3197,2025-02-15,7:54,Saturday,ISLINGTON STATION,EUSC,None,None,E,BD,5094
3198,2025-02-15,8:44,Saturday,KENNEDY BD STATION,SUDP,3,8,W,BD,5129
3199,2025-02-15,8:53,Saturday,BLOOR STATION,SUDP,None,None,S,YU,5406
3200,2025-02-15,9:55,Saturday,ST CLAIR WEST STATION,MUNCA,None,None,None,YU,None
3201,2025-02-15,10:20,Saturday,PAPE STATION,SUDP,3,8,E,BD,5262
3202,2025-02-15,10:51,Saturday,UNION STATION,SUDP,None,None,S,YU,5716
3203,2025-02-15,10:51,Saturday,ISLINGTON STATION,MUSC,None,None,E,BD,5367
3204,2025-02-15,11:24,Saturday,VAUGHAN MC STATION,MUSAN,4,8,S,YU,5666
3205,2025-02-15,12:26,Saturday,UNION STATION,MUIRS,None,None,None,YU,None
3206,2025-02-15,12:55,Saturday,MAIN STREET STATION,EUSC,None,None,W,BD,5371
3207,2025-02-15,13:03,Saturday,VICTORIA PARK STATION,EUSC,None,None,W,BD,5057
3208,2025-02-15,13:12,Saturday,MAIN STREET STATION,MUWEA,4,8,W,BD,5104
3209,2025-02-15,13:23,Saturday,COXWELL STATION,TUO,7,11,W,BD,5104
3210,2025-02-15,13:40,Saturday,SPADINA BD STATION,PUSTS,3,7,W,BD,5354
3211,2025-02-15,14:05,Saturday,EGLINTON STATION,MUIR,3,7,N,YU,5586
3212,2025-02-15,14:13,Saturday,ISLINGTON STATION,MUWEA,3,7,E,BD,5156
3213,2025-02-15,14:25,Saturday,NORTH YORK CTR STATION,MUPAA,3,7,N,YU,5586
3214,2025-02-15,14:25,Saturday,EGLINTON STATION,PUMO,None,None,None,YU,None
3215,2025-02-15,14:51,Saturday,WOODBINE STATION,MUSC,None,None,W,BD,5079
3216,2025-02-15,14:53,Saturday,GREENWOOD STATION,PUMST,None,None,None,BD,None
3217,2025-02-15,15:03,Saturday,ISLINGTON STATION,MUWEA,3,7,E,BD,5187
3218,2025-02-15,15:10,Saturday,OLD MILL STATION,TUO,4,8,E,BD,5187
3219,2025-02-15,15:11,Saturday,OLD MILL STATION,MUPAA,4,8,E,BD,5187
3220,2025-02-15,15:20,Saturday,BLOOR STATION,MUIRS,None,None,S,YU,None
3221,2025-02-15,15:27,Saturday,YONGE BD STATION,SUO,None,None,W,BD,5340
3222,2025-02-15,16:11,Saturday,LANSDOWNE STATION,SUAP,None,None,None,BD,None
3223,2025-02-15,16:22,Saturday,BLOOR STATION,MUIS,None,None,None,YU,None
3224,2025-02-15,16:44,Saturday,FINCH WEST STATION,PUMO,None,None,None,YU,None
3225,2025-02-15,16:45,Saturday,SPADINA YUS STATION,SUDP,None,None,N,YU,5716
3226,2025-02-15,16:46,Saturday,KIPLING STATION,PUMST,None,None,None,BD,None
3227,2025-02-15,16:48,Saturday,MAIN STREET STATION,EUSC,None,None,W,BD,5371
3228,2025-02-15,17:19,Saturday,WELLESLEY STATION,PUMEL,None,None,None,YU,None
3229,2025-02-15,18:02,Saturday,MAIN STREET STATION,MUWEA,3,7,W,BD,5287
3230,2025-02-15,18:23,Saturday,KIPLING STATION,MUIR,4,8,E,BD,5350
3231,2025-02-15,18:33,Saturday,WELLESLEY STATION,MUIE,None,None,None,YU,None
3232,2025-02-15,18:47,Saturday,VICTORIA PARK STATION,MUWEA,3,7,W,BD,5240
3233,2025-02-15,18:50,Saturday,CHESTER STATION,MUD,4,8,E,BD,5367
3234,2025-02-15,18:55,Saturday,WOODBINE STATION,MUWEA,None,None,W,BD,5240
3235,2025-02-15,19:07,Saturday,MAIN STREET STATION,TUO,4,9,W,BD,5065
3236,2025-02-15,19:11,Saturday,COXWELL STATION,EUSC,None,None,W,BD,5323
3237,2025-02-15,19:21,Saturday,MAIN STREET STATION,SUDP,None,None,None,BD,None
3238,2025-02-15,19:42,Saturday,VICTORIA PARK STATION,PUTIS,None,None,E,BD,5016
3239,2025-02-15,19:57,Saturday,VICTORIA PARK STATION,PUTIS,None,None,W,BD,5271
3240,2025-02-15,20:03,Saturday,MAIN STREET STATION,MUSC,3,8,W,BD,5271
3241,2025-02-15,20:26,Saturday,WILSON STATION,MUIS,None,None,None,YU,7276
3242,2025-02-15,20:32,Saturday,DUFFERIN STATION,PUMEL,None,None,None,BD,None
3243,2025-02-15,20:34,Saturday,VICTORIA PARK STATION,PUTIS,4,9,W,BD,5240
3244,2025-02-15,20:45,Saturday,CASTLE FRANK STATION,MUPAA,None,None,E,BD,5333
3245,2025-02-15,20:56,Saturday,MAIN STREET STATION,SUDP,None,None,None,BD,None
3246,2025-02-15,20:58,Saturday,WOODBINE STATION,SUUT,None,None,E,BD,5333
3247,2025-02-15,21:03,Saturday,MAIN STREET STATION,EUSC,3,8,W,BD,5323
3248,2025-02-15,21:04,Saturday,MAIN STREET STATION,TUSC,None,None,W,BD,5323
3249,2025-02-15,21:19,Saturday,ST GEORGE BD STATION,EUNT,10,15,E,BD,5016
3250,2025-02-15,21:31,Saturday,YONGE BD STATION,MUIR,4,9,W,BD,5095
3251,2025-02-15,21:49,Saturday,GREENWOOD STATION,MUIR,4,9,E,BD,5371
3252,2025-02-15,21:50,Saturday,KIPLING STATION,PUMST,None,None,None,BD,None
3253,2025-02-15,21:51,Saturday,WELLESLEY STATION,MUNCA,None,None,None,YU,None
3254,2025-02-15,21:59,Saturday,WOODBINE STATION,MUSC,None,None,E,BD,5171
3255,2025-02-15,22:03,Saturday,COXWELL STATION,SUDP,8,14,E,BD,5240
3256,2025-02-15,22:39,Saturday,ROYAL YORK STATION,MUSC,None,None,E,BD,5200
3257,2025-02-15,22:45,Saturday,OLD MILL STATION,MUNCA,None,None,None,BD,None
3258,2025-02-15,22:48,Saturday,SUMMERHILL STATION,SUAP,None,None,S,YU,5966
3259,2025-02-15,23:01,Saturday,ST CLAIR WEST STATION,SUDP,None,None,None,YU,None
3260,2025-02-15,23:07,Saturday,YONGE UNIVERSITY LINE,TUST,None,None,None,YU,None
3261,2025-02-15,23:28,Saturday,COXWELL STATION,MUSC,None,None,W,BD,5179
3262,2025-02-15,23:30,Saturday,YONGE UNIVERSITY LINE,MUGD,None,None,None,YU,None
3263,2025-02-15,23:35,Saturday,COXWELL STATION,MUSC,None,None,W,BD,5160
3264,2025-02-15,0:29,Saturday,GREENWOOD YARD,PUTOE,None,None,W,BD,73
3265,2025-02-15,0:51,Saturday,SPADINA BD STATION,EUDO,4,10,W,BD,5065
3266,2025-02-15,0:52,Saturday,KIPLING STATION,MUIR,None,None,None,BD,5156
3267,2025-02-15,1:00,Saturday,BLOOR DANFORTH LINE,TUST,None,None,None,None,None
3268,2025-02-15,1:25,Saturday,UNION STATION,SUDP,None,None,None,YU,None
3269,2025-02-15,1:59,Saturday,DUFFERIN STATION,SUDP,None,None,E,BD,None
3270,2025-02-15,2:24,Saturday,DON MILLS STATION,SUO,3,10,W,SHP,6171
3271,2025-02-15,9:00,Saturday,BESSARION STATION,MUNCA,None,None,None,SHP,None
3272,2025-02-16,3:00,Sunday,YONGE UNIVERSITY LINE,TUML,None,None,None,BD,None
3273,2025-02-16,3:41,Sunday,BLOOR DANFORTH LINE,TUML,None,None,None,BD,None
3274,2025-02-16,3:00,Sunday,YONGE UNIVERSITY LINE,TUML,None,None,None,YU,None
3275,2025-02-16,3:41,Sunday,BLOOR DANFORTH LINE,TUML,None,None,None,None,None
3276,2025-02-16,5:08,Sunday,SHEPPARD WEST STATION,PUSAC,None,None,N,YU,6061
3277,2025-02-16,5:08,Sunday,GREENWOOD YARD,EUOE,None,None,W,BD,5089
3278,2025-02-16,7:06,Sunday,DONLANDS STATION,TUSC,None,None,W,BD,5240
3279,2025-02-16,7:17,Sunday,LAWRENCE STATION,TUNCA,None,None,None,YU,None
3280,2025-02-16,7:32,Sunday,YORKDALE STATION,EUNT,None,None,E,YU,5661
3281,2025-02-16,7:43,Sunday,DONLANDS STATION,TUSC,None,None,W,BD,5323
3282,2025-02-16,7:53,Sunday,MUSEUM STATION,TUNCA,None,None,None,YU,None
3283,2025-02-16,7:54,Sunday,VAUGHAN MC STATION,TUNIP,None,None,S,YU,6066
3284,2025-02-16,7:58,Sunday,SHEPPARD WEST STATION,MUWEA,None,None,N,YU,5936
3285,2025-02-16,8:00,Sunday,DONLANDS STATION,TUNOA,5,10,E,BD,None
3286,2025-02-16,8:01,Sunday,VICTORIA PARK STATION,TUNCA,None,None,None,BD,None
3287,2025-02-16,8:03,Sunday,KENNEDY BD STATION,TUNOA,5,10,W,BD,5065
3288,2025-02-16,8:06,Sunday,VAUGHAN MC STATION,EUDO,11,23,None,YU,5741
3289,2025-02-16,8:09,Sunday,EGLINTON WEST STATION,EUNT,6,11,S,YU,6071
3290,2025-02-16,8:10,Sunday,SHEPPARD WEST STATION,MUWEA,5,11,S,YU,5761
3291,2025-02-16,8:14,Sunday,WARDEN STATION,MUWEA,None,None,E,BD,5171
3292,2025-02-16,8:29,Sunday,ST GEORGE BD STATION,TUSC,None,None,W,BD,5238
3293,2025-02-16,8:32,Sunday,MUSEUM STATION,MUWEA,3,15,S,YU,6071
3294,2025-02-16,8:32,Sunday,DUPONT STATION,MUWEA,13,None,N,YU,5541
3295,2025-02-16,8:36,Sunday,HIGHWAY 407 STATION,EUDO,10,16,S,YU,5791
3296,2025-02-16,8:37,Sunday,DUPONT STATION,MUWEA,None,None,S,YU,6066
3297,2025-02-16,8:42,Sunday,DAVISVILLE STATION,MUWEA,20,None,N,YU,5751
3298,2025-02-16,8:53,Sunday,UNION STATION,MUWEA,None,None,S,YU,6066
3299,2025-02-16,8:56,Sunday,RUNNYMEDE STATION,EUSC,None,None,W,BD,5067
3300,2025-02-16,9:01,Sunday,YORKDALE STATION,MUWEA,None,None,N,YU,5541
3301,2025-02-16,9:06,Sunday,CASTLE FRANK STATION,MUSC,None,None,W,BD,5171
3302,2025-02-16,9:10,Sunday,GREENWOOD YARD,MUWEA,None,None,None,BD,None
3303,2025-02-16,9:14,Sunday,EGLINTON WEST STATION,MUWEA,None,None,S,YU,5791
3304,2025-02-16,9:18,Sunday,EGLINTON STATION,MUWEA,807,812,N,YU,6071
3305,2025-02-16,9:53,Sunday,ST CLAIR STATION,SUDP,None,None,None,YU,None
3306,2025-02-16,10:04,Sunday,SHEPPARD WEST STATION,MUWEA,None,None,N,YU,6086
3307,2025-02-16,10:08,Sunday,DOWNSVIEW PARK STATION,MUWEA,None,None,N,YU,6086
3308,2025-02-16,10:12,Sunday,DUNDAS WEST STATION,MUWEA,3,7,E,BD,5049
3309,2025-02-16,10:21,Sunday,YORKDALE STATION,MUWEA,4,8,N,YU,5821
3310,2025-02-16,10:43,Sunday,DOWNSVIEW PARK STATION,EUPI,4,8,S,YU,6081
3311,2025-02-16,10:45,Sunday,DUNDAS WEST STATION,MUSC,None,None,E,BD,5021
3312,2025-02-16,10:48,Sunday,WELLESLEY STATION,MUWEA,5,10,S,YU,5386
3313,2025-02-16,10:52,Sunday,EGLINTON WEST STATION,PUATC,5,9,N,YU,5496
3314,2025-02-16,10:56,Sunday,ST GEORGE YUS STATION,MUWEA,4,8,S,YU,5721
3315,2025-02-16,11:02,Sunday,OSGOODE STATION,MUWEA,None,None,N,YU,5386
3316,2025-02-16,11:03,Sunday,SHEPPARD WEST STATION,MUWEA,900,906,N,YU,5496
3317,2025-02-16,11:06,Sunday,FINCH WEST STATION,MUWEA,16,21,N,YU,5871
3318,2025-02-16,11:15,Sunday,ROYAL YORK STATION,PUTIS,4,9,E,BD,5274
3319,2025-02-16,11:23,Sunday,ST GEORGE YUS STATION,MUPAA,None,None,N,YU,5541
3320,2025-02-16,11:36,Sunday,SHEPPARD WEST STATION,MUWEA,None,None,N,YU,5496
3321,2025-02-16,11:44,Sunday,ST GEORGE YUS STATION,MUPAA,5,9,N,YU,6061
3322,2025-02-16,12:12,Sunday,OLD MILL STATION,MUSC,None,None,E,BD,5333
3323,2025-02-16,12:34,Sunday,COLLEGE STATION,PUMST,None,None,None,YU,None
3324,2025-02-16,12:43,Sunday,WILSON STATION,MUWEA,4,8,S,YU,5381
3325,2025-02-16,12:53,Sunday,DAVISVILLE YARD,EUYRD,None,None,None,YU,None
3326,2025-02-16,12:54,Sunday,BLOOR STATION,TUO,None,None,N,YU,None
3327,2025-02-16,12:59,Sunday,ST GEORGE YUS STATION,PUOPO,None,None,N,YU,5746
3328,2025-02-16,13:04,Sunday,WELLESLEY STATION,MUWEA,None,None,S,YU,5581
3329,2025-02-16,13:17,Sunday,OSGOODE STATION,MUWEA,None,None,N,YU,5581
3330,2025-02-16,13:17,Sunday,DOWNSVIEW PARK STATION,MUWEA,4,8,N,YU,5831
3331,2025-02-16,13:21,Sunday,MUSEUM STATION,MUWEA,None,None,S,YU,5381
3332,2025-02-16,13:37,Sunday,DUNDAS STATION,PUOPO,5,9,S,YU,5496
3333,2025-02-16,14:00,Sunday,LAWRENCE WEST STATION,MUWEA,16,22,N,YU,5976
3334,2025-02-16,14:38,Sunday,UNION STATION,PUMST,None,None,None,YU,None
3335,2025-02-16,15:02,Sunday,LAWRENCE WEST STATION,PUOPO,10,15,N,YU,5696
3336,2025-02-16,15:10,Sunday,KIPLING STATION,SUG,None,None,W,BD,5262
3337,2025-02-16,15:23,Sunday,LAWRENCE WEST STATION,MUIR,9,15,N,YU,5976
3338,2025-02-16,15:59,Sunday,MUSEUM STATION,MUWEA,None,None,S,YU,5791
3339,2025-02-16,16:08,Sunday,DAVISVILLE STATION,SUDP,None,None,None,YU,None
3340,2025-02-16,16:15,Sunday,ST CLAIR WEST STATION,MUIR,None,None,N,YU,5741
3341,2025-02-16,16:18,Sunday,ST CLAIR WEST STATION,MUIRS,None,None,None,YU,None
3342,2025-02-16,16:37,Sunday,LAWRENCE STATION,SUO,78,84,S,YU,5406
3343,2025-02-16,16:37,Sunday,WELLESLEY STATION,MUIS,None,None,None,YU,None
3344,2025-02-16,16:41,Sunday,QUEEN'S PARK STATION,MUNCA,None,None,None,YU,None
3345,2025-02-16,16:43,Sunday,ROSEDALE STATION,MUNCA,None,None,None,YU,None
3346,2025-02-16,16:45,Sunday,BROADVIEW STATION,MUNCA,None,None,None,BD,None
3347,2025-02-16,16:46,Sunday,ST CLAIR STATION,MUNCA,None,None,None,YU,None
3348,2025-02-16,16:47,Sunday,BAY STATION,MUNCA,None,None,None,BD,None
3349,2025-02-16,16:49,Sunday,WILSON STATION,MUNCA,None,None,None,YU,None
3350,2025-02-16,16:51,Sunday,ST CLAIR WEST STATION,MUIS,None,None,N,YU,None
3351,2025-02-16,16:56,Sunday,ROSEDALE STATION,MUWEA,257,262,S,YU,5931
3352,2025-02-16,16:59,Sunday,EGLINTON STATION,SUDP,None,None,None,YU,None
3353,2025-02-16,17:06,Sunday,MAIN STREET STATION,EULV,None,None,W,BD,5065
3354,2025-02-16,17:25,Sunday,KENNEDY BD STATION,MUNCA,None,None,None,BD,None
3355,2025-02-16,17:27,Sunday,BLOOR STATION,MUNCA,None,None,None,YU,None
3356,2025-02-16,17:29,Sunday,DUNDAS STATION,MUIS,None,None,None,YU,None
3357,2025-02-16,17:42,Sunday,SHEPPARD WEST STATION,MUPAA,None,None,N,YU,5881
3358,2025-02-16,17:58,Sunday,KING STATION,MUIS,None,None,S,YU,None
3359,2025-02-16,18:10,Sunday,COLLEGE STATION,PUMST,None,None,None,YU,None
3360,2025-02-16,18:18,Sunday,ST CLAIR WEST STATION,SUDP,14,20,N,YU,5411
3361,2025-02-16,19:02,Sunday,ISLINGTON STATION,MUWEA,14,19,W,BD,5051
3362,2025-02-16,19:05,Sunday,ST PATRICK STATION,PUMEL,None,None,None,YU,None
3363,2025-02-16,19:13,Sunday,BATHURST STATION,SUAP,None,None,None,BD,None
3364,2025-02-16,19:19,Sunday,ST CLAIR WEST STATION,SUDP,5,11,N,YU,5541
3365,2025-02-16,19:31,Sunday,DUNDAS STATION,MUIRS,None,None,None,YU,None
3366,2025-02-16,20:20,Sunday,KIPLING STATION,SUDP,5,10,E,BD,5274
3367,2025-02-16,20:22,Sunday,VICTORIA PARK STATION,SUDP,None,None,None,BD,None
3368,2025-02-16,20:39,Sunday,QUEEN STATION,PUMEL,None,None,S,YU,None
3369,2025-02-16,21:06,Sunday,SHEPPARD WEST STATION,MUWEA,None,None,N,YU,5661
3370,2025-02-16,21:10,Sunday,WILSON YARD,MUO,None,None,None,YU,None
3371,2025-02-16,21:14,Sunday,KIPLING STATION,PUTR,5,10,W,BD,5158
3372,2025-02-16,21:19,Sunday,KING STATION,PUMEL,None,None,S,YU,None
3373,2025-02-16,21:50,Sunday,KIPLING STATION,PUTIS,3,8,E,BD,5367
3374,2025-02-16,21:54,Sunday,ISLINGTON STATION,MUO,11,16,W,BD,5179
3375,2025-02-16,22:00,Sunday,YONGE-UNIVERSITY AND B,MUO,None,None,None,YU/BD,None
3376,2025-02-16,22:08,Sunday,SHEPPARD WEST STATION,SUO,None,None,None,YU,None
3377,2025-02-16,22:14,Sunday,WARDEN STATION,PUTIS,None,None,E,BD,None
3378,2025-02-16,22:41,Sunday,BLOOR STATION,SUDP,6,12,N,YU,6051
3379,2025-02-16,22:58,Sunday,ISLINGTON STATION,MUSC,None,None,E,BD,5333
3380,2025-02-16,22:59,Sunday,WILSON STATION,SUO,None,None,None,YU,None
3381,2025-02-16,23:04,Sunday,ST CLAIR WEST STATION,SUDP,4,10,N,YU,5541
3382,2025-02-16,23:11,Sunday,EGLINTON STATION,SUDP,5,11,S,YU,5386
3383,2025-02-16,23:15,Sunday,SHERBOURNE STATION,SUUT,30,36,E,BD,5321
3384,2025-02-16,23:21,Sunday,HIGH PARK STATION,PUTIS,5,10,E,BD,5255
3385,2025-02-16,23:29,Sunday,EGLINTON STATION,SUDP,3,9,S,YU,5936
3386,2025-02-16,23:34,Sunday,OLD MILL STATION,MUIS,None,None,None,BD,None
3387,2025-02-16,23:58,Sunday,OSGOODE STATION,SUO,None,None,None,YU,None
3388,2025-02-16,0:00,Sunday,COLLEGE STATION,SUSA,None,None,S,YU,None
3389,2025-02-16,0:04,Sunday,FINCH WEST STATION,SUO,None,None,None,YU,None
3390,2025-02-16,0:15,Sunday,ST GEORGE YUS STATION,MUPAA,None,None,N,YU,6061
3391,2025-02-16,0:43,Sunday,PIONEER VILLAGE STATIO,PUMEL,None,None,None,YU,None
3392,2025-02-16,0:50,Sunday,VICTORIA PARK STATION,PUSIS,None,None,W,BD,None
3393,2025-02-16,0:57,Sunday,DUNDAS STATION,SUDP,11,17,N,YU,6066
3394,2025-02-16,1:00,Sunday,OLD MILL STATION,TUMVS,3,8,E,BD,5200
3395,2025-02-16,1:07,Sunday,KIPLING STATION,PUMST,None,None,None,BD,None
3396,2025-02-16,1:11,Sunday,CASTLE FRANK STATION,MUIS,None,None,None,BD,None
3397,2025-02-16,1:55,Sunday,ST CLAIR WEST STATION,MUIS,None,None,None,YU,None
3398,2025-02-16,13:46,Sunday,DON MILLS STATION,MUIS,None,None,None,SHP,None
3399,2025-02-16,16:48,Sunday,BAYVIEW STATION,MUNCA,None,None,None,SHP,None
3400,2025-02-16,1:59,Sunday,SHEPPARD-YONGE STATION,TUSC,None,None,E,SHP,6161
3401,2025-02-17,2:32,Monday,ST CLAIR WEST STATION,MUIS,None,None,None,YU,None
3402,2025-02-17,3:00,Monday,KIPLING TO JANE,TUST,None,None,None,BD,None
3403,2025-02-17,3:31,Monday,DAVISVILLE STATION,EUCA,None,None,N,YU,None
3404,2025-02-17,3:44,Monday,SPADINA YUS STATION,MUO,None,None,None,YU,None
3405,2025-02-17,5:27,Monday,BLOOR STATION,MUWEA,None,None,S,YU,5386
3406,2025-02-17,5:39,Monday,WARDEN STATION,PUSIS,None,None,E,BD,5156
3407,2025-02-17,5:42,Monday,WARDEN STATION,PUSIS,None,None,E,BD,5034
3408,2025-02-17,5:43,Monday,FINCH STATION,EUNT,4,None,None,YU,5386
3409,2025-02-17,5:54,Monday,WILSON STATION,PUSSW,119,None,N,YU,5731
3410,2025-02-17,5:56,Monday,WARDEN STATION,PUTIS,4,None,W,BD,5225
3411,2025-02-17,6:04,Monday,GREENWOOD STATION,PUTIS,6,12,E,BD,None
3412,2025-02-17,6:10,Monday,GREENWOOD STATION,PUTIS,6,12,E,BD,None
3413,2025-02-17,6:11,Monday,MUSEUM STATION,MUWEA,None,None,S,YU,5966
3414,2025-02-17,6:13,Monday,COXWELL STATION,MUSC,None,None,W,BD,5354
3415,2025-02-17,6:15,Monday,GREENWOOD STATION,PUTIS,6,12,E,BD,None
3416,2025-02-17,6:19,Monday,KENNEDY BD STATION,MUPAA,None,None,W,BD,5240
3417,2025-02-17,6:22,Monday,WOODBINE STATION,MUSC,None,None,W,BD,5067
3418,2025-02-17,6:35,Monday,LANSDOWNE STATION,EUSC,None,None,W,BD,5354
3419,2025-02-17,6:39,Monday,GREENWOOD STATION,MUSC,None,None,W,BD,5240
3420,2025-02-17,6:44,Monday,DUNDAS WEST STATION,MUSC,None,None,E,BD,5255
3421,2025-02-17,6:58,Monday,WARDEN STATION,PUSIS,None,None,E,BD,5021
3422,2025-02-17,7:29,Monday,COXWELL STATION,EUSC,None,None,W,BD,5094
3423,2025-02-17,8:03,Monday,WILSON STATION,MUWEA,None,None,S,YU,5446
3424,2025-02-17,8:19,Monday,GLENCAIRN STATION,MUWEA,None,None,S,YU,5446
3425,2025-02-17,8:31,Monday,EGLINTON WEST STATION,MUWEA,5,10,S,YU,5826
3426,2025-02-17,8:32,Monday,DUNDAS WEST STATION,MUSC,None,None,E,BD,5367
3427,2025-02-17,8:35,Monday,WILSON STATION,MUWEA,4,9,S,YU,5836
3428,2025-02-17,8:44,Monday,VAUGHAN MC STATION,MUSAN,3,6,S,YU,5706
3429,2025-02-17,8:54,Monday,GREENWOOD STATION,PUTIS,5,10,E,BD,None
3430,2025-02-17,8:58,Monday,GREENWOOD STATION,PUTIS,5,10,E,BD,None
3431,2025-02-17,9:16,Monday,HIGH PARK STATION,TUUR,5,10,E,BD,5262
3432,2025-02-17,9:45,Monday,COXWELL STATION,PUTIS,5,10,E,BD,None
3433,2025-02-17,9:50,Monday,COXWELL STATION,PUTIS,5,10,E,BD,None
3434,2025-02-17,9:52,Monday,WILSON STATION,PUTIS,3,6,S,YU,5716
3435,2025-02-17,9:54,Monday,BROADVIEW STATION,TUSC,3,7,W,BD,5323
3436,2025-02-17,9:55,Monday,COXWELL STATION,PUTIS,5,10,E,BD,None
3437,2025-02-17,9:57,Monday,BROADVIEW STATION,EUSC,None,None,W,BD,323
3438,2025-02-17,10:10,Monday,KIPLING STATION,PUSIS,5,9,E,BD,5333
3439,2025-02-17,10:22,Monday,KIPLING STATION,MUSC,None,None,E,BD,5367
3440,2025-02-17,10:22,Monday,DOWNSVIEW PARK STATION,PUCSS,None,None,S,YU,5931
3441,2025-02-17,10:23,Monday,QUEEN'S PARK STATION,MUIS,None,None,None,YU,None
3442,2025-02-17,10:27,Monday,COXWELL STATION,EULV,17,21,W,BD,5067
3443,2025-02-17,10:32,Monday,ISLINGTON STATION,TUSC,None,None,E,BD,5255
3444,2025-02-17,11:39,Monday,ST ANDREW STATION,MUPAA,None,None,N,YU,5936
3445,2025-02-17,11:49,Monday,ST GEORGE YUS STATION,PUTO,10,13,N,YU,5406
3446,2025-02-17,11:56,Monday,WARDEN STATION,EUSC,None,None,E,BD,5200
3447,2025-02-17,12:01,Monday,WILSON STATION,TUO,4,8,S,YU,5781
3448,2025-02-17,12:11,Monday,KIPLING STATION,PUTIS,6,10,E,BD,5171
3449,2025-02-17,12:50,Monday,COXWELL STATION,MUWEA,None,None,E,BD,None
3450,2025-02-17,13:06,Monday,COXWELL STATION,PUTIS,5,10,E,BD,None
3451,2025-02-17,13:07,Monday,EGLINTON STATION,MUWEA,None,None,N,YU,5406
3452,2025-02-17,13:16,Monday,MUSEUM STATION,MUTO,None,None,None,YU,None
3453,2025-02-17,13:17,Monday,DUNDAS WEST STATION,MUIS,None,None,None,BD,None
3454,2025-02-17,13:28,Monday,COXWELL STATION,PUTIS,5,10,E,BD,None
3455,2025-02-17,13:31,Monday,COXWELL STATION,EUSC,None,None,W,BD,5094
3456,2025-02-17,14:19,Monday,MAIN STREET STATION,MUSC,None,None,W,BD,5116
3457,2025-02-17,14:44,Monday,FINCH STATION,MUIS,None,None,None,YU,None
3458,2025-02-17,14:47,Monday,VICTORIA PARK STATION,PUSIS,4,8,W,BD,5371
3459,2025-02-17,15:18,Monday,VICTORIA PARK STATION,TUO,None,None,W,BD,5295
3460,2025-02-17,15:25,Monday,EGLINTON STATION,PUATC,None,None,N,YU,5826
3461,2025-02-17,15:37,Monday,WARDEN STATION,PUSIS,4,8,W,BD,5225
3462,2025-02-17,15:45,Monday,WARDEN STATION,PUSIS,None,None,W,BD,5354
3463,2025-02-17,15:51,Monday,WARDEN STATION,EUSC,8,12,E,BD,5200
3464,2025-02-17,15:52,Monday,WARDEN STATION,TUSC,None,None,E,BD,5200
3465,2025-02-17,16:02,Monday,EGLINTON STATION,MUWEA,None,None,N,YU,5666
3466,2025-02-17,16:21,Monday,NORTH YORK CTR STATION,PUOPO,None,None,N,YU,5576
3467,2025-02-17,16:38,Monday,KIPLING STATION,TUMVS,None,None,W,BD,5354
3468,2025-02-17,16:50,Monday,DUNDAS STATION,SUAE,None,None,S,YU,5571
3469,2025-02-17,16:59,Monday,DUFFERIN STATION,MUWEA,5,9,W,BD,5051
3470,2025-02-17,17:28,Monday,ISLINGTON STATION,PUSIS,None,None,E,BD,5049
3471,2025-02-17,17:42,Monday,DUPONT STATION,PUMST,None,None,None,YU,None
3472,2025-02-17,17:48,Monday,ISLINGTON STATION,PUSIS,6,10,E,BD,5171
3473,2025-02-17,18:18,Monday,ST GEORGE YUS STATION,SUG,None,None,None,YU,None
3474,2025-02-17,18:23,Monday,WOODBINE STATION,MUSC,None,None,W,BD,5179
3475,2025-02-17,18:33,Monday,VICTORIA PARK STATION,PUSIS,4,9,W,BD,5051
3476,2025-02-17,18:42,Monday,VICTORIA PARK STATION,PUSIS,None,None,W,BD,5160
3477,2025-02-17,18:58,Monday,UNION STATION,SUDP,3,8,S,YU,6061
3478,2025-02-17,19:05,Monday,KENNEDY BD STATION,EUBO,5,10,E,BD,5057
3479,2025-02-17,19:13,Monday,BLOOR STATION,SUO,3,8,N,YU,5401
3480,2025-02-17,19:26,Monday,SPADINA YUS STATION,PUMO,None,None,None,YU,None
3481,2025-02-17,19:32,Monday,NORTH YORK CTR STATION,MUO,7,13,S,YU,5736
3482,2025-02-17,19:35,Monday,FINCH STATION,MUIS,None,None,None,YU,None
3483,2025-02-17,19:56,Monday,MAIN STREET STATION,SUDP,4,9,E,BD,5274
3484,2025-02-17,20:14,Monday,CHESTER STATION,SUDP,3,7,E,BD,5171
3485,2025-02-17,20:22,Monday,DUNDAS STATION,MUIS,None,None,None,YU,None
3486,2025-02-17,20:25,Monday,KEELE STATION,MUIS,None,None,None,BD,None
3487,2025-02-17,20:31,Monday,MAIN STREET STATION,EUO,6,12,W,BD,5051
3488,2025-02-17,20:42,Monday,CHESTER STATION,SUDP,None,None,W,BD,5051
3489,2025-02-17,20:55,Monday,MAIN STREET STATION,EUSC,None,None,E,BD,5094
3490,2025-02-17,21:05,Monday,DUNDAS WEST STATION,TUSC,None,None,W,BD,5160
3491,2025-02-17,21:18,Monday,VICTORIA PARK STATION,MUSC,4,10,W,BD,5323
3492,2025-02-17,21:43,Monday,WARDEN STATION,EUNT,6,12,E,BD,5024
3493,2025-02-17,21:46,Monday,VAUGHAN MC STATION,SUO,None,None,N,YU,5701
3494,2025-02-17,22:00,Monday,YONGE-UNIVERSITY AND B,MUO,None,None,None,YU/BD,None
3495,2025-02-17,22:22,Monday,YORKDALE STATION,SUO,6,12,S,YU,5581
3496,2025-02-17,22:34,Monday,UNION STATION,SUUT,None,None,S,YU,None
3497,2025-02-17,22:52,Monday,DONLANDS STATION,MUO,3,9,E,BD,5265
3498,2025-02-17,23:11,Monday,ST GEORGE YUS STATION,SUO,4,10,N,YU,5726
3499,2025-02-17,23:12,Monday,ST GEORGE BD STATION,SUO,None,None,E,BD,5274
3500,2025-02-17,23:49,Monday,LANSDOWNE STATION,MUWEA,None,None,E,BD,5028
3501,2025-02-17,0:14,Monday,QUEEN STATION,MUIS,None,None,N,YU,None
3502,2025-02-17,0:45,Monday,PAPE STATION,MUSC,None,None,W,BD,5244
3503,2025-02-17,1:12,Monday,GREENWOOD STATION,MUIRS,None,None,E,BD,5077
3504,2025-02-17,2:33,Monday,SHEPPARD-YONGE STATION,MUIS,None,None,W,SHP,6186
3505,2025-02-17,2:37,Monday,DON MILLS STATION,SUDP,None,None,None,SHP,None
3506,2025-02-17,15:15,Monday,DON MILLS STATION,MUIS,None,None,W,SHP,6181
3507,2025-02-18,2:06,Tuesday,KIPLING STATION,MUIS,None,None,None,BD,None
3508,2025-02-18,2:20,Tuesday,SHEPPARD STATION,MUPAA,None,None,N,YU,5586
3509,2025-02-18,3:41,Tuesday,LINE 1 - YONGE-UNIVSER,TUST,None,None,None,YU,None
3510,2025-02-18,3:44,Tuesday,LINE 2 - BLOOR-DANFORT,TUST,None,None,None,BD,None
3511,2025-02-18,5:13,Tuesday,DUPONT STATION,MUNCA,None,None,None,YU,None
3512,2025-02-18,5:34,Tuesday,EGLINTON STATION,SUUT,9,None,N,YU,5781
3513,2025-02-18,5:38,Tuesday,YORK MILLS STATION,SUUT,17,None,N,YU,5781
3514,2025-02-18,5:51,Tuesday,VAUGHAN MC STATION,TUATC,4,None,S,YU,5576
3515,2025-02-18,5:53,Tuesday,WILSON STATION,MUWEA,3,6,S,YU,None
3516,2025-02-18,5:53,Tuesday,WILSON STATION,PUTIS,None,None,S,YU,None
3517,2025-02-18,5:56,Tuesday,WILSON STATION,MUWEA,3,6,S,YU,None
3518,2025-02-18,5:59,Tuesday,WILSON STATION,MUWEA,3,6,S,YU,None
3519,2025-02-18,6:02,Tuesday,WILSON STATION,MUWEA,3,6,S,YU,None
3520,2025-02-18,6:10,Tuesday,HIGHWAY 407 STATION,SUDP,None,None,None,YU,None
3521,2025-02-18,6:11,Tuesday,DUFFERIN STATION,EUSC,None,None,W,BD,5160
3522,2025-02-18,6:14,Tuesday,WARDEN STATION,MUWEA,5,8,E,BD,5255
3523,2025-02-18,6:16,Tuesday,WILSON STATION,MUWEA,3,6,S,YU,None
3524,2025-02-18,6:25,Tuesday,WILSON STATION,MUWEA,3,6,S,YU,None
3525,2025-02-18,6:29,Tuesday,CHESTER STATION,MUWEA,11,13,W,BD,5164
3526,2025-02-18,6:31,Tuesday,WILSON STATION,MUWEA,3,6,S,YU,None
3527,2025-02-18,6:36,Tuesday,WILSON STATION,MUWEA,3,6,S,YU,None
3528,2025-02-18,6:38,Tuesday,DUNDAS WEST STATION,MUWEA,4,6,E,BD,5133
3529,2025-02-18,6:42,Tuesday,WILSON STATION,MUWEA,3,6,S,YU,None
3530,2025-02-18,6:47,Tuesday,GREENWOOD STATION,PUTIS,None,None,E,BD,5316
3531,2025-02-18,6:51,Tuesday,WILSON STATION,MUWEA,3,6,S,YU,None
3532,2025-02-18,6:53,Tuesday,KENNEDY BD STATION,MUSC,None,None,W,BD,5323
3533,2025-02-18,6:56,Tuesday,HIGH PARK STATION,PUTIS,3,5,E,BD,5265
3534,2025-02-18,6:56,Tuesday,WILSON STATION,MUWEA,3,6,S,YU,None
3535,2025-02-18,7:02,Tuesday,WILSON STATION,MUWEA,3,6,S,YU,None
3536,2025-02-18,7:08,Tuesday,WILSON STATION,MUWEA,3,6,S,YU,None
3537,2025-02-18,7:13,Tuesday,LANSDOWNE STATION,MUDD,4,7,W,BD,5313
3538,2025-02-18,7:16,Tuesday,WILSON STATION,MUWEA,3,6,S,YU,None
3539,2025-02-18,7:16,Tuesday,DAVISVILLE STATION,PUTIS,13,16,S,YU,6076
3540,2025-02-18,7:16,Tuesday,DAVISVILLE STATION,PUTIS,22,25,S,YU,6076
3541,2025-02-18,7:22,Tuesday,WILSON STATION,MUWEA,3,6,S,YU,None
3542,2025-02-18,7:26,Tuesday,PAPE STATION,MUWEA,9,11,W,BD,5279
3543,2025-02-18,7:27,Tuesday,RUNNYMEDE STATION,PUMO,None,None,None,BD,None
3544,2025-02-18,7:31,Tuesday,WILSON STATION,MUWEA,3,6,S,YU,None
3545,2025-02-18,7:35,Tuesday,MAIN STREET STATION,MUWEA,3,5,W,BD,5069
3546,2025-02-18,7:39,Tuesday,WILSON STATION,MUWEA,3,6,S,YU,None
3547,2025-02-18,7:45,Tuesday,WILSON STATION,MUWEA,3,6,S,YU,None
3548,2025-02-18,7:53,Tuesday,VICTORIA PARK STATION,MUWEA,3,5,E,BD,5226
3549,2025-02-18,7:54,Tuesday,YONGE BD STATION,MUWEA,11,13,W,BD,5069
3550,2025-02-18,7:54,Tuesday,WILSON STATION,MUWEA,3,6,S,YU,None
3551,2025-02-18,7:59,Tuesday,WILSON STATION,MUWEA,3,6,S,YU,None
3552,2025-02-18,7:59,Tuesday,ST CLAIR STATION,MUPAA,None,None,N,YU,5786
3553,2025-02-18,8:00,Tuesday,COLLEGE STATION,PUMST,None,None,None,YU,None
3554,2025-02-18,8:01,Tuesday,DONLANDS STATION,MUWEA,5,7,W,BD,5019
3555,2025-02-18,8:07,Tuesday,PAPE STATION,MUWEA,8,10,W,BD,5019
3556,2025-02-18,8:08,Tuesday,WILSON STATION,MUWEA,3,6,S,YU,None
3557,2025-02-18,8:13,Tuesday,PAPE STATION,PUMST,None,None,None,BD,None
3558,2025-02-18,8:17,Tuesday,KIPLING STATION,TUMVS,3,6,W,BD,5279
3559,2025-02-18,8:20,Tuesday,GLENCAIRN STATION,SUDP,14,16,S,YU,5886
3560,2025-02-18,8:38,Tuesday,ISLINGTON STATION,MUWEA,3,6,E,BD,5260
3561,2025-02-18,8:40,Tuesday,DOWNSVIEW PARK STATION,SUO,39,41,N,YU,None
3562,2025-02-18,8:49,Tuesday,MAIN STREET STATION,MUWEA,23,25,W,BD,5283
3563,2025-02-18,9:00,Tuesday,PAPE STATION,PUMO,None,None,None,BD,None
3564,2025-02-18,9:06,Tuesday,DAVISVILLE STATION,MUWEA,None,None,S,YU,5611
3565,2025-02-18,9:07,Tuesday,ST GEORGE YUS STATION,MUIR,4,6,S,YU,5931
3566,2025-02-18,9:08,Tuesday,SPADINA YUS STATION,MUIRS,None,None,S,YU,None
3567,2025-02-18,9:20,Tuesday,VICTORIA PARK STATION,MUWEA,16,18,W,BD,5308
3568,2025-02-18,9:28,Tuesday,UNION STATION,MUPAA,3,5,S,YU,5611
3569,2025-02-18,9:38,Tuesday,UNION STATION,SUAP,None,None,N,YU,5931
3570,2025-02-18,9:39,Tuesday,OSSINGTON STATION,MUIS,None,None,E,BD,None
3571,2025-02-18,9:46,Tuesday,VICTORIA PARK STATION,MUPLA,11,13,W,BD,5288
3572,2025-02-18,10:01,Tuesday,COLLEGE STATION,PUOPO,3,8,S,YU,5906
3573,2025-02-18,11:32,Tuesday,GREENWOOD YARD,SUG,None,None,None,BD,5365
3574,2025-02-18,11:52,Tuesday,RUNNYMEDE STATION,MUPAA,None,None,E,BD,5316
3575,2025-02-18,12:01,Tuesday,VICTORIA PARK STATION,SUDP,10,14,E,BD,5104
3576,2025-02-18,12:20,Tuesday,BAY STATION,SUO,None,None,E,BD,5057
3577,2025-02-18,12:29,Tuesday,ST CLAIR WEST STATION,MUIR,14,20,S,YU,5741
3578,2025-02-18,12:35,Tuesday,SPADINA BD STATION,MUIR,9,13,W,BD,5054
3579,2025-02-18,12:36,Tuesday,LAWRENCE STATION,MUPAA,None,None,N,YU,5416
3580,2025-02-18,12:58,Tuesday,VAUGHAN MC STATION,TUO,4,8,S,YU,5751
3581,2025-02-18,13:22,Tuesday,COXWELL STATION,EUSC,None,None,W,BD,5323
3582,2025-02-18,13:35,Tuesday,VICTORIA PARK STATION,MUIR,17,21,E,BD,5127
3583,2025-02-18,14:05,Tuesday,OSGOODE STATION,MUIS,None,None,S,YU,5781
3584,2025-02-18,14:07,Tuesday,SUMMERHILL STATION,MUNCA,None,None,None,YU,None
3585,2025-02-18,14:20,Tuesday,KENNEDY BD STATION,MUI,None,None,E,BD,5164
3586,2025-02-18,14:46,Tuesday,ST CLAIR STATION,SUEAS,9,14,S,YU,5871
3587,2025-02-18,15:30,Tuesday,VAUGHAN MC STATION,MUPAA,3,7,S,YU,5586
3588,2025-02-18,15:31,Tuesday,VAUGHAN MC STATION,MUPAA,None,None,S,YU,6066
3589,2025-02-18,15:55,Tuesday,WARDEN STATION,SUAP,3,6,E,BD,5021
3590,2025-02-18,15:55,Tuesday,WILSON STATION,MUWEA,3,6,S,YU,5000
3591,2025-02-18,16:02,Tuesday,WILSON STATION,MUWEA,3,6,S,YU,5000
3592,2025-02-18,16:04,Tuesday,WILSON STATION,MUWEA,3,6,S,YU,5000
3593,2025-02-18,16:07,Tuesday,WILSON STATION,MUWEA,3,6,S,YU,5000
3594,2025-02-18,16:07,Tuesday,KIPLING STATION,TUMVS,3,6,W,BD,5094
3595,2025-02-18,16:09,Tuesday,WILSON STATION,MUWEA,3,6,S,YU,5000
3596,2025-02-18,16:12,Tuesday,KENNEDY BD STATION,SUAP,None,None,None,BD,None
3597,2025-02-18,16:23,Tuesday,DONLANDS STATION,MUWEA,3,6,W,BD,5283
3598,2025-02-18,16:38,Tuesday,WILSON STATION,MUWEA,3,6,S,YU,5000
3599,2025-02-18,16:40,Tuesday,WILSON STATION,MUWEA,3,6,S,YU,5000
3600,2025-02-18,16:44,Tuesday,WILSON STATION,MUWEA,3,6,S,YU,5000
3601,2025-02-18,16:46,Tuesday,WILSON STATION,MUWEA,3,6,S,YU,5000
3602,2025-02-18,16:48,Tuesday,WILSON STATION,MUWEA,3,6,S,YU,5000
3603,2025-02-18,16:48,Tuesday,SPADINA BD STATION,MUWEA,4,7,W,BD,5143
3604,2025-02-18,16:50,Tuesday,WILSON STATION,MUWEA,3,6,S,YU,5000
3605,2025-02-18,16:51,Tuesday,WILSON STATION,MUWEA,3,6,S,YU,5000
3606,2025-02-18,16:53,Tuesday,WILSON STATION,MUWEA,3,6,S,YU,5000
3607,2025-02-18,16:56,Tuesday,WILSON STATION,MUWEA,3,6,S,YU,5000
3608,2025-02-18,16:59,Tuesday,WILSON STATION,MUWEA,3,6,S,YU,5000
3609,2025-02-18,17:00,Tuesday,VICTORIA PARK TO WARDE,MUWEA,5,8,E,BD,None
3610,2025-02-18,17:00,Tuesday,UNION STATION,PUMEL,None,None,None,YU,None
3611,2025-02-18,17:02,Tuesday,FINCH STATION,MUIR,None,None,S,YU,5581
3612,2025-02-18,17:03,Tuesday,WILSON STATION,MUWEA,3,6,S,YU,5000
3613,2025-02-18,17:05,Tuesday,EGLINTON STATION,MUPAA,None,None,N,YU,5721
3614,2025-02-18,17:10,Tuesday,ROYAL YORK STATION,EUTM,4,7,E,BD,5316
3615,2025-02-18,17:14,Tuesday,WILSON STATION,MUWEA,3,6,S,YU,5000
3616,2025-02-18,17:16,Tuesday,WILSON STATION,MUWEA,3,6,S,YU,5000
3617,2025-02-18,17:24,Tuesday,EGLINTON STATION,MUWEA,6,10,N,YU,5446
3618,2025-02-18,17:27,Tuesday,OSSINGTON STATION,EUCD,3,6,E,BD,5316
3619,2025-02-18,17:38,Tuesday,ST CLAIR STATION,MUWEA,3,6,S,YU,None
3620,2025-02-18,17:40,Tuesday,ST CLAIR STATION,MUWEA,3,6,S,YU,5000
3621,2025-02-18,17:43,Tuesday,ST CLAIR STATION,MUWEA,3,6,S,YU,5000
3622,2025-02-18,17:44,Tuesday,ST CLAIR STATION,MUWEA,3,6,S,YU,5000
3623,2025-02-18,17:46,Tuesday,ST CLAIR STATION,MUWEA,3,6,S,YU,5000
3624,2025-02-18,17:50,Tuesday,EGLINTON STATION,PUMST,None,None,None,YU,None
3625,2025-02-18,17:51,Tuesday,ISLINGTON STATION,MUSC,None,None,E,BD,5255
3626,2025-02-18,18:11,Tuesday,BATHURST STATION,MUD,8,11,W,BD,5079
3627,2025-02-18,18:15,Tuesday,WOODBINE STATION,MUIS,None,None,None,BD,None
3628,2025-02-18,18:16,Tuesday,DAVISVILLE STATION,PUMEL,None,None,None,YU,None
3629,2025-02-18,18:17,Tuesday,BROADVIEW STATION,EUSC,None,None,W,BD,5160
3630,2025-02-18,18:28,Tuesday,MUSEUM STATION,PUMO,None,None,None,YU,None
3631,2025-02-18,18:30,Tuesday,EGLINTON WEST STATION,MUNCA,None,None,None,YU,None
3632,2025-02-18,18:35,Tuesday,BATHURST STATION,MUSC,None,None,E,BD,5034
3633,2025-02-18,19:00,Tuesday,RUNNYMEDE STATION,MUIRS,None,None,None,BD,None
3634,2025-02-18,19:06,Tuesday,WARDEN STATION,MUWEA,16,20,E,BD,5034
3635,2025-02-18,19:17,Tuesday,QUEEN'S PARK STATION,SUDP,4,9,S,YU,5741
3636,2025-02-18,20:25,Tuesday,EGLINTON STATION,SUDP,5,10,N,YU,5576
3637,2025-02-18,20:52,Tuesday,FINCH STATION,MUIRS,None,None,None,YU,None
3638,2025-02-18,20:58,Tuesday,YORK MILLS STATION,MUO,None,None,None,YU,None
3639,2025-02-18,21:37,Tuesday,QUEEN STATION,SUUT,7,13,N,YU,5416
3640,2025-02-18,21:42,Tuesday,YORK MILLS STATION,MUNCA,None,None,None,YU,None
3641,2025-02-18,22:00,Tuesday,YONGE-UNIVERSITY AND B,MUO,None,None,None,YU/BD,None
3642,2025-02-18,22:01,Tuesday,DUNDAS STATION,PUMST,None,None,None,YU,None
3643,2025-02-18,22:17,Tuesday,VAUGHAN MC STATION,SUDP,None,None,None,YU,5721
3644,2025-02-18,22:20,Tuesday,PAPE STATION,EUSC,3,11,W,BD,5160
3645,2025-02-18,22:22,Tuesday,CHESTER STATION,EUSC,None,None,E,BD,5160
3646,2025-02-18,22:55,Tuesday,RUNNYMEDE STATION,SUAE,None,None,None,BD,None
3647,2025-02-18,23:05,Tuesday,VICTORIA PARK STATION,MUWEA,26,31,E,BD,5077
3648,2025-02-18,23:23,Tuesday,ST CLAIR WEST STATION,MUIS,None,None,S,YU,None
3649,2025-02-18,1:10,Tuesday,BLOOR STATION,MUIS,None,None,None,YU,None
3650,2025-02-18,1:44,Tuesday,BLOOR STATION,SUDP,None,None,S,YU,None
3651,2025-02-19,2:01,Wednesday,DAVISVILLE STATION,EUVE,9,15,N,YU,5586
3652,2025-02-19,2:01,Wednesday,DONLANDS STATION,MUPAA,None,None,E,BD,5091
3653,2025-02-19,2:56,Wednesday,EGLINTON STATION,MUNCA,None,None,None,YU,None
3654,2025-02-19,2:57,Wednesday,HIGH PARK STATION,MUNCA,None,None,None,BD,None
3655,2025-02-19,2:58,Wednesday,SHERBOURNE STATION,MUNCA,None,None,None,BD,None
3656,2025-02-19,2:58,Wednesday,CASTLE FRANK STATION,MUNCA,None,None,None,BD,None
3657,2025-02-19,3:37,Wednesday,WILSON STATION,PUTIS,None,None,None,YU,None
3658,2025-02-19,3:42,Wednesday,WILSON STATION,EUOE,None,None,S,YU,6126
3659,2025-02-19,3:43,Wednesday,LAWRENCE STATION,MUNCA,None,None,None,YU,None
3660,2025-02-19,4:14,Wednesday,LINE 1 - YONGE-UNIVERS,TUST,None,None,None,YU,None
3661,2025-02-19,4:15,Wednesday,LINE 2 - BLOOR-DANFORT,TUST,None,None,None,BD,None
3662,2025-02-19,4:59,Wednesday,PAPE STATION,PUSNT,None,None,W,BD,5324
3663,2025-02-19,5:16,Wednesday,BLOOR STATION,MUNCA,None,None,None,YU,None
3664,2025-02-19,5:38,Wednesday,YORK MILLS STATION,MUO,13,None,N,YU,5741
3665,2025-02-19,5:53,Wednesday,WILSON STATION,MUWEA,3,6,S,YU,None
3666,2025-02-19,5:54,Wednesday,KIPLING STATION,TUNOA,7,14,E,BD,None
3667,2025-02-19,5:56,Wednesday,WILSON STATION,MUWEA,3,6,S,YU,None
3668,2025-02-19,5:59,Wednesday,WILSON STATION,MUWEA,3,6,S,YU,None
3669,2025-02-19,6:02,Wednesday,WILSON STATION,MUWEA,3,6,S,YU,None
3670,2025-02-19,6:08,Wednesday,UNION STATION,PUTR,7,None,N,YU,5761
3671,2025-02-19,6:09,Wednesday,VAUGHAN MC STATION,TUO,14,16,S,YU,5491
3672,2025-02-19,6:11,Wednesday,WARDEN STATION,PUTIS,15,18,E,BD,5173
3673,2025-02-19,6:16,Wednesday,WILSON STATION,MUWEA,3,6,S,YU,None
3674,2025-02-19,6:25,Wednesday,DONLANDS STATION,MUO,3,6,W,BD,5079
3675,2025-02-19,6:25,Wednesday,WILSON STATION,MUWEA,3,6,S,YU,None
3676,2025-02-19,6:31,Wednesday,WILSON STATION,MUWEA,3,6,S,YU,None
3677,2025-02-19,6:32,Wednesday,WILSON STATION,PUTIS,12,14,S,YU,5491
3678,2025-02-19,6:36,Wednesday,WILSON STATION,MUWEA,3,6,S,YU,None
3679,2025-02-19,6:42,Wednesday,WILSON STATION,MUWEA,3,6,S,YU,None
3680,2025-02-19,6:44,Wednesday,KEELE STATION,EUDO,3,8,W,BD,5269
3681,2025-02-19,6:44,Wednesday,DONLANDS STATION,MUO,3,6,W,BD,5116
3682,2025-02-19,6:49,Wednesday,GREENWOOD STATION,MUO,3,6,E,BD,5320
3683,2025-02-19,6:51,Wednesday,DONLANDS STATION,MUO,3,6,W,BD,5114
3684,2025-02-19,6:51,Wednesday,WILSON STATION,MUWEA,3,6,S,YU,None
3685,2025-02-19,6:55,Wednesday,GREENWOOD STATION,MUWEA,2,5,E,BD,5002
3686,2025-02-19,6:56,Wednesday,WILSON STATION,MUWEA,3,6,S,YU,None
3687,2025-02-19,6:57,Wednesday,DONLANDS STATION,MUWEA,2,5,W,BD,5063
3688,2025-02-19,7:01,Wednesday,DONLANDS STATION,MUWEA,3,6,W,BD,None
3689,2025-02-19,7:02,Wednesday,WILSON STATION,MUWEA,3,6,S,YU,None
3690,2025-02-19,7:03,Wednesday,EGLINTON STATION,MUO,6,None,N,YU,5836
3691,2025-02-19,7:03,Wednesday,GREENWOOD STATION,MUWEA,3,6,E,BD,None
3692,2025-02-19,7:06,Wednesday,DONLANDS STATION,MUWEA,3,6,W,BD,None
3693,2025-02-19,7:08,Wednesday,GREENWOOD STATION,MUWEA,3,6,E,BD,None
3694,2025-02-19,7:08,Wednesday,WILSON STATION,MUWEA,3,6,S,YU,None
3695,2025-02-19,7:14,Wednesday,GREENWOOD STATION,MUWEA,3,6,E,BD,None
3696,2025-02-19,7:16,Wednesday,WILSON STATION,MUWEA,3,6,S,YU,None
3697,2025-02-19,7:19,Wednesday,GREENWOOD STATION,MUWEA,3,6,E,BD,None
3698,2025-02-19,7:22,Wednesday,WILSON STATION,MUWEA,3,6,S,YU,None
3699,2025-02-19,7:30,Wednesday,WARDEN STATION,PUTIS,10,13,E,BD,5091
3700,2025-02-19,7:31,Wednesday,WILSON STATION,MUWEA,3,6,S,YU,None
3701,2025-02-19,7:31,Wednesday,SHEPPARD STATION,TUATC,3,6,S,YU,5936
3702,2025-02-19,7:33,Wednesday,CHESTER STATION,EUCA,5,7,E,BD,5051
3703,2025-02-19,7:39,Wednesday,WILSON STATION,MUWEA,3,6,S,YU,None
3704,2025-02-19,7:45,Wednesday,WILSON STATION,MUWEA,3,6,S,YU,None
3705,2025-02-19,7:48,Wednesday,KIPLING STATION,TUMVS,3,5,W,BD,5119
3706,2025-02-19,7:48,Wednesday,ST CLAIR WEST STATION,MUIR,5,9,S,YU,5586
3707,2025-02-19,7:54,Wednesday,WILSON STATION,MUWEA,3,6,S,YU,None
3708,2025-02-19,7:59,Wednesday,WILSON STATION,MUWEA,3,6,S,YU,None
3709,2025-02-19,8:08,Wednesday,WILSON STATION,MUWEA,3,6,S,YU,None
3710,2025-02-19,8:08,Wednesday,WARDEN STATION,PUTIS,6,9,E,BD,5033
3711,2025-02-19,8:18,Wednesday,ST GEORGE BD STATION,MUWEA,6,8,W,BD,5114
3712,2025-02-19,8:32,Wednesday,DAVISVILLE STATION,MUPAA,4,6,S,YU,5826
3713,2025-02-19,8:35,Wednesday,COXWELL STATION,MUDD,14,17,W,BD,5244
3714,2025-02-19,8:35,Wednesday,BLOOR STATION,MUPAA,None,None,S,YU,5661
3715,2025-02-19,8:36,Wednesday,LAWRENCE WEST STATION,SUDP,None,None,S,YU,5716
3716,2025-02-19,8:39,Wednesday,DUNDAS WEST STATION,TUSC,6,9,W,BD,5129
3717,2025-02-19,8:50,Wednesday,WARDEN STATION,PUMO,None,None,None,BD,None
3718,2025-02-19,8:50,Wednesday,COXWELL STATION,EUDO,3,5,W,BD,5099
3719,2025-02-19,8:53,Wednesday,GREENWOOD STATION,EUCD,None,None,W,BD,5099
3720,2025-02-19,8:59,Wednesday,DONLANDS STATION,EUCD,8,10,W,BD,5099
3721,2025-02-19,9:28,Wednesday,MAIN STREET STATION,EUSC,None,None,W,BD,5160
3722,2025-02-19,9:43,Wednesday,VICTORIA PARK STATION,PUTIS,9,12,W,BD,5237
3723,2025-02-19,9:47,Wednesday,WARDEN STATION,PUTIS,4,8,E,BD,5091
3724,2025-02-19,9:49,Wednesday,MAIN STREET STATION,PUCSC,5,7,W,BD,5237
3725,2025-02-19,10:03,Wednesday,KENNEDY BD STATION,MUSC,None,None,W,BD,5114
3726,2025-02-19,10:35,Wednesday,KENNEDY BD STATION,MUD,3,7,W,BD,5099
3727,2025-02-19,10:41,Wednesday,LAWRENCE WEST STATION,MUIRS,None,None,None,YU,None
3728,2025-02-19,10:44,Wednesday,KIPLING STATION,MUSC,None,None,W,BD,5225
3729,2025-02-19,11:32,Wednesday,WOODBINE STATION,EUSC,None,None,W,BD,5160
3730,2025-02-19,11:32,Wednesday,COXWELL STATION,PUMEL,None,None,None,BD,None
3731,2025-02-19,11:55,Wednesday,NORTH YORK CTR STATION,MUIRS,None,None,None,YU,None
3732,2025-02-19,12:20,Wednesday,DAVISVILLE CARHOUSE,MUIE,None,None,None,YU,None
3733,2025-02-19,12:22,Wednesday,BROADVIEW STATION,SUDP,None,None,E,BD,5359
3734,2025-02-19,12:52,Wednesday,WOODBINE STATION,TUSC,None,None,E,BD,5206
3735,2025-02-19,14:11,Wednesday,BROADVIEW STATION,TUSC,3,6,W,BD,5225
3736,2025-02-19,14:24,Wednesday,ST GEORGE BD STATION,SUDP,10,13,W,BD,5343
3737,2025-02-19,15:16,Wednesday,OSGOODE STATION,PUMST,None,None,None,YU,None
3738,2025-02-19,15:41,Wednesday,EGLINTON STATION,MUIRS,None,None,None,YU,None
3739,2025-02-19,15:41,Wednesday,PIONEER VILLAGE STATIO,SUUT,None,None,S,YU,5666
3740,2025-02-19,16:04,Wednesday,WILSON STATION,MUWEA,4,8,S,YU,6111
3741,2025-02-19,16:22,Wednesday,BLOOR STATION,MUPAA,None,None,N,YU,5751
3742,2025-02-19,16:24,Wednesday,OSSINGTON STATION,MUSC,None,None,E,BD,5168
3743,2025-02-19,16:37,Wednesday,DONLANDS STATION,SUDP,3,6,W,BD,5097
3744,2025-02-19,16:55,Wednesday,ST GEORGE BD STATION,MUIS,5,8,W,BD,5238
3745,2025-02-19,17:28,Wednesday,YONGE BD STATION,MUIRS,None,None,None,BD,None
3746,2025-02-19,17:39,Wednesday,BLOOR STATION,MUIRS,None,None,None,YU,None
3747,2025-02-19,17:54,Wednesday,BROADVIEW STATION,SUUT,15,17,W,BD,5091
3748,2025-02-19,17:57,Wednesday,DAVISVILLE STATION,MUPAA,None,None,N,YU,5741
3749,2025-02-19,17:59,Wednesday,CASTLE FRANK STATION,MUIS,None,None,None,BD,None
3750,2025-02-19,18:12,Wednesday,SPADINA YUS STATION,MUPAA,None,None,S,YU,5876
3751,2025-02-19,18:18,Wednesday,YONGE BD STATION,PUMO,None,None,None,BD,None
3752,2025-02-19,18:29,Wednesday,WILSON STATION,MUWEA,None,None,S,YU,5396
3753,2025-02-19,18:44,Wednesday,FINCH WEST STATION,PUMEL,None,None,None,YU,None
3754,2025-02-19,19:01,Wednesday,ROYAL YORK STATION,MUSC,3,7,E,BD,5313
3755,2025-02-19,19:43,Wednesday,SHEPPARD WEST STATION,PUTO,7,11,S,YU,5691
3756,2025-02-19,20:03,Wednesday,KENNEDY BD STATION,TUSC,None,None,E,BD,5180
3757,2025-02-19,20:18,Wednesday,ST GEORGE BD STATION,PUTSC,6,8,W,BD,None
3758,2025-02-19,20:42,Wednesday,LANSDOWNE STATION,SUO,None,None,W,BD,5097
3759,2025-02-19,20:49,Wednesday,VICTORIA PARK STATION,MUDD,5,10,W,BD,5063
3760,2025-02-19,20:50,Wednesday,FINCH STATION,MUIS,None,None,None,YU,None
3761,2025-02-19,20:57,Wednesday,FINCH STATION,MUI,None,None,N,YU,5731
3762,2025-02-19,21:01,Wednesday,KENNEDY BD STATION,MUIE,None,None,None,BD,None
3763,2025-02-19,21:08,Wednesday,YONGE BD STATION,SUDP,None,None,None,BD,None
3764,2025-02-19,21:17,Wednesday,KENNEDY BD STATION,TUSC,None,None,E,BD,5226
3765,2025-02-19,21:29,Wednesday,WOODBINE STATION,TUSC,None,None,E,BD,5103
3766,2025-02-19,21:39,Wednesday,YORK MILLS STATION,EUAC,6,12,S,YU,5771
3767,2025-02-19,21:44,Wednesday,HIGH PARK STATION,PUMEL,None,None,None,BD,None
3768,2025-02-19,22:00,Wednesday,YONGE-UNIVERSITY AND B,MUO,None,None,None,YU/BD,None
3769,2025-02-19,22:07,Wednesday,ST PATRICK STATION,MUIS,None,None,None,YU,None
3770,2025-02-19,22:23,Wednesday,VAUGHAN MC STATION,TUO,6,12,S,YU,5901
3771,2025-02-19,22:33,Wednesday,COXWELL STATION,MUPAA,None,None,E,BD,5019
3772,2025-02-19,23:18,Wednesday,COXWELL STATION,MUNCA,None,None,None,BD,None
3773,2025-02-19,23:48,Wednesday,RUNNYMEDE STATION,SUDP,None,None,W,BD,5079
3774,2025-02-19,23:59,Wednesday,OLD MILL STATION,MUIS,None,None,E,BD,None
3775,2025-02-19,0:09,Wednesday,COLLEGE STATION,SUO,None,None,N,YU,5886
3776,2025-02-19,0:13,Wednesday,WARDEN STATION,EUNT,4,9,E,BD,5091
3777,2025-02-19,1:13,Wednesday,KENNEDY BD STATION,MUD,None,None,E,BD,5091
3778,2025-02-19,1:16,Wednesday,BLOOR STATION,SUO,None,None,None,YU,None
3779,2025-02-19,2:53,Wednesday,BAYVIEW STATION,MUNCA,None,None,None,SHP,None
3780,2025-02-19,16:32,Wednesday,DON MILLS STATION,PUMEL,None,None,None,SHP,None
3781,2025-02-20,2:05,Thursday,ST GEORGE BD STATION,MUSC,None,None,E,BD,5019
3782,2025-02-20,2:09,Thursday,ST GEORGE BD STATION,EUSC,None,None,E,BD,5019
3783,2025-02-20,2:10,Thursday,ST GEORGE BD STATION,EUSC,None,None,E,BD,5019
3784,2025-02-20,2:43,Thursday,KIPLING STATION,MUIS,None,None,None,BD,None
3785,2025-02-20,2:47,Thursday,YORKDALE TO LAWRENCE W,PUSAC,None,None,S,YU,5741
3786,2025-02-20,2:58,Thursday,ST GEORGE BD STATION,MUNCA,None,None,None,BD,None
3787,2025-02-20,3:44,Thursday,LINE 1 - YONGE-UNIVERS,TUST,None,None,None,YU,None
3788,2025-02-20,3:45,Thursday,LINE 2 - BLOOR-DANFORT,TUST,None,None,None,BD,None
3789,2025-02-20,5:40,Thursday,ST ANDREW STATION,MUNCA,None,None,None,YU,None
3790,2025-02-20,5:40,Thursday,HIGH PARK STATION,MUNCA,None,None,None,BD,None
3791,2025-02-20,5:41,Thursday,FINCH STATION,MUPAA,8,13,S,YU,5736
3792,2025-02-20,5:52,Thursday,GREENWOOD STATION,TUML,8,None,W,BD,5290
3793,2025-02-20,5:55,Thursday,QUEEN'S PARK STATION,MUNCA,None,None,None,YU,None
3794,2025-02-20,6:19,Thursday,YORKDALE STATION,MUWEA,3,6,S,YU,6011
3795,2025-02-20,6:26,Thursday,COXWELL STATION,EUDO,3,6,E,BD,5259
3796,2025-02-20,6:32,Thursday,VAUGHAN MC STATION,PUOPO,None,None,S,YU,5981
3797,2025-02-20,6:59,Thursday,DAVISVILLE STATION,MUWEA,4,8,S,YU,6046
3798,2025-02-20,7:32,Thursday,WOODBINE STATION,MUDD,None,None,W,BD,5244
3799,2025-02-20,7:46,Thursday,DUNDAS WEST STATION,PUSRA,3,6,E,BD,5317
3800,2025-02-20,7:55,Thursday,DAVISVILLE STATION,MUWEA,3,6,S,YU,5621
3801,2025-02-20,8:01,Thursday,COXWELL STATION,MUD,3,6,W,BD,5206
3802,2025-02-20,8:02,Thursday,OSSINGTON CENTRE TRACK,MUPAA,None,None,E,BD,5182
3803,2025-02-20,8:39,Thursday,VICTORIA PARK - WARDEN,MUWEA,10,13,E,BD,5103
3804,2025-02-20,8:46,Thursday,DUNDAS STATION,MUIRS,None,None,None,YU,None
3805,2025-02-20,9:43,Thursday,DUNDAS STATION,MUO,3,6,S,YU,5476
3806,2025-02-20,9:52,Thursday,OSGOODE STATION,MUNCA,None,None,None,YU,None
3807,2025-02-20,10:33,Thursday,WOODBINE STATION,SUUT,8,12,W,BD,5111
3808,2025-02-20,10:47,Thursday,SPADINA BD STATION,SUAE,None,None,W,BD,5114
3809,2025-02-20,11:04,Thursday,YORK MILLS STATION,SUDP,5,10,S,YU,5811
3810,2025-02-20,11:54,Thursday,FINCH STATION,MUIR,3,8,S,YU,5911
3811,2025-02-20,12:38,Thursday,DUNDAS STATION,SUDP,None,None,None,YU,None
3812,2025-02-20,12:51,Thursday,SPADINA BD STATION,SUAP,None,None,None,BD,None
3813,2025-02-20,13:27,Thursday,YORK MILLS STATION,SUO,None,None,None,YU,None
3814,2025-02-20,13:32,Thursday,RUNNYMEDE STATION,PUMEL,None,None,None,BD,None
3815,2025-02-20,13:35,Thursday,SHERBOURNE STATION,MUIRS,5,9,E,BD,5233
3816,2025-02-20,14:38,Thursday,FINCH STATION,EUBK,None,None,S,YU,6076
3817,2025-02-20,14:54,Thursday,BLOOR STATION,MUIRS,None,None,None,YU,None
3818,2025-02-20,15:16,Thursday,WELLESLEY STATION,SUDP,4,8,N,YU,5491
3819,2025-02-20,16:47,Thursday,ROSEDALE STATION,SUDP,None,None,S,YU,6001
3820,2025-02-20,16:47,Thursday,LAWRENCE STATION,MUPAA,None,None,N,YU,5681
3821,2025-02-20,16:55,Thursday,ST PATRICK STATION,PUOPO,9,13,S,YU,6071
3822,2025-02-20,17:01,Thursday,DUNDAS STATION,SUDP,None,None,S,YU,None
3823,2025-02-20,17:19,Thursday,OSGOODE STATION,PUMST,None,None,None,YU,None
3824,2025-02-20,17:30,Thursday,PAPE STATION,MUSC,None,None,W,BD,5229
3825,2025-02-20,17:37,Thursday,GLENCAIRN STATION,EUNT,4,7,S,YU,5501
3826,2025-02-20,17:44,Thursday,FINCH STATION,SUAP,5,8,S,YU,5696
3827,2025-02-20,18:20,Thursday,DUFFERIN STATION,SUDP,None,None,W,BD,5283
3828,2025-02-20,18:24,Thursday,VAUGHAN MC STATION,MUIS,None,None,None,YU,None
3829,2025-02-20,18:48,Thursday,SHERBOURNE STATION,EUSC,None,None,W,BD,5101
3830,2025-02-20,18:51,Thursday,KING STATION,PUOPO,9,12,S,YU,5541
3831,2025-02-20,19:05,Thursday,WELLESLEY STATION,MUIRS,None,None,None,YU,None
3832,2025-02-20,19:12,Thursday,NORTH YORK CTR STATION,EUDO,15,18,S,YU,6136
3833,2025-02-20,19:36,Thursday,WARDEN STATION,PUEO,None,None,E,BD,5069
3834,2025-02-20,19:52,Thursday,KIPLING STATION,TUO,3,7,E,BD,5177
3835,2025-02-20,20:01,Thursday,BLOOR STATION,SUO,None,None,None,YU,None
3836,2025-02-20,20:31,Thursday,QUEEN STATION,SUAP,None,None,N,YU,5916
3837,2025-02-20,20:48,Thursday,BLOOR STATION,PUTDN,58,64,S,YU,5956
3838,2025-02-20,21:10,Thursday,ISLINGTON STATION,TUSC,None,None,W,BD,5101
3839,2025-02-20,22:00,Thursday,YONGE-UNIVERSITY AND B,MUO,None,None,None,YU/BD,None
3840,2025-02-20,22:16,Thursday,ST CLAIR STATION,SUDP,4,10,N,YU,5971
3841,2025-02-20,22:28,Thursday,COXWELL STATION,SUDP,5,10,E,BD,5130
3842,2025-02-20,22:35,Thursday,UNION STATION,SUAE,None,None,None,YU,None
3843,2025-02-20,22:57,Thursday,YORK MILLS STATION,SUDP,22,27,N,YU,5651
3844,2025-02-20,23:50,Thursday,DUNDAS STATION,SUAP,None,None,N,YU,None
3845,2025-02-20,0:11,Thursday,KIPLING STATION,TUNIP,5,10,E,BD,5137
3846,2025-02-20,0:19,Thursday,WILSON STATION,SUO,None,None,None,YU,None
3847,2025-02-20,0:28,Thursday,DUNDAS STATION,MUIS,None,None,None,YU,None
3848,2025-02-20,0:47,Thursday,YORK MILLS STATION,SUDP,None,None,None,YU,None
3849,2025-02-20,1:10,Thursday,ST GEORGE BD STATION,MUSC,None,None,E,BD,5331
3850,2025-02-20,1:21,Thursday,KING STATION,SUDP,5,11,S,YU,5936
3851,2025-02-20,1:30,Thursday,WELLESLEY STATION,MUIS,None,None,None,YU,None
3852,2025-02-20,5:27,Thursday,SHEPPARD-YONGE STATION,TUSC,None,None,E,SHP,6186
3853,2025-02-20,5:40,Thursday,DON MILLS STATION,MUSC,3,10,W,SHP,6181
3854,2025-02-20,14:41,Thursday,DON MILLS STATION,SUDP,13,20,W,SHP,6171
3855,2025-02-21,2:21,Friday,VAUGHAN MC STATION,MUIS,None,None,None,YU,None
3856,2025-02-21,2:30,Friday,WILSON STATION,SUDP,None,None,None,YU,None
3857,2025-02-21,2:39,Friday,FINCH STATION,SUDP,None,None,None,YU,None
3858,2025-02-21,3:00,Friday,KIPLING STATION,SUG,None,None,E,BD,5065
3859,2025-02-21,3:00,Friday,YONGE/UNIVERSITY LINE,TUST,None,None,None,YU,None
3860,2025-02-21,4:21,Friday,PIONEER VILLAGE STATIO,MUNCA,None,None,None,YU,None
3861,2025-02-21,4:45,Friday,DAVISVILLE STATION,SUUT,None,None,None,YU,5664
3862,2025-02-21,5:03,Friday,DAVISVILLE YARD,SUG,None,None,None,YU,5565
3863,2025-02-21,5:05,Friday,VICTORIA PARK STATION,MUNCA,None,None,None,BD,None
3864,2025-02-21,5:25,Friday,LAWRENCE WEST STATION,MUNCA,None,None,None,YU,None
3865,2025-02-21,5:55,Friday,KING STATION,PUTR,7,None,S,YU,6101
3866,2025-02-21,5:55,Friday,YONGE BD STATION,PUSRA,3,5,W,BD,5101
3867,2025-02-21,6:07,Friday,VAUGHAN MC STATION,MUDD,5,10,S,YU,5391
3868,2025-02-21,6:08,Friday,ST CLAIR WEST STATION,TUS,4,9,S,YU,5961
3869,2025-02-21,6:10,Friday,SHEPPARD WEST STATION,MUWEA,5,11,N,YU,6001
3870,2025-02-21,6:39,Friday,KENNEDY BD STATION,MUSC,None,None,W,BD,5283
3871,2025-02-21,6:47,Friday,ST GEORGE YUS STATION,SUDP,None,None,None,YU,None
3872,2025-02-21,6:48,Friday,SPADINA BD STATION,SUDP,None,None,E,BD,5209
3873,2025-02-21,7:02,Friday,GREENWOOD WYE,MUO,3,5,W,BD,5238
3874,2025-02-21,7:25,Friday,WOODBINE STATION,MUIS,None,None,None,BD,None
3875,2025-02-21,7:33,Friday,DUNDAS STATION,SUAE,None,None,None,YU,None
3876,2025-02-21,7:49,Friday,CASTLE FRANK STATION,EUNT,5,7,W,BD,5286
3877,2025-02-21,8:06,Friday,CHRISTIE STATION,TUSC,4,6,E,BD,5214
3878,2025-02-21,8:11,Friday,SPADINA BD STATION,MUIRS,None,None,None,BD,None
3879,2025-02-21,9:10,Friday,BLOOR STATION,MUPAA,3,5,S,YU,5686
3880,2025-02-21,9:21,Friday,BROADVIEW STATION,MUNCA,None,None,None,BD,None
3881,2025-02-21,9:23,Friday,ST GEORGE BD STATION,MUPAA,3,5,E,BD,5191
3882,2025-02-21,10:02,Friday,SHERBOURNE STATION,SUO,None,None,W,BD,5230
3883,2025-02-21,10:53,Friday,COXWELL STATION,MUPAA,None,None,W,BD,5101
3884,2025-02-21,11:16,Friday,BATHURST STATION,SUG,None,None,None,BD,None
3885,2025-02-21,11:26,Friday,WOODBINE STATION,TUSC,None,None,E,BD,5371
3886,2025-02-21,11:31,Friday,ROSEDALE STATION,MUO,5,10,N,YU,5531
3887,2025-02-21,11:31,Friday,VICTORIA PARK STATION,TUMVS,4,8,W,BD,5028
3888,2025-02-21,12:18,Friday,DUPONT STATION,TUO,None,None,S,YU,5816
3889,2025-02-21,12:44,Friday,KIPLING STATION,SUO,None,None,W,BD,5117
3890,2025-02-21,13:05,Friday,BROADVIEW STATION,PUMEL,None,None,None,BD,None
3891,2025-02-21,13:21,Friday,BLOOR STATION,SUO,7,12,S,YU,5961
3892,2025-02-21,13:22,Friday,YONGE BD STATION,SUO,7,11,E,BD,5116
3893,2025-02-21,13:27,Friday,UNION STATION,SUO,9,14,S,YU,5496
3894,2025-02-21,14:26,Friday,WILSON STATION,MUO,5,10,N,YU,5811
3895,2025-02-21,14:46,Friday,LAWRENCE WEST STATION,SUDP,4,9,S,YU,5631
3896,2025-02-21,15:02,Friday,KENNEDY BD STATION,TUSC,None,None,E,BD,5133
3897,2025-02-21,15:03,Friday,WILSON STATION,SUAP,None,None,None,YU,None
3898,2025-02-21,15:23,Friday,WOODBINE STATION,MUTD,None,None,E,BD,5132
3899,2025-02-21,15:24,Friday,MUSEUM STATION,PUOPO,4,8,S,YU,5646
3900,2025-02-21,15:37,Friday,QUEEN STATION,SUDP,None,None,N,YU,5646
3901,2025-02-21,16:04,Friday,LAWRENCE WEST STATION,SUO,None,None,None,YU,None
3902,2025-02-21,16:18,Friday,LANSDOWNE STATION,EUNT,8,11,E,BD,5300
3903,2025-02-21,16:50,Friday,BROADVIEW STATION,MUIS,None,None,None,BD,None
3904,2025-02-21,17:10,Friday,COXWELL STATION,MUNCA,None,None,None,BD,None
3905,2025-02-21,17:11,Friday,WILSON STATION,SUUT,10,13,N,YU,5496
3906,2025-02-21,17:31,Friday,YORK MILLS STATION,MUIR,8,11,S,YU,6071
3907,2025-02-21,17:33,Friday,WARDEN STATION,PUSTC,3,6,W,BD,5131
3908,2025-02-21,17:55,Friday,DUNDAS STATION,MUNCA,None,None,N,YU,None
3909,2025-02-21,18:03,Friday,ROYAL YORK STATION,EUCD,3,6,E,BD,5300
3910,2025-02-21,18:09,Friday,LAWRENCE WEST STATION,MUPAA,None,None,S,YU,6056
3911,2025-02-21,18:17,Friday,ISLINGTON STATION,TUSC,None,None,W,BD,5191
3912,2025-02-21,18:25,Friday,WILSON STATION,MUIR,3,6,S,YU,5526
3913,2025-02-21,18:45,Friday,OSSINGTON STATION,MUIS,None,None,W,BD,None
3914,2025-02-21,18:49,Friday,DUNDAS STATION,SUAP,None,None,S,YU,6066
3915,2025-02-21,18:59,Friday,DUNDAS STATION,SUDP,None,None,N,YU,5526
3916,2025-02-21,19:05,Friday,VICTORIA PARK STATION,MUSC,3,7,W,BD,5057
3917,2025-02-21,19:19,Friday,YORK MILLS STATION,SUO,None,None,N,YU,6041
3918,2025-02-21,19:41,Friday,QUEEN STATION,SUO,18,22,S,YU,5566
3919,2025-02-21,20:44,Friday,ST GEORGE YUS STATION,PUMST,None,None,None,YU,None
3920,2025-02-21,20:55,Friday,YORKDALE STATION,SUO,None,None,N,YU,None
3921,2025-02-21,21:11,Friday,VAUGHAN MC STATION,MUI,4,8,None,YU,6041
3922,2025-02-21,21:29,Friday,KENNEDY BD STATION,EUDO,5,10,None,BD,5364
3923,2025-02-21,22:00,Friday,YONGE UNIVERSITY SPADI,MUO,None,None,None,YU/BD,None
3924,2025-02-21,22:11,Friday,LAWRENCE STATION,SUDP,3,7,S,YU,5786
3925,2025-02-21,22:56,Friday,DONLANDS STATION,MUI,13,18,E,BD,5168
3926,2025-02-21,23:32,Friday,KEELE STATION,MUI,18,24,W,BD,5131
3927,2025-02-21,23:33,Friday,SPADINA BD STATION,MUIE,None,None,None,BD,None
3928,2025-02-21,23:40,Friday,FINCH STATION,PUOPO,None,None,S,YU,5906
3929,2025-02-21,0:54,Friday,BLOOR STATION,SUDP,None,None,N,YU,None
3930,2025-02-21,1:29,Friday,BROADVIEW STATION,PUMEL,None,None,None,BD,None
3931,2025-02-21,1:59,Friday,VAUGHAN MC STATION,SUDP,None,None,S,YU,5501
3932,2025-02-22,2:05,Saturday,DUNDAS STATION,MUIS,None,None,S,YU,None
3933,2025-02-22,2:34,Saturday,KIPLING STATION,SUDP,None,None,None,BD,None
3934,2025-02-22,5:48,Saturday,KENNEDY BD STATION,TUSC,None,None,W,BD,5233
3935,2025-02-22,5:51,Saturday,SHEPPARD WEST STATION,MUWEA,29,None,N,YU,5621
3936,2025-02-22,6:05,Saturday,EGLINTON STATION,EUYRD,4,10,N,YU,5926
3937,2025-02-22,6:09,Saturday,SHEPPARD WEST STATION,TUCC,12,24,N,YU,5401
3938,2025-02-22,6:34,Saturday,WILSON STATION,PUTR,11,None,N,YU,5776
3939,2025-02-22,6:51,Saturday,SHEPPARD WEST STATION,MUWEA,15,21,S,YU,5626
3940,2025-02-22,8:04,Saturday,DUFFERIN STATION,MUIR,4,9,W,BD,5233
3941,2025-02-22,10:56,Saturday,BLOOR STATION,SUDP,None,None,S,YU,6071
3942,2025-02-22,11:04,Saturday,YONGE BD STATION,SUDP,None,None,W,BD,5300
3943,2025-02-22,11:18,Saturday,PAPE STATION,MUSC,None,None,W,BD,5335
3944,2025-02-22,11:24,Saturday,WOODBINE STATION,MUIS,None,None,None,BD,None
3945,2025-02-22,12:12,Saturday,ST GEORGE YUS STATION,SUO,5,9,N,YU,5836
3946,2025-02-22,12:32,Saturday,OLD MILL STATION,MUI,26,30,E,BD,5120
3947,2025-02-22,13:57,Saturday,DAVISVILLE STATION,MUPLB,26,30,N,YU,6006
3948,2025-02-22,14:06,Saturday,DAVISVILLE STATION,MUPAA,None,None,S,YU,6101
3949,2025-02-22,14:14,Saturday,VAUGHAN MC STATION,SUDP,4,8,N,YU,6051
3950,2025-02-22,14:39,Saturday,BROADVIEW STATION,SUO,16,20,E,BD,5095
3951,2025-02-22,14:40,Saturday,QUEENS QUAY STATION,MUIS,None,None,None,YU,None
3952,2025-02-22,15:01,Saturday,KIPLING STATION,SUAE,None,None,W,BD,5025
3953,2025-02-22,15:12,Saturday,KIPLING STATION,TUO,18,24,E,BD,5168
3954,2025-02-22,15:31,Saturday,OSSINGTON STATION,SUO,4,8,E,BD,5025
3955,2025-02-22,16:08,Saturday,ST CLAIR STATION,SUUT,16,20,S,YU,6051
3956,2025-02-22,16:28,Saturday,BROADVIEW STATION,MUIR,8,12,E,BD,5242
3957,2025-02-22,16:48,Saturday,YORK UNIVERSITY STATIO,MUIR,17,21,S,YU,5540
3958,2025-02-22,16:55,Saturday,KENNEDY BD STATION,TUO,4,8,W,BD,5104
3959,2025-02-22,17:47,Saturday,EGLINTON WEST STATION,SUDP,None,None,None,YU,None
3960,2025-02-22,17:59,Saturday,DAVISVILLE CARHOUSE,SUG,None,None,None,YU,6146
3961,2025-02-22,18:22,Saturday,COXWELL STATION,MUIS,None,None,E,BD,None
3962,2025-02-22,18:31,Saturday,WARDEN STATION,SUDP,None,None,None,BD,None
3963,2025-02-22,18:41,Saturday,CASTLE FRANK STATION,MUPAA,None,None,E,BD,5365
3964,2025-02-22,18:49,Saturday,FINCH STATION,MUIS,None,None,None,YU,None
3965,2025-02-22,18:59,Saturday,ST CLAIR WEST STATION,PUMEL,None,None,None,YU,None
3966,2025-02-22,19:15,Saturday,YORK MILLS STATION,MUIS,None,None,None,YU,None
3967,2025-02-22,19:27,Saturday,WARDEN STATION,MUSC,None,None,E,BD,5025
3968,2025-02-22,19:27,Saturday,HIGHWAY 407 STATION,SUDP,None,None,None,YU,None
3969,2025-02-22,19:28,Saturday,YORKDALE STATION,MUIS,None,None,N,YU,5401
3970,2025-02-22,19:31,Saturday,VICTORIA PARK STATION,MUIS,None,None,None,BD,None
3971,2025-02-22,19:38,Saturday,WARDEN STATION,MUSC,None,None,E,BD,5058
3972,2025-02-22,20:56,Saturday,FINCH STATION,SUROB,None,None,None,YU,None
3973,2025-02-22,21:43,Saturday,BAY STATION,MUIS,None,None,W,BD,5276
3974,2025-02-22,22:00,Saturday,YONGE-UNIVERSITY AND B,MUO,None,None,None,YU/BD,None
3975,2025-02-22,22:18,Saturday,VAUGHAN MC STATION,MUIR,None,None,W,YU,5681
3976,2025-02-22,23:00,Saturday,MAINLINE STORAGE LOG,TUML,None,None,None,BD,None
3977,2025-02-22,23:19,Saturday,ROSEDALE-WELLESLEY STA,TUO,None,None,None,YU,None
3978,2025-02-22,8:55,Saturday,BAYVIEW STATION,MUNCA,None,None,None,SHP,None
3979,2025-02-22,16:39,Saturday,LESLIE STATION,MUSC,4,11,W,SHP,6181
3980,2025-02-23,2:21,Sunday,OLD MILL STATION,SUDP,None,None,None,BD,None
3981,2025-02-23,2:37,Sunday,GREENWOOD YARD,PUSI,None,None,None,BD,None
3982,2025-02-23,5:47,Sunday,ST ANDREW STATION,PUTTP,None,None,None,YU,None
3983,2025-02-23,7:23,Sunday,CHESTER STATION,MUNCA,None,None,None,BD,None
3984,2025-02-23,7:29,Sunday,GLENCAIRN STATION,MUNCA,None,None,None,YU,None
3985,2025-02-23,7:40,Sunday,DAVISVILLE STATION,MUNCA,None,None,None,YU,None
3986,2025-02-23,8:04,Sunday,GREENWOOD STATION,MUO,8,None,E,BD,5206
3987,2025-02-23,8:07,Sunday,DAVISVILLE STATION,SUG,None,None,None,YU,5606
3988,2025-02-23,8:08,Sunday,DONLANDS STATION,MUO,5,10,W,BD,5058
3989,2025-02-23,8:09,Sunday,KIPLING STATION,SUG,4,8,E,BD,5074
3990,2025-02-23,8:40,Sunday,GREENWOOD STATION,MUO,14,20,E,BD,5054
3991,2025-02-23,9:44,Sunday,BLOOR STATION,TUATC,None,None,N,YU,6076
3992,2025-02-23,10:33,Sunday,SHERBOURNE STATION,SUDP,None,None,None,BD,None
3993,2025-02-23,12:53,Sunday,KEELE STATION,SUDP,3,7,W,BD,5415
3994,2025-02-23,13:06,Sunday,JANE STATION,SUO,None,None,None,BD,None
3995,2025-02-23,13:09,Sunday,ST CLAIR WEST STATION,MUPAA,None,None,S,YU,5651
3996,2025-02-23,13:32,Sunday,ST CLAIR STATION,TUS,3,7,S,YU,5966
3997,2025-02-23,14:05,Sunday,BLOOR STATION,SUUT,None,None,N,YU,6081
3998,2025-02-23,15:01,Sunday,VAUGHAN MC STATION,MUSAN,4,8,S,YU,5801
3999,2025-02-23,15:07,Sunday,OSSINGTON STATION,SUO,None,None,E,BD,5284
4000,2025-02-23,15:26,Sunday,YORKDALE STATION,PUOPO,17,21,S,YU,5796
4001,2025-02-23,15:29,Sunday,WELLESLEY STATION,MUPAA,None,None,N,YU,5561
4002,2025-02-23,15:32,Sunday,BLOOR STATION,SUDP,None,None,None,YU,None
4003,2025-02-23,15:48,Sunday,ISLINGTON STATION,TUSC,None,None,W,BD,5058
4004,2025-02-23,15:49,Sunday,ISLINGTON STATION,MUIRS,None,None,W,BD,None
4005,2025-02-23,16:58,Sunday,QUEEN'S PARK STATION,MUNCA,None,None,None,YU,None
4006,2025-02-23,17:14,Sunday,ST ANDREW STATION,MUPAA,3,7,N,YU,6086
4007,2025-02-23,17:45,Sunday,SUMMERHILL STATION,MUI,16,20,N,YU,5886
4008,2025-02-23,18:16,Sunday,OSGOODE STATION,MUIR,6,10,S,YU,5561
4009,2025-02-23,18:24,Sunday,OSGOODE STATION,MUI,30,34,N,YU,5586
4010,2025-02-23,18:32,Sunday,YORKDALE STATION,PUOPO,19,25,S,YU,5796
4011,2025-02-23,18:39,Sunday,FINCH STATION,SUDP,None,None,None,YU,None
4012,2025-02-23,18:39,Sunday,BLOOR STATION,MUPAA,None,None,N,YU,5561
4013,2025-02-23,18:46,Sunday,ST GEORGE YUS STATION,MUIS,None,None,None,YU,None
4014,2025-02-23,19:24,Sunday,KING STATION,SUDP,6,12,N,YU,6061
4015,2025-02-23,19:27,Sunday,JANE STATION,SUDP,6,11,W,BD,5021
4016,2025-02-23,19:48,Sunday,SHEPPARD STATION,MUD,4,10,S,YU,5766
4017,2025-02-23,21:04,Sunday,SUMMERHILL STATION,PUOPO,4,10,N,YU,5406
4018,2025-02-23,21:12,Sunday,SUMMERHILL STATION,MUO,6,12,S,YU,5441
4019,2025-02-23,21:27,Sunday,WILSON STATION,SUDP,None,None,None,YU,6006
4020,2025-02-23,21:29,Sunday,DUPONT STATION,PUSAC,None,None,N,YU,5441
4021,2025-02-23,21:39,Sunday,KENNEDY BD STATION,TUSC,None,None,E,BD,5329
4022,2025-02-23,22:00,Sunday,SPADINA BD STATION,SUUT,None,None,E,BD,5120
4023,2025-02-23,22:00,Sunday,YONGE-UNIVERSITY AND B,MUO,None,None,None,YU/BD,None
4024,2025-02-23,22:15,Sunday,WOODBINE STATION,SUG,6,12,E,BD,5150
4025,2025-02-23,22:31,Sunday,ST GEORGE YUS STATION,MUIS,None,None,S,YU,None
4026,2025-02-23,22:55,Sunday,KEELE STATION,MUI,19,25,E,BD,5300
4027,2025-02-23,23:19,Sunday,LINE 1 - YONGE - UNIVE,MUO,None,None,None,YU,None
4028,2025-02-23,23:25,Sunday,YORK MILLS STATION,SUAP,None,None,N,YU,5691
4029,2025-02-23,23:37,Sunday,SUMMERHILL STATION,SUDP,5,11,N,YU,5906
4030,2025-02-23,0:15,Sunday,WILSON STATION,SUO,None,None,None,YU,None
4031,2025-02-23,0:19,Sunday,LANSDOWNE STATION,MUSAN,5,11,E,BD,5222
4032,2025-02-23,0:49,Sunday,BROADVIEW STATION,MUIS,None,None,None,BD,None
4033,2025-02-23,1:18,Sunday,FINCH STATION,SUAE,None,None,None,YU,None
4034,2025-02-23,1:19,Sunday,VAUGHAN MC STATION,SUDP,None,None,S,YU,None
4035,2025-02-23,1:21,Sunday,VAUGHAN MC STATION,MUIRS,None,None,S,YU,5652
4036,2025-02-23,1:30,Sunday,MAIN STREET STATION,SUO,None,None,W,BD,5206
4037,2025-02-23,13:23,Sunday,SHEPPARD-YONGE STATION,MUIRS,None,None,None,SHP,None
4038,2025-02-24,2:18,Monday,SHEPPARD STATION,MUIS,None,None,None,YU,None
4039,2025-02-24,2:21,Monday,FINCH STATION,SUDP,None,None,None,YU,None
4040,2025-02-24,3:11,Monday,HIGH PARK STATION,MUNCA,None,None,None,BD,None
4041,2025-02-24,4:07,Monday,KIPLING STATION,SUUT,None,None,E,BD,None
4042,2025-02-24,5:08,Monday,YORKDALE STATION,MUNCA,None,None,None,YU,None
4043,2025-02-24,5:30,Monday,DUPONT STATION,PUSAC,None,None,N,YU,None
4044,2025-02-24,5:36,Monday,FINCH STATION,MUPF,None,None,S,YU,5776
4045,2025-02-24,5:54,Monday,KIPLING STATION,SUG,7,14,E,BD,5348
4046,2025-02-24,5:59,Monday,KING STATION,PUTWZ,3,None,S,YU,5446
4047,2025-02-24,6:09,Monday,EGLINTON STATION,EUNEA,5,10,N,YU,5381
4048,2025-02-24,6:15,Monday,DUPONT STATION,PUSAC,4,8,N,YU,5441
4049,2025-02-24,7:05,Monday,GREENWOOD STATION,MUSC,None,None,E,BD,5101
4050,2025-02-24,7:39,Monday,BATHURST STATION,MUIR,4,6,E,BD,5111
4051,2025-02-24,8:05,Monday,UNION STATION,MUIRS,None,None,None,YU,None
4052,2025-02-24,8:18,Monday,ISLINGTON STATION,TUSC,None,None,E,BD,5279
4053,2025-02-24,8:23,Monday,BLOOR STATION,MUPAA,3,5,S,YU,5671
4054,2025-02-24,8:42,Monday,BLOOR STATION,SUDP,3,5,S,YU,5996
4055,2025-02-24,8:42,Monday,ST CLAIR STATION,PUMEL,None,None,N,YU,None
4056,2025-02-24,8:49,Monday,COLLEGE STATION,MUPAA,5,7,S,YU,5841
4057,2025-02-24,8:58,Monday,BLOOR STATION,SUO,None,None,S,YU,6066
4058,2025-02-24,9:06,Monday,ST PATRICK STATION,MUIRS,None,None,N,YU,None
4059,2025-02-24,9:31,Monday,VICTORIA PARK STATION,PUMEL,None,None,None,BD,None
4060,2025-02-24,10:06,Monday,QUEEN'S PARK STATION,MUPAA,4,8,S,YU,5591
4061,2025-02-24,10:39,Monday,KIPLING STATION,MUIRS,None,None,E,BD,5334
4062,2025-02-24,10:44,Monday,BROADVIEW STATION,MUIRS,None,None,None,BD,None
4063,2025-02-24,10:48,Monday,BAY STATION,SUDP,3,7,W,BD,5013
4064,2025-02-24,10:49,Monday,DUFFERIN STATION,SUAP,None,None,None,BD,None
4065,2025-02-24,10:50,Monday,DUPONT STATION,MUIE,None,None,S,YU,5696
4066,2025-02-24,11:45,Monday,KIPLING STATION,PUCSS,39,43,W,BD,5101
4067,2025-02-24,11:50,Monday,WELLESLEY STATION,MUIRS,None,None,None,YU,None
4068,2025-02-24,12:32,Monday,DAVISVILLE STATION,MUIS,None,None,None,YU,None
4069,2025-02-24,12:35,Monday,DUNDAS WEST STATION,MUNCA,None,None,None,BD,None
4070,2025-02-24,12:44,Monday,HIGH PARK STATION,PUSI,None,None,E,BD,5015
4071,2025-02-24,12:49,Monday,WOODBINE STATION,MUNCA,None,None,None,BD,None
4072,2025-02-24,12:54,Monday,PAPE STATION,SUO,15,19,W,BD,5295
4073,2025-02-24,13:44,Monday,DUNDAS WEST STATION,MUIS,None,None,None,BD,None
4074,2025-02-24,13:48,Monday,SHEPPARD WEST STATION,EUHV,4,8,S,YU,5896
4075,2025-02-24,14:05,Monday,DUPONT STATION,SUDP,None,None,None,YU,None
4076,2025-02-24,14:06,Monday,OSGOODE STATION,MUO,None,None,N,YU,5751
4077,2025-02-24,14:09,Monday,ST ANDREW STATION,MUIS,None,None,None,YU,None
4078,2025-02-24,14:31,Monday,COXWELL STATION,MUIR,3,7,E,BD,5013
4079,2025-02-24,15:10,Monday,ST GEORGE YUS STATION,MUPAA,3,7,N,YU,6051
4080,2025-02-24,15:17,Monday,ISLINGTON STATION,PUMST,None,None,None,BD,None
4081,2025-02-24,15:57,Monday,DUNDAS WEST STATION,SUDP,None,None,W,BD,None
4082,2025-02-24,16:32,Monday,WOODBINE STATION,SUDP,4,7,W,BD,5173
4083,2025-02-24,16:43,Monday,FINCH STATION,MUSAN,4,8,S,YU,5596
4084,2025-02-24,16:46,Monday,DUNDAS WEST STATION,MUNCA,None,None,None,BD,None
4085,2025-02-24,16:54,Monday,EGLINTON STATION,MUIR,5,8,N,YU,6076
4086,2025-02-24,17:01,Monday,ST CLAIR STATION,PUOPO,3,7,N,YU,6056
4087,2025-02-24,17:12,Monday,BLOOR STATION,SUDP,3,7,S,YU,5971
4088,2025-02-24,17:20,Monday,DUPONT STATION,SUAP,4,6,S,YU,6875
4089,2025-02-24,17:25,Monday,OSGOODE STATION,SUDP,None,None,None,YU,None
4090,2025-02-24,17:26,Monday,EGLINTON STATION,SUDP,8,11,S,YU,5876
4091,2025-02-24,17:30,Monday,DUPONT STATION,MUNCA,None,None,None,YU,None
4092,2025-02-24,17:43,Monday,ST GEORGE YUS STATION,SUDP,9,11,S,YU,6106
4093,2025-02-24,18:02,Monday,EGLINTON WEST STATION,SUAP,6,8,N,YU,5711
4094,2025-02-24,18:20,Monday,OSGOODE STATION,SUDP,5,7,N,YU,6001
4095,2025-02-24,18:56,Monday,DUNDAS STATION,MUIS,None,None,S,YU,None
4096,2025-02-24,19:41,Monday,WILSON STATION,MUI,19,21,N,YU,5983
4097,2025-02-24,19:54,Monday,RUNNYMEDE STATION,MUSC,None,None,W,BD,5082
4098,2025-02-24,20:35,Monday,YONGE BD STATION,PUMEL,None,None,None,BD,None
4099,2025-02-24,20:53,Monday,DUNDAS STATION,SUO,None,None,N,YU,None
4100,2025-02-24,21:08,Monday,MAIN STREET STATION,MUIS,None,None,None,BD,None
4101,2025-02-24,21:15,Monday,EGLINTON STATION,SUDP,None,None,S,YU,5701
4102,2025-02-24,21:26,Monday,EGLINTON STATION,MUIRS,None,None,None,YU,None
4103,2025-02-24,21:36,Monday,BAY STATION,SUO,None,None,W,BD,5028
4104,2025-02-24,22:00,Monday,YONGE-UNIVERSITY AND B,MUO,None,None,None,YU/BD,None
4105,2025-02-24,22:15,Monday,OLD MILL STATION,TUSC,None,None,W,BD,5256
4106,2025-02-24,22:16,Monday,BAY STATION,SUUT,None,None,E,BD,None
4107,2025-02-24,22:26,Monday,QUEEN'S PARK STATION,SUO,None,None,None,YU,None
4108,2025-02-24,22:42,Monday,WOODBINE STATION,SUO,None,None,E,BD,None
4109,2025-02-24,22:48,Monday,MAIN STREET STATION,SUPOL,11,16,E,BD,5064
4110,2025-02-24,23:00,Monday,LINE 1 - YONGE-UNIVERS,MUO,None,None,None,YU,None
4111,2025-02-24,23:20,Monday,OSSINGTON TO JANE,MUGD,None,None,None,BD,None
4112,2025-02-24,0:57,Monday,DUNDAS STATION,MUIS,None,None,None,YU,None
4113,2025-02-24,1:13,Monday,SHEPPARD STATION,SUDP,4,10,N,YU,5591
4114,2025-02-24,1:17,Monday,YONGE BD STATION,MUPAA,None,None,E,BD,5086
4115,2025-02-24,1:45,Monday,DUNDAS STATION,MUIE,None,None,None,YU,None
4116,2025-02-24,3:38,Monday,SHEPPARD STATION,SUG,None,None,None,SHP,6169
4117,2025-02-24,4:50,Monday,LESLIE STATION,MUNCA,None,None,None,SHP,None
4118,2025-02-24,10:10,Monday,DON MILLS STATION,PUMO,None,None,None,SHP,None
4119,2025-02-25,5:31,Tuesday,FINCH STATION,PUSZC,39,None,S,YU,6051
4120,2025-02-25,5:38,Tuesday,EGLINTON STATION,PUSZC,5,10,N,YU,5841
4121,2025-02-25,5:41,Tuesday,GREENWOOD STATION,PUTWZ,10,None,E,BD,5280
4122,2025-02-25,5:51,Tuesday,DONLANDS STATION,PUTWZ,5,None,W,BD,5329
4123,2025-02-25,6:02,Tuesday,UNION STATION,PUSZC,30,None,N,YU,5656
4124,2025-02-25,6:07,Tuesday,BLOOR STATION,PUSZC,29,None,N,YU,6076
4125,2025-02-25,6:23,Tuesday,LAWRENCE STATION,PUATC,13,18,N,YU,5536
4126,2025-02-25,6:36,Tuesday,BLOOR STATION,MUIS,None,None,None,YU,None
4127,2025-02-25,7:08,Tuesday,EGLINTON WEST STATION,SUDP,None,None,S,YU,None
4128,2025-02-25,7:16,Tuesday,SHEPPARD WEST STATION,SUDP,None,None,S,YU,6056
4129,2025-02-25,8:23,Tuesday,ST GEORGE YUS STATION,SUO,None,None,S,YU,5741
4130,2025-02-25,8:37,Tuesday,YORK UNIVERSITY STATIO,MUPAA,None,None,N,YU,6136
4131,2025-02-25,9:09,Tuesday,KIPLING STATION,MUSC,None,None,E,BD,5028
4132,2025-02-25,9:20,Tuesday,BROADVIEW STATION,MUNCA,None,None,None,BD,None
4133,2025-02-25,9:29,Tuesday,ROSEDALE STATION,PUATC,None,None,N,YU,5466
4134,2025-02-25,9:31,Tuesday,VICTORIA PARK STATION,MUSC,None,None,E,BD,5351
4135,2025-02-25,9:47,Tuesday,VICTORIA PARK STATION,EUSC,6,10,W,BD,5280
4136,2025-02-25,9:57,Tuesday,KEELE STATION,TUSC,None,None,E,BD,5064
4137,2025-02-25,10:01,Tuesday,KEELE STATION,TUSC,3,7,E,BD,5368
4138,2025-02-25,10:04,Tuesday,VICTORIA PARK STATION,MUSC,None,None,E,BD,5181
4139,2025-02-25,10:21,Tuesday,EGLINTON WEST STATION,PUOPO,5,10,N,YU,5451
4140,2025-02-25,10:46,Tuesday,ISLINGTON STATION,MUIS,None,None,None,BD,None
4141,2025-02-25,11:11,Tuesday,KING STATION,SUDP,3,8,S,YU,5686
4142,2025-02-25,11:40,Tuesday,PAPE STATION,PUMEL,None,None,None,BD,None
4143,2025-02-25,11:48,Tuesday,BATHURST STATION,SUAE,None,None,None,BD,None
4144,2025-02-25,12:47,Tuesday,UNION STATION,PUMO,None,None,None,YU,None
4145,2025-02-25,12:51,Tuesday,WARDEN STATION,MUDD,6,10,E,BD,5300
4146,2025-02-25,12:59,Tuesday,WILSON STATION,MUDD,None,None,N,YU,5586
4147,2025-02-25,13:10,Tuesday,BROADVIEW STATION,MUNCA,None,None,None,BD,None
4148,2025-02-25,13:34,Tuesday,SHEPPARD WEST STATION,SUO,18,23,N,YU,5546
4149,2025-02-25,13:43,Tuesday,COXWELL STATION,TUSC,5,9,W,BD,5118
4150,2025-02-25,13:54,Tuesday,BROADVIEW STATION,SUO,6,10,E,BD,5368
4151,2025-02-25,13:57,Tuesday,DUNDAS WEST STATION,MUNCA,None,None,None,BD,None
4152,2025-02-25,13:59,Tuesday,GREENWOOD STATION,MUIR,6,10,W,BD,5003
4153,2025-02-25,14:22,Tuesday,BLOOR STATION,SUO,None,None,S,YU,5441
4154,2025-02-25,14:22,Tuesday,YONGE BD STATION,SUO,None,None,W,BD,5149
4155,2025-02-25,15:09,Tuesday,WILSON STATION,SUDP,3,7,N,YU,5866
4156,2025-02-25,15:40,Tuesday,KEELE STATION,PUSSW,87,90,E,BD,5000
4157,2025-02-25,15:44,Tuesday,OSSINGTON STATION,MUPAA,3,6,W,BD,5269
4158,2025-02-25,15:57,Tuesday,KEELE STATION,MUO,3,6,W,BD,5064
4159,2025-02-25,15:57,Tuesday,JANE STATION,SUAE,None,None,None,BD,None
4160,2025-02-25,15:58,Tuesday,DONLANDS STATION,MUI,17,20,E,BD,5196
4161,2025-02-25,16:31,Tuesday,CHESTER STATION,SUDP,8,12,E,BD,5089
4162,2025-02-25,16:43,Tuesday,WELLESLEY STATION,MUIRS,None,None,N,YU,None
4163,2025-02-25,16:48,Tuesday,BLOOR STATION,PUMST,None,None,None,YU,None
4164,2025-02-25,17:10,Tuesday,COXWELL STATION,MUNCA,None,None,None,BD,None
4165,2025-02-25,17:25,Tuesday,ISLINGTON STATION,PUMST,None,None,None,BD,None
4166,2025-02-25,17:31,Tuesday,YONGE BD STATION,PUMST,None,None,None,BD,None
4167,2025-02-25,17:56,Tuesday,ST GEORGE BD STATION,MUDD,19,22,W,BD,5329
4168,2025-02-25,18:26,Tuesday,YONGE BD STATION,MUIRS,None,None,None,BD,None
4169,2025-02-25,18:35,Tuesday,ST CLAIR WEST STATION,SUDP,3,6,S,YU,5616
4170,2025-02-25,19:12,Tuesday,BLOOR STATION,MUI,9,13,N,YU,5716
4171,2025-02-25,19:20,Tuesday,DUNDAS STATION,MUI,15,19,N,YU,6116
4172,2025-02-25,19:23,Tuesday,ST CLAIR STATION,MUPAA,None,None,S,YU,5656
4173,2025-02-25,19:30,Tuesday,FINCH STATION,MUIR,4,8,N,YU,5881
4174,2025-02-25,19:51,Tuesday,ROSEDALE STATION,EUDO,5,9,N,YU,5381
4175,2025-02-25,20:22,Tuesday,KENNEDY BD STATION,MUDD,5,10,W,BD,5333
4176,2025-02-25,20:29,Tuesday,SPADINA YUS STATION,MUPAA,4,8,S,YU,5966
4177,2025-02-25,20:37,Tuesday,HIGH PARK STATION,PUMEL,None,None,None,BD,None
4178,2025-02-25,20:51,Tuesday,DAVISVILLE STATION,SUDP,None,None,N,YU,6016
4179,2025-02-25,21:41,Tuesday,DUNDAS STATION,SUDP,None,None,None,YU,None
4180,2025-02-25,22:00,Tuesday,YONGE-UNIVERSITY AND B,MUO,None,None,None,YU/BD,None
4181,2025-02-25,23:00,Tuesday,LINE 1 - YONGE-UNIVERS,MUO,None,None,None,YU,None
4182,2025-02-25,23:02,Tuesday,LAWRENCE WEST STATION,SUO,6,12,N,YU,5831
4183,2025-02-25,23:04,Tuesday,MUSEUM STATION,MUPAA,3,9,S,YU,5581
4184,2025-02-25,23:24,Tuesday,BLOOR DANFORTH LINE,MUGD,None,None,None,BD,None
4185,2025-02-25,23:32,Tuesday,OSSINGTON STATION,MUIRS,None,None,E,BD,5067
4186,2025-02-25,23:48,Tuesday,KEELE STATION,MUIS,None,None,None,BD,None
4187,2025-02-25,0:31,Tuesday,OSGOODE STATION,MUIS,None,None,S,YU,None
4188,2025-02-25,1:42,Tuesday,KIPLING STATION,MUIRS,None,None,None,BD,None
4189,2025-02-26,2:35,Wednesday,YORK MILLS STATION,MUIS,None,None,None,YU,None
4190,2025-02-26,5:57,Wednesday,VAUGHAN MC STATION,TUSET,5,7,S,YU,5616
4191,2025-02-26,5:59,Wednesday,KING STATION,PUTR,3,None,S,YU,5906
4192,2025-02-26,6:47,Wednesday,DONLANDS STATION,EUPI,3,5,W,BD,5130
4193,2025-02-26,7:32,Wednesday,DUFFERIN STATION,MUIE,None,None,None,BD,None
4194,2025-02-26,8:01,Wednesday,OSSINGTON STATION,EUSC,None,None,E,BD,5101
4195,2025-02-26,8:11,Wednesday,WILSON STATION,PUATC,6,8,S,YU,5881
4196,2025-02-26,8:47,Wednesday,BLOOR STATION,MUIR,None,None,S,YU,5906
4197,2025-02-26,9:35,Wednesday,BROADVIEW STATION,MUIRS,None,None,None,BD,None
4198,2025-02-26,9:47,Wednesday,WELLESLEY STATION,SUO,None,None,S,YU,6071
4199,2025-02-26,10:11,Wednesday,GREENWOOD CARHOUSE,SUG,None,None,None,BD,None
4200,2025-02-26,10:11,Wednesday,ST CLAIR STATION,MUI,3,8,N,YU,5681
4201,2025-02-26,10:46,Wednesday,ISLINGTON STATION,MUIRS,None,None,None,BD,None
4202,2025-02-26,11:03,Wednesday,OSSINGTON STATION,MUIS,None,None,None,BD,None
4203,2025-02-26,11:13,Wednesday,COLLEGE STATION,SUAE,None,None,None,YU,None
4204,2025-02-26,11:48,Wednesday,FINCH STATION,MUSAN,5,10,N,YU,5734
4205,2025-02-26,12:37,Wednesday,OSSINGTON STATION,SUDP,None,None,None,BD,None
4206,2025-02-26,13:53,Wednesday,OLD MILL STATION,MUDD,3,7,E,BD,5150
4207,2025-02-26,14:00,Wednesday,DUNDAS WEST STATION,SUSA,None,None,E,BD,5102
4208,2025-02-26,14:57,Wednesday,CASTLE FRANK STATION,SUUT,19,23,W,BD,5137
4209,2025-02-26,15:03,Wednesday,DUPONT STATION,MUPAA,6,10,N,YU,5591
4210,2025-02-26,15:13,Wednesday,DUPONT STATION,SUDP,None,None,N,YU,5591
4211,2025-02-26,16:20,Wednesday,DUPONT STATION,MUPAA,3,7,N,YU,5071
4212,2025-02-26,16:38,Wednesday,WELLESLEY STATION,SUUT,None,None,N,YU,5471
4213,2025-02-26,16:38,Wednesday,BROADVIEW STATION,MUIRS,None,None,W,BD,None
4214,2025-02-26,16:48,Wednesday,ST CLAIR WEST STATION,SUO,21,23,S,YU,5891
4215,2025-02-26,16:54,Wednesday,JANE STATION,MUPAA,4,7,W,BD,5025
4216,2025-02-26,16:58,Wednesday,ST GEORGE BD STATION,PUMO,None,None,None,BD,None
4217,2025-02-26,17:27,Wednesday,FINCH STATION,SUDP,None,None,None,YU,None
4218,2025-02-26,18:16,Wednesday,FINCH STATION,SUG,3,6,S,YU,5996
4219,2025-02-26,19:41,Wednesday,BLOOR STATION,MUIS,None,None,S,YU,None
4220,2025-02-26,20:05,Wednesday,COXWELL STATION,MUIS,None,None,E,BD,None
4221,2025-02-26,20:48,Wednesday,SHERBOURNE STATION,TUOS,7,11,E,BD,5112
4222,2025-02-26,21:00,Wednesday,DAVISVILLE STATION,MUIRS,None,None,None,YU,None
4223,2025-02-26,21:10,Wednesday,ST PATRICK STATION,MUNCA,None,None,None,YU,None
4224,2025-02-26,21:19,Wednesday,KIPLING STATION,MUSAN,None,None,E,BD,5311
4225,2025-02-26,22:00,Wednesday,YONGE UNIVERSITY AND B,MUO,None,None,None,YU/BD,None
4226,2025-02-26,23:00,Wednesday,EARLY CLOSURE LINE 1 Y,MUO,None,None,None,YU,None
4227,2025-02-26,23:55,Wednesday,OSSINGTON STATION,TUSC,None,None,W,BD,5168
4228,2025-02-26,0:44,Wednesday,KENNEDY BD STATION,PUMEL,None,None,None,BD,None
4229,2025-02-26,0:53,Wednesday,OSGOODE STATION,MUPAA,None,None,S,YU,5681
4230,2025-02-26,1:24,Wednesday,DUNDAS STATION,SUDP,None,None,None,YU,None
4231,2025-02-26,1:29,Wednesday,YONGE BD STATION,SUG,None,None,E,BD,5231
4232,2025-02-26,2:52,Wednesday,BAYVIEW STATION,MUNCA,None,None,None,SHP,None
4233,2025-02-26,18:15,Wednesday,SHEPPARD-YONGE STATION,MUPAA,None,None,E,SHP,6161
4234,2025-02-27,2:00,Thursday,VAUGHAN MC STATION,SUO,None,None,None,YU,None
4235,2025-02-27,2:05,Thursday,KENNEDY BD STATION,MUIS,None,None,None,BD,None
4236,2025-02-27,2:06,Thursday,KIPLING STATION,MUIRS,None,None,W,BD,None
4237,2025-02-27,2:32,Thursday,FINCH STATION,PUMEL,None,None,None,YU,None
4238,2025-02-27,2:48,Thursday,DUNDAS WEST STATION,SUO,None,None,None,BD,None
4239,2025-02-27,5:30,Thursday,SHERBOURNE STATION,MUNCA,None,None,None,BD,None
4240,2025-02-27,5:30,Thursday,GREENWOOD STATION,MUNCA,None,None,None,BD,None
4241,2025-02-27,6:01,Thursday,KIPLING STATION,MUSC,None,None,W,BD,5137
4242,2025-02-27,6:04,Thursday,OSGOODE STATION,PUTR,3,None,N,YU,5871
4243,2025-02-27,6:26,Thursday,VICTORIA PARK STATION,MUSC,None,None,W,BD,5016
4244,2025-02-27,6:46,Thursday,LAWRENCE WEST STATION,EUDO,None,None,S,YU,5626
4245,2025-02-27,7:07,Thursday,DONLANDS STATION,EUSC,3,5,W,BD,5068
4246,2025-02-27,7:45,Thursday,CHESTER STATION,EUME,12,14,W,BD,5352
4247,2025-02-27,7:58,Thursday,YONGE BD STATION,SUAP,None,None,W,BD,5250
4248,2025-02-27,8:02,Thursday,KING STATION,PUMST,None,None,None,YU,None
4249,2025-02-27,8:08,Thursday,MUSEUM STATION,MUWEA,None,None,S,YU,6056
4250,2025-02-27,8:13,Thursday,LAWRENCE WEST STATION,MUIS,None,None,None,YU,None
4251,2025-02-27,8:14,Thursday,DUNDAS WEST STATION,MUSC,None,None,E,BD,5102
4252,2025-02-27,8:27,Thursday,FINCH WEST STATION,PUOPO,5,7,N,YU,5421
4253,2025-02-27,8:30,Thursday,WELLESLEY STATION,MUWEA,4,6,N,YU,6041
4254,2025-02-27,8:37,Thursday,YORK MILLS STATION,MUWEA,3,6,N,YU,6121
4255,2025-02-27,8:41,Thursday,ST PATRICK STATION,SUO,5,8,N,YU,5946
4256,2025-02-27,9:30,Thursday,FINCH STATION,PUMST,None,None,None,YU,None
4257,2025-02-27,9:37,Thursday,YORKDALE STATION,MUIRS,5,10,S,YU,5706
4258,2025-02-27,9:42,Thursday,BROADVIEW STATION,SUDP,None,None,None,BD,None
4259,2025-02-27,9:56,Thursday,OSGOODE STATION,MUIS,None,None,S,YU,None
4260,2025-02-27,9:56,Thursday,GREENWOOD STATION,PUMEL,None,None,None,BD,None
4261,2025-02-27,10:08,Thursday,DUPONT STATION,MUPAA,4,9,S,YU,5451
4262,2025-02-27,10:11,Thursday,WELLESLEY STATION,MUPAA,4,9,S,YU,5831
4263,2025-02-27,10:36,Thursday,QUEEN'S PARK STATION,SUDP,3,6,N,YU,5476
4264,2025-02-27,11:02,Thursday,BLOOR STATION,SUO,4,9,S,YU,5671
4265,2025-02-27,11:02,Thursday,YONGE BD STATION,SUO,None,None,E,BD,5026
4266,2025-02-27,11:15,Thursday,MUSEUM STATION,SUDP,5,10,S,YU,5441
4267,2025-02-27,11:22,Thursday,ST GEORGE YUS STATION,SUDP,4,9,N,YU,None
4268,2025-02-27,11:41,Thursday,KIPLING STATION,EUSC,3,7,E,BD,5041
4269,2025-02-27,12:11,Thursday,DUNDAS STATION,MUIS,None,None,S,YU,None
4270,2025-02-27,12:38,Thursday,BROADVIEW STATION,EUSC,None,None,E,BD,5189
4271,2025-02-27,12:38,Thursday,UNION STATION,MUIS,None,None,None,YU,None
4272,2025-02-27,12:49,Thursday,WILSON STATION,MUO,10,15,S,YU,5706
4273,2025-02-27,13:00,Thursday,COXWELL STATION,MUSAN,4,8,W,BD,5178
4274,2025-02-27,13:07,Thursday,UNION STATION,MUIS,None,None,None,YU,None
4275,2025-02-27,13:25,Thursday,BROADVIEW STATION,MUI,4,8,E,BD,5208
4276,2025-02-27,13:37,Thursday,WELLESLEY STATION,SUO,None,None,None,YU,None
4277,2025-02-27,13:41,Thursday,KENNEDY BD STATION,PUMST,None,None,None,BD,None
4278,2025-02-27,13:43,Thursday,KING STATION,PUSSW,75,79,S,YU,5411
4279,2025-02-27,14:22,Thursday,QUEEN STATION,SUAE,None,None,None,YU,None
4280,2025-02-27,14:23,Thursday,LANSDOWNE STATION,SUAE,None,None,N,BD,None
4281,2025-02-27,14:31,Thursday,YONGE BD STATION,SUDP,None,None,E,BD,None
4282,2025-02-27,14:36,Thursday,PIONEER VILLAGE STATIO,MUIS,None,None,S,YU,None
4283,2025-02-27,14:46,Thursday,GREENWOOD YARD,SUG,None,None,None,BD,None
4284,2025-02-27,15:33,Thursday,FINCH STATION,SUAE,None,None,None,YU,None
4285,2025-02-27,15:44,Thursday,VICTORIA PARK STATION,MUDD,10,14,E,BD,5331
4286,2025-02-27,16:03,Thursday,WILSON STATION,SUO,None,None,None,YU,None
4287,2025-02-27,17:04,Thursday,BATHURST STATION,MUD,None,None,E,BD,5364
4288,2025-02-27,17:39,Thursday,COXWELL STATION,TUNIP,3,6,W,BD,5064
4289,2025-02-27,18:36,Thursday,COXWELL STATION,SUAE,None,None,None,BD,None
4290,2025-02-27,19:02,Thursday,YONGE BD STATION,MUPAA,None,None,W,BD,5058
4291,2025-02-27,19:05,Thursday,BETWEEN SHERBOURNE AND,SUO,None,None,W,BD,5195
4292,2025-02-27,19:28,Thursday,ST CLAIR STATION,MUIS,None,None,None,YU,None
4293,2025-02-27,19:39,Thursday,WOODBINE STATION,MUSC,3,7,W,BD,5134
4294,2025-02-27,19:52,Thursday,HIGH PARK STATION,SUUT,3,7,W,BD,5173
4295,2025-02-27,20:04,Thursday,SHEPPARD STATION,MUIS,None,None,None,YU,None
4296,2025-02-27,20:19,Thursday,GREENWOOD YARD,SUG,None,None,None,BD,5274
4297,2025-02-27,20:35,Thursday,QUEEN'S PARK STATION,MUIRS,None,None,None,YU,None
4298,2025-02-27,21:52,Thursday,WOODBINE STATION,MUSC,None,None,W,BD,5359
4299,2025-02-27,21:59,Thursday,DUNDAS STATION,MUPAA,4,10,S,YU,5446
4300,2025-02-27,22:00,Thursday,YONGE-UNIVERSITY AND B,MUO,None,None,None,YU/BD,None
4301,2025-02-27,22:13,Thursday,DUPONT STATION,SUDP,5,11,S,YU,5415
4302,2025-02-27,22:17,Thursday,CASTLE FRANK STATION,SUO,4,9,W,BD,5017
4303,2025-02-27,23:00,Thursday,LINE 1- YONGE UNIVERSI,MUO,None,None,None,YU,None
4304,2025-02-27,23:05,Thursday,DUPONT STATION,MUPAA,3,9,S,YU,6096
4305,2025-02-27,23:35,Thursday,EGLINTON WEST STATION,MUSAN,6,2,S,YU,5446
4306,2025-02-27,0:50,Thursday,ROSEDALE STATION,SUUT,14,21,S,YU,5876
4307,2025-02-27,1:08,Thursday,DON MILLS STATION,SUDP,None,None,None,SHP,None
4308,2025-02-28,2:23,Friday,SHEPPARD WEST STATION,MUIS,None,None,None,YU,None
4309,2025-02-28,4:36,Friday,MUSEUM STATION,MUNCA,None,None,None,YU,None
4310,2025-02-28,5:15,Friday,JANE STATION,MUNCA,None,None,None,BD,None
4311,2025-02-28,5:15,Friday,RUNNYMEDE STATION,MUNCA,None,None,None,BD,None
4312,2025-02-28,5:25,Friday,BLOOR STATION,MUNCA,None,None,None,YU,None
4313,2025-02-28,5:25,Friday,ST GEORGE YUS STATION,MUNCA,None,None,None,YU,None
4314,2025-02-28,5:35,Friday,FINCH STATION,MUPF,None,None,S,YU,5691
4315,2025-02-28,5:47,Friday,KEELE STATION,SUG,3,6,W,BD,5000
4316,2025-02-28,5:48,Friday,KIPLING STATION,EUSC,None,None,E,BD,5041
4317,2025-02-28,5:59,Friday,FINCH STATION,SUG,4,8,S,YU,6061
4318,2025-02-28,6:00,Friday,TORONTO TRANSIT COMMIS,MUO,None,None,None,BD,None
4319,2025-02-28,6:00,Friday,TORONTO TRANSIT COMMIS,MUO,None,None,None,YU,None
4320,2025-02-28,6:11,Friday,BLOOR STATION,PUOPO,4,8,S,YU,6081
4321,2025-02-28,6:33,Friday,CHESTER STATION,TUSC,None,None,W,BD,5135
4322,2025-02-28,6:40,Friday,FINCH STATION,PUOPO,None,None,S,YU,5511
4323,2025-02-28,6:41,Friday,NORTH YORK CTR STATION,PUOPO,4,8,S,YU,5511
4324,2025-02-28,7:32,Friday,KEELE STATION,EUSC,None,None,E,BD,5156
4325,2025-02-28,7:43,Friday,PIONEER VILLAGE STATIO,PUOPO,4,6,N,YU,5926
4326,2025-02-28,8:01,Friday,WILSON STATION,PUOPO,3,5,S,YU,5951
4327,2025-02-28,8:05,Friday,LAWRENCE WEST STATION,MUO,7,9,S,YU,5426
4328,2025-02-28,8:10,Friday,COLLEGE STATION,MUPAA,4,6,N,YU,5766
4329,2025-02-28,8:15,Friday,WELLESLEY STATION,SUDP,4,6,N,YU,5766
4330,2025-02-28,8:34,Friday,KENNEDY BD STATION,SUDP,3,5,W,BD,5219
4331,2025-02-28,9:06,Friday,UNION STATION,MUIS,None,None,None,YU,None
4332,2025-02-28,9:08,Friday,KENNEDY BD STATION,SUDP,None,None,None,BD,None
4333,2025-02-28,9:48,Friday,HIGH PARK STATION,PUMEL,None,None,None,BD,None
4334,2025-02-28,11:21,Friday,DAVISVILLE STATION,PUMEL,None,None,None,YU,None
4335,2025-02-28,11:26,Friday,MUSEUM STATION,SUG,None,None,None,YU,None
4336,2025-02-28,11:52,Friday,KENNEDY BD STATION,SUG,None,None,W,BD,5055
4337,2025-02-28,12:27,Friday,SHERBOURNE STATION,MUIR,None,None,None,BD,None
4338,2025-02-28,12:56,Friday,MUSEUM STATION,PUSAC,None,None,S,YU,5451
4339,2025-02-28,13:34,Friday,SPADINA YUS STATION,PUMO,None,None,None,YU,None
4340,2025-02-28,13:55,Friday,RUNNYMEDE STATION,MUNCA,None,None,None,BD,None
4341,2025-02-28,14:04,Friday,BLOOR STATION,SUUT,None,None,S,YU,5786
4342,2025-02-28,14:46,Friday,YORK UNIVERSITY STATIO,PUMEL,None,None,None,YU,None
4343,2025-02-28,15:22,Friday,ST GEORGE BD STATION,MUIS,None,None,E,BD,None
4344,2025-02-28,15:26,Friday,ST CLAIR WEST STATION,EUDO,6,10,S,YU,5381
4345,2025-02-28,15:37,Friday,KEELE STATION,TUO,5,8,W,BD,5130
4346,2025-02-28,15:52,Friday,HIGH PARK STATION,TUS,5,8,W,BD,5290
4347,2025-02-28,16:44,Friday,VICTORIA PARK STATION,EUSC,None,None,E,BD,5314
4348,2025-02-28,17:18,Friday,YONGE BD STATION,PUMO,None,None,None,BD,None
4349,2025-02-28,18:08,Friday,BROADVIEW STATION,MUPAA,3,6,E,BD,5293
4350,2025-02-28,18:36,Friday,UNION STATION,MUIR,8,11,N,YU,6041
4351,2025-02-28,19:50,Friday,EGLINTON WEST STATION,MUIS,None,None,N,YU,None
4352,2025-02-28,19:57,Friday,DUNDAS WEST STATION,SUDP,None,None,W,BD,5145
4353,2025-02-28,20:21,Friday,KENNEDY BD STATION,MUSC,None,None,W,BD,5290
4354,2025-02-28,20:21,Friday,KENNEDY BD STATION,MUSC,None,None,W,BD,5290
4355,2025-02-28,21:04,Friday,COLLEGE STATION,PUMST,None,None,None,YU,None
4356,2025-02-28,21:12,Friday,KING STATION,SUDP,8,12,N,YU,5996
4357,2025-02-28,21:47,Friday,JANE STATION,SUDP,5,10,E,BD,5173
4358,2025-02-28,22:00,Friday,YONGE-UNIVERSITY AND B,MUO,None,None,None,YU/BD,None
4359,2025-02-28,22:02,Friday,BATHURST STATION,MUIR,None,None,W,BD,5233
4360,2025-02-28,22:29,Friday,BLOOR STATION,MUIR,5,11,N,YU,6091
4361,2025-02-28,23:00,Friday,"YONGE UNIVERSITY, LINE",MUO,None,None,None,YU,None
4362,2025-02-28,23:06,Friday,ST GEORGE YUS STATION,MUIS,None,None,None,YU,None
4363,2025-02-28,23:07,Friday,QUEEN'S PARK STATION,PUSAC,6,12,S,YU,5876
4364,2025-02-28,23:41,Friday,QUEEN'S PARK STATION,PUSAC,6,12,S,YU,6101
4365,2025-02-28,23:56,Friday,QUEEN'S PARK STATION,PUSAC,6,12,S,YU,5711
4366,2025-02-28,0:05,Friday,FINCH STATION,MUI,6,12,S,YU,6091
4367,2025-02-28,0:09,Friday,BLOOR STATION,MUSAN,5,10,N,YU,5656
4368,2025-02-28,0:23,Friday,BLOOR STATION,MUIS,None,None,None,YU,None
4369,2025-02-28,1:11,Friday,BLOOR STATION,SUDP,6,12,N,YU,5656
4370,2025-02-28,1:29,Friday,BLOOR STATION,MUIS,None,None,N,YU,None
4371,2025-02-28,6:00,Friday,TORONTO TRANSIT COMMIS,MUO,None,None,None,SHP,None
4372,2025-02-28,20:14,Friday,BAYVIEW STATION,MUIS,None,None,None,SHP,None
4373,2025-03-01,2:13,Saturday,KENNEDY BD STATION,MUIS,None,None,W,BD,5067
4374,2025-03-01,2:30,Saturday,LINE 1 YONGE UNIVERSIT,TUST,None,None,None,YU,None
4375,2025-03-01,2:33,Saturday,BLOOR DANFORTH SUBWAY,TUST,None,None,None,BD,None
4376,2025-03-01,3:12,Saturday,OLD MILL STATION,MUNCA,None,None,None,BD,None
4377,2025-03-01,5:03,Saturday,YONGE-UNIVERSITY,MUCP,None,None,None,YU,None
4378,2025-03-01,5:17,Saturday,KIPLING STATION,SUG,5,10,E,BD,5314
4379,2025-03-01,5:20,Saturday,LANSDOWNE STATION,MUNCA,None,None,None,BD,None
4380,2025-03-01,5:35,Saturday,MUSEUM STATION,MUNCA,None,None,None,YU,None
4381,2025-03-01,5:52,Saturday,FINCH STATION,EUATC,6,12,S,YU,5891
4382,2025-03-01,5:53,Saturday,KIPLING STATION,EUBK,None,None,E,BD,5256
4383,2025-03-01,5:58,Saturday,LAWRENCE STATION,TUATC,5,None,S,YU,5496
4384,2025-03-01,6:03,Saturday,OSGOODE POCKET,PUSTP,12,None,N,YU,5441
4385,2025-03-01,6:29,Saturday,SHEPPARD STATION,EUATC,10,16,S,YU,5891
4386,2025-03-01,6:35,Saturday,YORK MILLS STATION,MUO,5,10,S,YU,6096
4387,2025-03-01,7:16,Saturday,OSGOODE STATION,SUDP,5,10,S,YU,5981
4388,2025-03-01,7:25,Saturday,KIPLING STATION,EUBO,5,10,E,BD,5120
4389,2025-03-01,7:53,Saturday,YONGE BD STATION,TUS,4,9,E,BD,5182
4390,2025-03-01,8:31,Saturday,MAIN STREET STATION,MUPAA,None,None,W,BD,5290
4391,2025-03-01,9:05,Saturday,CHESTER STATION,MUSAN,7,12,W,BD,5120
4392,2025-03-01,9:18,Saturday,SHERBOURNE STATION,TUO,4,9,W,BD,5120
4393,2025-03-01,9:35,Saturday,LANSDOWNE STATION,TUO,5,10,W,BD,5120
4394,2025-03-01,11:16,Saturday,WILSON STATION,MUDD,5,9,S,YU,6116
4395,2025-03-01,11:50,Saturday,FINCH STATION,PUMEL,None,None,None,YU,None
4396,2025-03-01,13:33,Saturday,DUNDAS WEST STATION,SUO,None,None,None,BD,None
4397,2025-03-01,13:45,Saturday,LANSDOWNE STATION,MUNCA,None,None,None,BD,None
4398,2025-03-01,14:11,Saturday,KIPLING STATION,EUBO,4,8,E,BD,5114
4399,2025-03-01,14:49,Saturday,SHEPPARD WEST STATION,SUDP,None,None,S,YU,5686
4400,2025-03-01,15:10,Saturday,ST CLAIR STATION,SUDP,8,14,S,YU,5831
4401,2025-03-01,15:18,Saturday,ST CLAIR STATION,MUIRS,None,None,None,YU,None
4402,2025-03-01,16:12,Saturday,KENNEDY BD STATION,TUSC,None,None,E,BD,5066
4403,2025-03-01,16:22,Saturday,RUNNYMEDE STATION,MUNCA,None,None,None,BD,None
4404,2025-03-01,16:42,Saturday,CASTLE FRANK STATION,MUPAA,3,7,W,BD,5026
4405,2025-03-01,16:47,Saturday,SHERBOURNE STATION,MUIR,6,10,W,BD,5026
4406,2025-03-01,17:05,Saturday,KIPLING STATION,MUI,4,8,E,BD,5348
4407,2025-03-01,18:17,Saturday,PIONEER VILLAGE STATIO,MUI,20,26,S,YU,6131
4408,2025-03-01,18:20,Saturday,UNION STATION,SUO,None,None,None,YU,None
4409,2025-03-01,18:45,Saturday,SPADINA BD STATION,SUO,9,13,E,BD,5362
4410,2025-03-01,18:49,Saturday,BLOOR STATION,MUIR,5,11,N,YU,5906
4411,2025-03-01,18:56,Saturday,OSSINGTON STATION,MUPAA,8,12,E,BD,5086
4412,2025-03-01,18:57,Saturday,SHERBOURNE STATION,PUMST,None,None,None,BD,None
4413,2025-03-01,19:00,Saturday,OSSINGTON STATION,MUPAA,None,None,E,BD,5333
4414,2025-03-01,19:19,Saturday,EGLINTON WEST STATION,SUDP,None,None,None,YU,None
4415,2025-03-01,19:27,Saturday,MAIN STREET STATION,SUUT,16,21,W,BD,5331
4416,2025-03-01,19:34,Saturday,VICTORIA PARK STATION,SUAP,38,43,W,BD,5331
4417,2025-03-01,19:36,Saturday,MAIN STREET STATION,MUIRS,None,None,None,BD,None
4418,2025-03-01,19:52,Saturday,SPADINA YUS STATION,SUDP,None,None,E,BD,None
4419,2025-03-01,20:02,Saturday,OSGOODE STATION,MUIS,None,None,None,YU,None
4420,2025-03-01,20:11,Saturday,EGLINTON STATION,PUSRA,5,11,N,YU,5386
4421,2025-03-01,20:12,Saturday,LAWRENCE WEST STATION,SUO,None,None,S,YU,6086
4422,2025-03-01,20:22,Saturday,MAIN STREET STATION,MUPAA,None,None,E,YU,5019
4423,2025-03-01,20:27,Saturday,BLOOR STATION,SUDP,None,None,N,YU,None
4424,2025-03-01,22:00,Saturday,YONGE-UNIVERSITY AND B,MUO,None,None,None,YU/BD,None
4425,2025-03-01,22:03,Saturday,OLD MILL STATION,MUI,8,13,E,BD,5106
4426,2025-03-01,22:39,Saturday,SHEPPARD WEST STATION,MUI,13,19,N,YU,5691
4427,2025-03-01,22:48,Saturday,WARDEN STATION,SUROB,6,12,W,BD,5139
4428,2025-03-01,22:56,Saturday,COXWELL STATION,SUAP,None,None,E,BD,5189
4429,2025-03-01,22:59,Saturday,ST CLAIR WEST STATION,MUNCA,None,None,None,YU,None
4430,2025-03-01,23:13,Saturday,SHEPPARD WEST STATION,MUIRS,None,None,None,YU,None
4431,2025-03-01,0:01,Saturday,QUEEN'S PARK STATION,PUMO,None,None,None,YU,None
4432,2025-03-01,0:55,Saturday,WELLESLEY STATION,SUDP,None,None,None,YU,None
4433,2025-03-01,1:14,Saturday,MAIN STREET STATION,MUIRS,None,None,None,BD,None
4434,2025-03-01,2:24,Saturday,SHEPPARD- YONGE STATIO,TUSC,None,None,W,SHP,6181
4435,2025-03-01,5:26,Saturday,SHEPPARD-YONGE STATION,SUG,None,None,E,SHP,6191
4436,2025-03-01,6:01,Saturday,DON MILLS STATION,EUSC,None,None,W,SHP,6156
4437,2025-03-02,2:44,Sunday,KENNEDY BD STATION,PUMST,None,None,None,BD,None
4438,2025-03-02,3:05,Sunday,RUNNYMEDE STATION,SUO,None,None,None,BD,None
4439,2025-03-02,4:49,Sunday,FINCH STATION,MUIS,None,None,None,YU,None
4440,2025-03-02,7:44,Sunday,WILSON STATION,TUO,14,None,S,YU,5541
4441,2025-03-02,7:55,Sunday,FINCH STATION,MUPF,None,None,S,YU,5496
4442,2025-03-02,8:34,Sunday,RUNNYMEDE STATION,MUDD,9,13,E,BD,5355
4443,2025-03-02,11:46,Sunday,KIPLING STATION,MUTO,4,8,E,BD,5144
4444,2025-03-02,12:05,Sunday,ST CLAIR STATION,MUIS,None,None,None,YU,None
4445,2025-03-02,12:31,Sunday,KENNEDY BD STATION,MUSC,None,None,E,BD,5367
4446,2025-03-02,15:09,Sunday,JANE STATION,PUMEL,None,None,None,BD,None
4447,2025-03-02,15:36,Sunday,UNION STATION,SUO,None,None,None,YU,None
4448,2025-03-02,16:01,Sunday,BLOOR STATION,MUO,None,None,N,YU,None
4449,2025-03-02,16:09,Sunday,KENNEDY BD STATION,MUSAN,4,8,W,BD,5331
4450,2025-03-02,16:32,Sunday,KIPLING STATION,MUIS,None,None,None,BD,None
4451,2025-03-02,16:44,Sunday,YORK MILLS STATION,SUUT,13,19,N,YU,5656
4452,2025-03-02,16:50,Sunday,KEELE STATION,MUIRS,None,None,E,BD,None
4453,2025-03-02,17:45,Sunday,KENNEDY BD STATION,SUDP,None,None,None,BD,None
4454,2025-03-02,17:49,Sunday,DOWNSVIEW PARK STATION,PUMEL,None,None,None,YU,None
4455,2025-03-02,18:04,Sunday,BAY STATION,SUDP,3,7,E,BD,5255
4456,2025-03-02,19:05,Sunday,WELLESLEY STATION,MUNCA,None,None,None,YU,None
4457,2025-03-02,19:38,Sunday,CHESTER STATION,SUDP,None,None,None,BD,None
4458,2025-03-02,21:16,Sunday,KIPLING STATION,SUDP,None,None,E,BD,5128
4459,2025-03-02,21:53,Sunday,JANE STATION,PUMEL,None,None,W,BD,None
4460,2025-03-02,22:00,Sunday,YONGE-UNIVERSITY AND B,MUO,None,None,None,YU/BD,None
4461,2025-03-02,22:30,Sunday,ST GEORGE YUS STATION,SUAP,None,None,N,YU,None
4462,2025-03-02,22:36,Sunday,EGLINTON STATION,MUI,10,16,N,YU,5906
4463,2025-03-02,23:07,Sunday,GREENWOOD CARHOUSE,SUG,None,None,None,BD,None
4464,2025-03-02,1:13,Sunday,MUSEUM STATION,SUDP,25,31,S,YU,5996
4465,2025-03-02,1:31,Sunday,MAIN STREET STATION,MUIRS,None,None,E,BD,None
4466,2025-03-02,1:33,Sunday,OSSINGTON TO ST GEORGE,SUEAS,21,27,E,BD,5145
4467,2025-03-02,1:34,Sunday,EGLINTON STATION,SUUT,16,22,S,YU,5496
4468,2025-03-02,8:03,Sunday,SHEPPARD-YONGE STATION,SUG,3,10,W,SHP,6186
4469,2025-03-02,9:41,Sunday,LESLIE STATION,EUSC,None,None,W,SHP,6181
4470,2025-03-02,18:08,Sunday,DON MILLS STATION,MUIS,None,None,None,SHP,None
4471,2025-03-03,4:26,Monday,WELLESLEY STATION,MUO,None,None,N,YU,None
4472,2025-03-03,5:40,Monday,JANE STATION,MUNCA,None,None,None,BD,None
4473,2025-03-03,5:40,Monday,DUPONT STATION,MUNCA,None,None,None,YU,None
4474,2025-03-03,5:56,Monday,KEELE STATION,PUTR,7,12,W,BD,5137
4475,2025-03-03,6:00,Monday,HIGH PARK STATION,PUTR,7,12,E,BD,5128
4476,2025-03-03,6:19,Monday,EGLINTON STATION,PUTR,4,8,N,YU,5866
4477,2025-03-03,6:22,Monday,GLENCAIRN STATION,PUTR,9,None,N,YU,6126
4478,2025-03-03,6:41,Monday,FINCH STATION,SUUT,None,None,S,YU,5781
4479,2025-03-03,7:19,Monday,YORK MILLS STATION,SUAP,21,24,S,YU,5721
4480,2025-03-03,7:19,Monday,KIPLING STATION,TUSC,None,None,W,BD,5005
4481,2025-03-03,7:35,Monday,FINCH STATION,EUBO,3,6,S,YU,5946
4482,2025-03-03,7:40,Monday,ST CLAIR WEST STATION,EUDO,4,9,S,YU,5381
4483,2025-03-03,7:44,Monday,FINCH STATION,MUSAN,3,6,N,YU,6021
4484,2025-03-03,7:47,Monday,EGLINTON STATION,MUIR,6,9,S,YU,5721
4485,2025-03-03,8:12,Monday,ROSEDALE STATION,EUCD,5,7,N,YU,5381
4486,2025-03-03,8:15,Monday,WOODBINE STATION,TUSC,None,None,E,BD,5371
4487,2025-03-03,8:25,Monday,YONGE BD STATION,SUO,None,None,W,BD,5213
4488,2025-03-03,8:35,Monday,DAVISVILLE STATION,MUPLB,16,19,S,YU,6106
4489,2025-03-03,8:47,Monday,KENNEDY BD STATION,PUSTS,5,8,E,BD,5108
4490,2025-03-03,10:38,Monday,GREENWOOD YARD,PUTO,None,None,None,BD,None
4491,2025-03-03,10:48,Monday,CHESTER STATION,MUPAA,None,None,W,BD,5135
4492,2025-03-03,10:51,Monday,UNION STATION,MUO,5,9,N,YU,5831
4493,2025-03-03,10:57,Monday,VICTORIA PARK STATION,MUFS,11,15,W,BD,5055
4494,2025-03-03,11:01,Monday,KEELE STATION,PUSTS,None,None,E,BD,5363
4495,2025-03-03,11:13,Monday,YORK MILLS STATION,SUDP,12,17,N,YU,6041
4496,2025-03-03,11:27,Monday,DUNDAS STATION,MUIRS,None,None,None,YU,None
4497,2025-03-03,11:43,Monday,COXWELL STATION,TUMVS,5,9,E,BD,5015
4498,2025-03-03,12:04,Monday,OLD MILL STATION,MUI,10,14,E,BD,5239
4499,2025-03-03,12:11,Monday,DUNDAS STATION,SUAP,None,None,None,YU,None
4500,2025-03-03,12:30,Monday,ROYAL YORK STATION,MUO,None,None,None,BD,None
4501,2025-03-03,13:03,Monday,ST CLAIR WEST STATION,MUSAN,26,31,N,YU,5771
4502,2025-03-03,14:00,Monday,BATHURST STATION,SUO,12,16,W,BD,5077
4503,2025-03-03,14:20,Monday,KIPLING STATION,SUO,4,8,E,BD,5016
4504,2025-03-03,14:24,Monday,KIPLING STATION,PUSI,4,8,W,BD,5159
4505,2025-03-03,14:27,Monday,SUMMERHILL STATION,MUIE,None,None,None,YU,None
4506,2025-03-03,14:34,Monday,YONGE BD STATION,MUIS,None,None,W,BD,None
4507,2025-03-03,14:48,Monday,BLOOR STATION,PUMEL,None,None,None,YU,None
4508,2025-03-03,15:56,Monday,BROADVIEW STATION,MUD,5,8,E,BD,5368
4509,2025-03-03,16:09,Monday,OSSINGTON STATION,SUAE,None,None,None,BD,None
4510,2025-03-03,16:22,Monday,WILSON STATION,MUNCA,None,None,None,YU,None
4511,2025-03-03,16:58,Monday,DOWNSVIEW PARK STATION,MUPAA,None,None,S,YU,5471
4512,2025-03-03,17:08,Monday,KIPLING STATION,PUSI,24,27,W,BD,5232
4513,2025-03-03,17:29,Monday,SHEPPARD STATION,PUOPO,None,None,N,YU,5501
4514,2025-03-03,17:55,Monday,CHRISTIE STATION,MUNCA,None,None,None,BD,None
4515,2025-03-03,17:55,Monday,KENNEDY BD STATION,MUNCA,None,None,None,BD,None
4516,2025-03-03,18:34,Monday,FINCH STATION,TUNIP,3,5,S,YU,5481
4517,2025-03-03,19:30,Monday,KIPLING STATION,MUPAA,None,None,E,BD,5108
4518,2025-03-03,19:53,Monday,RUNNYMEDE STATION,EUME,6,11,W,BD,5077
4519,2025-03-03,20:11,Monday,DUNDAS STATION,MUIRS,None,None,S,YU,None
4520,2025-03-03,20:33,Monday,FINCH STATION,PUSIO,None,None,S,YU,5691
4521,2025-03-03,20:44,Monday,DUPONT STATION,SUO,13,17,N,YU,5926
4522,2025-03-03,20:48,Monday,VMC STATION,SUO,7,12,S,YU,5163
4523,2025-03-03,21:38,Monday,LAWRENCE WEST STATION,MUIR,3,8,S,YU,6131
4524,2025-03-03,21:53,Monday,KIPLING STATION,SUDP,3,8,E,BD,5019
4525,2025-03-03,21:53,Monday,VMC STATION,MUIS,None,None,None,YU,None
4526,2025-03-03,21:57,Monday,YORK UNIVERSITY STATIO,MUI,30,36,N,YU,5396
4527,2025-03-03,22:00,Monday,YONGE-UNIVERSITY AND B,MUO,None,None,None,YU/BD,None
4528,2025-03-03,22:22,Monday,WOODBINE STATION,SUDP,3,8,W,BD,5052
4529,2025-03-03,22:34,Monday,FINCH STATION,MUIRS,None,None,None,YU,None
4530,2025-03-03,22:41,Monday,YONGE BD STATION,SUDP,3,8,W,BD,5052
4531,2025-03-03,23:00,Monday,YONGE UNIVERSITY LINE,MUO,None,None,None,YU,None
4532,2025-03-03,23:00,Monday,LINE 1 YONGE UNIVERSIT,MUO,None,None,None,YU,None
4533,2025-03-03,23:32,Monday,SUMMERHILL STATION,MUIS,None,None,N,YU,6131
4534,2025-03-03,0:20,Monday,OSGOODE STATION,MUIS,None,None,None,YU,None
4535,2025-03-03,12:55,Monday,SHEPPARD-YONGE STATION,PUMEL,None,None,None,SHP,None
4536,2025-03-04,2:09,Tuesday,VMC STATION,MUIS,None,None,None,YU,None
4537,2025-03-04,2:10,Tuesday,CHESTER STATION,PUTOE,None,None,None,BD,None
4538,2025-03-04,2:50,Tuesday,BAY LOWER,MUWR,None,None,None,YU,None
4539,2025-03-04,5:59,Tuesday,KING STATION,PUTR,6,None,S,YU,6086
4540,2025-03-04,6:32,Tuesday,KENNEDY BD STATION,MUIS,None,None,None,BD,None
4541,2025-03-04,8:26,Tuesday,DAVISVILLE STATION,MUIR,5,8,S,YU,6126
4542,2025-03-04,9:03,Tuesday,UNION STATION,MUSAN,5,7,S,YU,5861
4543,2025-03-04,9:04,Tuesday,NORTH YORK CTR STATION,EUBO,20,23,N,YU,5501
4544,2025-03-04,9:14,Tuesday,GREENWOOD YARD,SUG,None,None,None,BD,None
4545,2025-03-04,9:16,Tuesday,WILSON STATION,MUIR,19,21,N,YU,6123
4546,2025-03-04,10:02,Tuesday,COLLEGE STATION,MUIRS,None,None,N,YU,None
4547,2025-03-04,10:04,Tuesday,MAIN STREET STATION,SUDP,None,None,None,BD,None
4548,2025-03-04,10:26,Tuesday,SHERBOURNE STATION,SUDP,None,None,None,BD,None
4549,2025-03-04,10:34,Tuesday,DAVISVILLE STATION,MUSAN,5,8,S,YU,5482
4550,2025-03-04,10:40,Tuesday,COXWELL STATION,SUO,None,None,E,BD,None
4551,2025-03-04,10:47,Tuesday,VICTORIA PARK STATION,MUIS,None,None,E,BD,5322
4552,2025-03-04,10:53,Tuesday,VICTORIA PARK STATION,MUSC,None,None,W,BD,5232
4553,2025-03-04,11:31,Tuesday,DUFFERIN STATION,MUIRS,None,None,W,BD,None
4554,2025-03-04,11:57,Tuesday,SHERBOURNE STATION,SUAP,None,None,E,BD,5222
4555,2025-03-04,12:22,Tuesday,DUNDAS STATION,MUI,5,9,N,YU,5746
4556,2025-03-04,12:39,Tuesday,VMC STATION,MUPAA,None,None,S,YU,5956
4557,2025-03-04,12:59,Tuesday,DUNDAS STATION,SUDP,3,8,S,YU,6071
4558,2025-03-04,13:05,Tuesday,SPADINA YUS STATION,SUDP,8,13,N,YU,6136
4559,2025-03-04,13:09,Tuesday,FINCH STATION,MUPAA,None,None,S,YU,5846
4560,2025-03-04,13:14,Tuesday,SPADINA BD STATION,SUDP,None,None,E,BD,5282
4561,2025-03-04,13:53,Tuesday,VMC STATION,MUNCA,None,None,None,YU,None
4562,2025-03-04,14:20,Tuesday,DUNDAS WEST STATION,SUUT,3,7,W,BD,5359
4563,2025-03-04,14:32,Tuesday,WARDEN STATION,TUUR,4,8,W,BD,5361
4564,2025-03-04,15:16,Tuesday,VICTORIA PARK STATION,SUAP,None,None,W,BD,None
4565,2025-03-04,15:22,Tuesday,DAVISVILLE STATION,SUDP,8,12,S,YU,5536
4566,2025-03-04,15:23,Tuesday,HIGH PARK STATION,MUSC,None,None,E,BD,5139
4567,2025-03-04,15:26,Tuesday,DONLANDS STATION,SUDP,None,None,E,BD,5128
4568,2025-03-04,15:42,Tuesday,SPADINA YUS STATION,MUPAA,4,8,N,YU,5931
4569,2025-03-04,15:56,Tuesday,EGLINTON WEST STATION,PUOPO,None,None,N,YU,5936
4570,2025-03-04,16:45,Tuesday,CHRISTIE STATION,SUDP,20,23,E,BD,5094
4571,2025-03-04,16:47,Tuesday,YONGE BD STATION,MUO,None,None,E,BD,5168
4572,2025-03-04,16:57,Tuesday,KEELE STATION,PUTDN,None,None,W,BD,5355
4573,2025-03-04,17:24,Tuesday,CASTLE FRANK STATION,MUDD,11,14,E,BD,5094
4574,2025-03-04,17:31,Tuesday,SHERBOURNE STATION,SUUT,None,None,E,BD,5128
4575,2025-03-04,17:32,Tuesday,FINCH STATION,MUSAN,3,6,S,YU,5561
4576,2025-03-04,17:34,Tuesday,CHESTER STATION,MUTD,None,None,W,BD,5091
4577,2025-03-04,17:55,Tuesday,FINCH WEST STATION,PUOPO,5,7,N,YU,5421
4578,2025-03-04,18:06,Tuesday,HIGHWAY 407 STATION,PUOPO,15,18,N,YU,5421
4579,2025-03-04,18:19,Tuesday,OSGOODE STATION,SUDP,3,5,N,YU,5656
4580,2025-03-04,18:37,Tuesday,RUNNYMEDE STATION,MUI,25,28,W,BD,5371
4581,2025-03-04,19:16,Tuesday,BLOOR STATION,SUDP,4,8,N,YU,5471
4582,2025-03-04,19:38,Tuesday,NORTH YORK CTR STATION,SUUT,None,None,S,YU,None
4583,2025-03-04,20:33,Tuesday,SHEPPARD STATION,PUOPO,4,8,S,YU,5481
4584,2025-03-04,20:42,Tuesday,YORKDALE STATION,SUDP,3,6,S,YU,5976
4585,2025-03-04,21:24,Tuesday,YORK MILLS STATION,MUIR,None,None,N,YU,5491
4586,2025-03-04,21:59,Tuesday,KIPLING STATION,EUSC,None,None,E,BD,5132
4587,2025-03-04,22:00,Tuesday,YONGE UNIVERSITY AND B,MUO,None,None,None,YU/BD,None
4588,2025-03-04,22:31,Tuesday,YONGE BD STATION,MUIS,None,None,None,BD,None
4589,2025-03-04,23:00,Tuesday,LINE 1 YONGE UNIVERSIT,MUO,None,None,None,YU,None
4590,2025-03-04,23:46,Tuesday,YORKDALE STATION,PUOPO,None,None,S,YU,5816
4591,2025-03-04,23:46,Tuesday,OSGOODE STATION,MUIS,None,None,S,YU,None
4592,2025-03-04,0:08,Tuesday,BROADVIEW STATION,TUSC,None,None,W,BD,5321
4593,2025-03-04,0:16,Tuesday,SHERBOURNE STATION,EUNT,5,10,W,BD,5005
4594,2025-03-04,1:04,Tuesday,WILSON STATION,MUPLC,None,None,N,YU,5706
4595,2025-03-04,1:32,Tuesday,SHEPPARD WEST STATION,SUO,3,9,S,YU,5556
4596,2025-03-04,21:41,Tuesday,LESLIE STATION,PUOPO,4,11,E,SHP,6176
4597,2025-03-05,2:20,Wednesday,ROYAL YORK STATION,EUNT,5,10,W,BD,5225
4598,2025-03-05,5:15,Wednesday,LAWRENCE STATION,MUNCA,None,None,None,YU,None
4599,2025-03-05,5:25,Wednesday,YORKDALE STATION,PUTWZ,None,None,N,YU,None
4600,2025-03-05,5:32,Wednesday,FINCH STATION,MUPF,None,None,S,YU,5696
4601,2025-03-05,5:40,Wednesday,GREENWOOD WYE,PUTSM,3,6,None,BD,None
4602,2025-03-05,5:41,Wednesday,DONLANDS STATION,PUTSM,3,6,E,BD,5031
4603,2025-03-05,5:42,Wednesday,YONGE BD STATION,PUTSM,3,6,W,BD,5078
4604,2025-03-05,5:42,Wednesday,GREENWOOD STATION,PUTSM,42,None,E,BD,5141
4605,2025-03-05,5:44,Wednesday,YONGE BD STATION,PUTSM,3,6,W,BD,None
4606,2025-03-05,5:46,Wednesday,DONLANDS STATION,PUTSM,3,6,W,BD,5083
4607,2025-03-05,5:47,Wednesday,DONLANDS STATION,PUTSM,8,None,W,BD,5266
4608,2025-03-05,5:48,Wednesday,GREENWOOD STATION,PUTSM,3,6,E,BD,5330
4609,2025-03-05,5:52,Wednesday,YONGE BD STATION,PUTSM,21,None,W,BD,5225
4610,2025-03-05,5:53,Wednesday,GREENWOOD STATION,PUTSM,3,6,E,BD,5230
4611,2025-03-05,6:00,Wednesday,TORONTO TRANSIT COMMIS,MUO,None,None,None,YU,None
4612,2025-03-05,6:01,Wednesday,GREENWOOD STATION,PUTSM,3,6,E,BD,5289
4613,2025-03-05,6:01,Wednesday,GREENWOOD STATION,PUTSM,3,6,E,BD,5363
4614,2025-03-05,6:04,Wednesday,GREENWOOD STATION,PUTSM,3,6,E,BD,5179
4615,2025-03-05,6:06,Wednesday,GREENWOOD STATION,PUTSM,3,6,E,BD,5172
4616,2025-03-05,6:08,Wednesday,GREENWOOD STATION,PUTSM,3,6,E,BD,5071
4617,2025-03-05,6:09,Wednesday,DONLANDS STATION,PUTSM,3,6,W,BD,5287
4618,2025-03-05,6:12,Wednesday,GREENWOOD STATION,PUTSM,3,6,E,BD,None
4619,2025-03-05,6:13,Wednesday,KING STATION,MUIR,3,8,S,YU,5481
4620,2025-03-05,6:15,Wednesday,GREENWOOD STATION,EUNT,5,10,E,BD,5103
4621,2025-03-05,6:15,Wednesday,DONLANDS STATION,PUTSM,3,6,W,BD,5141
4622,2025-03-05,6:18,Wednesday,GREENWOOD STATION,PUTSM,3,6,E,BD,5355
4623,2025-03-05,6:20,Wednesday,DONLANDS STATION,PUTSM,3,6,W,BD,5101
4624,2025-03-05,6:25,Wednesday,DONLANDS STATION,PUTSM,3,6,W,BD,5334
4625,2025-03-05,6:44,Wednesday,DONLANDS STATION,PUTSM,3,6,W,BD,5118
4626,2025-03-05,6:49,Wednesday,GREENWOOD STATION,PUTSM,3,6,E,BD,5052
4627,2025-03-05,6:51,Wednesday,DONLANDS STATION,PUTSM,3,6,W,BD,5293
4628,2025-03-05,6:55,Wednesday,GREENWOOD STATION,PUTSM,3,6,E,BD,5105
4629,2025-03-05,6:57,Wednesday,DONLANDS STATION,PUTSM,3,6,W,BD,5091
4630,2025-03-05,6:59,Wednesday,DUNDAS WEST STATION,SUO,None,None,None,BD,None
4631,2025-03-05,7:01,Wednesday,DONLANDS STATION,PUTSM,3,6,W,BD,5345
4632,2025-03-05,7:03,Wednesday,WARDEN STATION,EUNT,6,8,W,BD,5236
4633,2025-03-05,7:06,Wednesday,DONLANDS STATION,PUTSM,3,6,W,BD,5179
4634,2025-03-05,7:08,Wednesday,GREENWOOD STATION,PUTSM,3,6,E,BD,None
4635,2025-03-05,7:10,Wednesday,ST CLAIR STATION,SUDP,7,10,S,YU,5711
4636,2025-03-05,7:14,Wednesday,GREENWOOD STATION,PUTSM,3,6,E,BD,5166
4637,2025-03-05,7:36,Wednesday,WARDEN STATION,MUSC,None,None,E,BD,5106
4638,2025-03-05,7:39,Wednesday,VICTORIA PARK STATION,SUDP,None,None,None,BD,None
4639,2025-03-05,7:52,Wednesday,EGLINTON STATION,SUO,None,None,None,YU,None
4640,2025-03-05,7:54,Wednesday,CHESTER STATION,TUO,4,7,W,BD,5194
4641,2025-03-05,8:23,Wednesday,DUNDAS WEST STATION,SUDP,None,None,None,BD,None
4642,2025-03-05,8:36,Wednesday,DUPONT STATION,EUDO,4,7,S,YU,5731
4643,2025-03-05,8:40,Wednesday,ST GEORGE BD STATION,MUIR,5,8,W,BD,5141
4644,2025-03-05,9:11,Wednesday,CHRISTIE STATION,PUTTC,3,5,W,BD,5183
4645,2025-03-05,10:03,Wednesday,KIPLING STATION,TUMVS,4,8,W,BD,5118
4646,2025-03-05,10:11,Wednesday,DUNDAS STATION,MUIS,None,None,N,YU,None
4647,2025-03-05,10:21,Wednesday,ST CLAIR STATION,MUI,5,10,N,YU,5701
4648,2025-03-05,10:46,Wednesday,ISLINGTON STATION,MUPR1,139,143,E,BD,5124
4649,2025-03-05,10:49,Wednesday,UNION STATION,MUIS,None,None,None,YU,None
4650,2025-03-05,11:10,Wednesday,YONGE BD STATION,EUDO,5,9,W,BD,5183
4651,2025-03-05,11:26,Wednesday,GREENWOOD STATION,EUME,4,8,E,BD,5284
4652,2025-03-05,11:45,Wednesday,VMC STATION,SUDP,None,None,None,YU,None
4653,2025-03-05,12:01,Wednesday,YORK MILLS STATION,EUDO,6,11,S,YU,5516
4654,2025-03-05,13:11,Wednesday,ISLINGTON STATION,MUNCA,None,None,None,BD,None
4655,2025-03-05,13:47,Wednesday,BLOOR STATION,MUIRS,None,None,None,YU,None
4656,2025-03-05,13:50,Wednesday,DAVISVILLE STATION,MUPAA,6,10,N,YU,6091
4657,2025-03-05,14:46,Wednesday,LANSDOWNE STATION,SUDP,3,7,E,BD,5166
4658,2025-03-05,15:11,Wednesday,GLENCAIRN STATION,SUDP,5,9,S,YU,5406
4659,2025-03-05,15:47,Wednesday,MAIN STREET STATION,MUTD,3,7,W,BD,5066
4660,2025-03-05,15:50,Wednesday,DONLANDS STATION,SUAP,None,None,E,BD,None
4661,2025-03-05,16:00,Wednesday,DONLANDS STATION,SUROB,None,None,None,BD,None
4662,2025-03-05,16:11,Wednesday,SPADINA YUS STATION,PUMST,None,None,None,YU,None
4663,2025-03-05,16:21,Wednesday,CHRISTIE STATION,PUTTC,14,17,W,BD,5101
4664,2025-03-05,16:47,Wednesday,KIPLING STATION,EUSC,None,None,E,BD,5016
4665,2025-03-05,16:48,Wednesday,DUNDAS STATION,MUWEA,3,6,N,YU,5996
4666,2025-03-05,16:49,Wednesday,YORK UNIVERSITY STATIO,PUMEL,None,None,None,YU,None
4667,2025-03-05,17:10,Wednesday,LAWRENCE WEST STATION,EUBO,3,6,S,YU,5966
4668,2025-03-05,17:26,Wednesday,BLOOR STATION,EUBO,10,13,S,YU,5751
4669,2025-03-05,17:32,Wednesday,VICTORIA PARK STATION,EUSC,None,None,E,BD,5016
4670,2025-03-05,17:37,Wednesday,ST PATRICK STATION,PUMST,None,None,None,YU,None
4671,2025-03-05,17:58,Wednesday,CHRISTIE STATION,PUTTC,None,None,W,BD,5084
4672,2025-03-05,18:11,Wednesday,YONGE BD STATION,SUDP,None,None,None,BD,None
4673,2025-03-05,18:11,Wednesday,SPADINA BD STATION,EUDO,13,16,W,BD,5019
4674,2025-03-05,18:12,Wednesday,CHESTER STATION,TUSC,3,6,E,BD,5230
4675,2025-03-05,18:23,Wednesday,BROADVIEW STATION,MUSAN,3,6,E,BD,5355
4676,2025-03-05,18:38,Wednesday,KIPLING STATION,EUSC,None,None,E,BD,5321
4677,2025-03-05,19:42,Wednesday,DAVISVILLE STATION,SUDP,9,12,S,YU,5886
4678,2025-03-05,19:57,Wednesday,WELLESLEY STATION,SUDP,None,None,N,YU,5691
4679,2025-03-05,20:33,Wednesday,FINCH STATION,MUIRS,None,None,None,YU,None
4680,2025-03-05,21:38,Wednesday,WILSON STATION,SUDP,None,None,N,YU,5876
4681,2025-03-05,22:00,Wednesday,YONGE-UNIVERSITY AND B,MUO,None,None,None,YU,None
4682,2025-03-05,23:00,Wednesday,LINE 1 YONGE UNIVERSIT,MUCP,None,None,None,YU,None
4683,2025-03-05,23:57,Wednesday,OSGOODE STATION,MUIS,None,None,None,YU,None
4684,2025-03-05,0:09,Wednesday,KEELE STATION,SUO,None,None,W,BD,5356
4685,2025-03-05,0:20,Wednesday,BLOOR STATION,MUIRS,None,None,None,YU,None
4686,2025-03-05,0:40,Wednesday,DAVISVILLE STATION,SUDP,13,19,N,YU,5986
4687,2025-03-05,1:03,Wednesday,DAVISVILLE STATION,SUDP,6,12,N,YU,5496
4688,2025-03-05,1:35,Wednesday,VMC STATION,MUI,None,None,None,YU,5386
4689,2025-03-05,1:47,Wednesday,KENNEDY BD STATION,MUIRS,None,None,None,BD,None
4690,2025-03-05,6:00,Wednesday,TORONTO TRANSIT COMMIS,MUO,None,None,None,SHP,None
4691,2025-03-05,19:01,Wednesday,DON MILLS STATION,SUDP,None,None,E,SHP,6186
4692,2025-03-05,19:48,Wednesday,DON MILLS STATION,SUDP,7,14,E,SHP,6181
4693,2025-03-05,20:24,Wednesday,LESLIE STATION,SUDP,None,None,W,SHP,None
4694,2025-03-06,2:00,Thursday,KENNEDY BD STATION,MUIRS,None,None,None,BD,None
4695,2025-03-06,2:04,Thursday,VMC STATION,MUIS,None,None,None,YU,None
4696,2025-03-06,5:54,Thursday,WARDEN STATION,MUSC,None,None,W,BD,5083
4697,2025-03-06,6:20,Thursday,BLOOR STATION,PUSAC,7,None,N,YU,6056
4698,2025-03-06,6:23,Thursday,KENNEDY BD STATION,MUPAA,None,None,W,BD,5128
4699,2025-03-06,6:29,Thursday,UNION STATION,PUTR,7,None,N,YU,5396
4700,2025-03-06,6:55,Thursday,NORTH YORK CTR STATION,PUOPO,4,7,S,YU,6101
4701,2025-03-06,7:10,Thursday,GLENCAIRN STATION,PUOPO,3,7,S,YU,5411
4702,2025-03-06,7:10,Thursday,LAWRENCE WEST STATION,PUOPO,4,8,S,YU,5411
4703,2025-03-06,7:15,Thursday,GREENWOOD STATION,EUSC,3,5,W,BD,5016
4704,2025-03-06,7:26,Thursday,KENNEDY BD STATION,MUTD,5,7,E,BD,5333
4705,2025-03-06,7:26,Thursday,FINCH WEST STATION,SUDP,None,None,N,YU,None
4706,2025-03-06,8:24,Thursday,EGLINTON STATION,MUO,3,6,E,YU,5806
4707,2025-03-06,9:16,Thursday,ST ANDREW STATION,MUIRS,None,None,None,YU,None
4708,2025-03-06,9:29,Thursday,DUFFERIN STATION,PUMEL,None,None,None,BD,None
4709,2025-03-06,9:51,Thursday,CHRISTIE STATION,EUAC,4,8,E,BD,5209
4710,2025-03-06,10:27,Thursday,BLOOR STATION,MUIS,None,None,None,YU,None
4711,2025-03-06,10:33,Thursday,SHEPPARD STATION,PUMST,None,None,None,YU,None
4712,2025-03-06,11:15,Thursday,SHEPPARD STATION,SUDP,None,None,N,YU,5391
4713,2025-03-06,12:14,Thursday,ST CLAIR WEST STATION,SUAP,None,None,S,YU,5471
4714,2025-03-06,12:15,Thursday,KING STATION,SUO,None,None,None,YU,None
4715,2025-03-06,12:22,Thursday,FINCH STATION,MUI,5,10,S,YU,5751
4716,2025-03-06,12:55,Thursday,SHEPPARD WEST STATION,MUNCA,None,None,None,YU,None
4717,2025-03-06,13:02,Thursday,BATHURST STATION,MUIS,None,None,None,BD,None
4718,2025-03-06,13:11,Thursday,SHERBOURNE STATION,SUDP,None,None,W,BD,None
4719,2025-03-06,13:38,Thursday,BLOOR STATION,PUOPO,3,8,N,YU,5556
4720,2025-03-06,14:23,Thursday,ST ANDREW STATION,SUDP,None,None,None,YU,None
4721,2025-03-06,14:25,Thursday,ST PATRICK STATION,SUO,None,None,S,YU,None
4722,2025-03-06,14:47,Thursday,BLOOR STATION,PUMEL,None,None,None,YU,None
4723,2025-03-06,15:33,Thursday,SHERBOURNE STATION,SUDP,None,None,None,BD,None
4724,2025-03-06,15:37,Thursday,KEELE STATION,PUSWZ,3,6,W,BD,5359
4725,2025-03-06,15:51,Thursday,KEELE STATION,MUSC,None,None,W,BD,5021
4726,2025-03-06,15:53,Thursday,COLLEGE STATION,MUPAA,None,None,N,YU,5816
4727,2025-03-06,16:01,Thursday,DAVISVILLE STATION,MUPAA,4,8,N,YU,5931
4728,2025-03-06,16:16,Thursday,KING STATION,MUIRS,None,None,N,YU,5516
4729,2025-03-06,16:41,Thursday,OLD MILL STATION,TUS,4,7,W,BD,5318
4730,2025-03-06,16:48,Thursday,LAWRENCE STATION,SUDP,21,25,N,YU,6056
4731,2025-03-06,17:09,Thursday,DUNDAS WEST STATION,MUIRS,None,None,W,BD,5304
4732,2025-03-06,17:37,Thursday,SHEPPARD WEST STATION,SUDP,4,6,S,YU,5741
4733,2025-03-06,17:44,Thursday,DUFFERIN STATION,MUIRS,None,None,None,BD,None
4734,2025-03-06,17:46,Thursday,YORK MILLS STATION,MUPAA,None,None,N,YU,5406
4735,2025-03-06,18:06,Thursday,ST GEORGE BD STATION,MUDD,5,8,W,BD,5077
4736,2025-03-06,18:07,Thursday,FINCH STATION,MUPAA,None,None,N,YU,5801
4737,2025-03-06,18:30,Thursday,SHEPPARD WEST STATION,MUNCA,None,None,None,YU,None
4738,2025-03-06,18:48,Thursday,VICTORIA PARK STATION,SUO,None,None,None,BD,None
4739,2025-03-06,18:52,Thursday,DAVISVILLE STATION,SUAE,None,None,None,YU,None
4740,2025-03-06,19:16,Thursday,KIPLING STATION,SUO,30,34,W,BD,5334
4741,2025-03-06,19:21,Thursday,WELLESLEY STATION,SUDP,None,None,None,YU,None
4742,2025-03-06,20:06,Thursday,MAIN STREET STATION,MUIRS,None,None,W,BD,5246
4743,2025-03-06,20:16,Thursday,KEELE STATION,MUIS,None,None,None,BD,None
4744,2025-03-06,21:47,Thursday,COLLEGE STATION,MUIR,20,26,N,YU,5906
4745,2025-03-06,21:49,Thursday,KENNEDY BD STATION,MUWR,5,10,E,BD,5155
4746,2025-03-06,21:52,Thursday,WARDEN STATION,SUROB,None,None,None,BD,None
4747,2025-03-06,21:52,Thursday,KENNEDY BD STATION,SUDP,None,None,None,BD,None
4748,2025-03-06,22:00,Thursday,YONGE-UNIVERSITY AND B,MUO,None,None,None,YU/BD,None
4749,2025-03-06,22:04,Thursday,HIGHWAY 407 STATION,MUIS,None,None,None,YU,None
4750,2025-03-06,22:33,Thursday,WARDEN STATION,TUKEY,3,8,W,BD,5159
4751,2025-03-06,22:50,Thursday,WILSON STATION,SUAP,14,19,N,YU,5501
4752,2025-03-06,22:52,Thursday,FINCH STATION,MUIRS,None,None,None,YU,None
4753,2025-03-06,23:00,Thursday,LINE 1 YONGE UNIVERSIT,MUCP,None,None,None,YU,None
4754,2025-03-06,23:02,Thursday,SUMMERHILL STATION,MUIR,18,23,N,YU,6006
4755,2025-03-06,23:22,Thursday,WILSON STATION,MUSAN,5,10,N,YU,5501
4756,2025-03-06,0:17,Thursday,OSGOODE STATION,MUIS,None,None,None,YU,None
4757,2025-03-06,0:58,Thursday,ROSEDALE STATION,SUUT,30,35,S,YU,6096
4758,2025-03-06,1:22,Thursday,DUFFERIN STATION,SUDP,6,11,W,BD,5230
4759,2025-03-06,1:26,Thursday,OSGOODE POCKET,TUO,11,17,N,YU,5461
4760,2025-03-06,1:36,Thursday,SHEPPARD WEST STATION,MUIS,None,None,None,YU,None
4761,2025-03-06,1:48,Thursday,BROADVIEW STATION,MUIS,None,None,None,BD,None
4762,2025-03-06,1:54,Thursday,MAIN STREET STATION,EUPI,5,10,E,BD,5296
4763,2025-03-06,8:25,Thursday,DON MILLS STATION,SUDP,None,None,None,SHP,None
4764,2025-03-07,2:14,Friday,FINCH STATION,PUATC,None,None,N,YU,6066
4765,2025-03-07,3:26,Friday,LANSDOWNE STATION,MUNCA,None,None,None,BD,None
4766,2025-03-07,6:16,Friday,DONLANDS STATION,PUTWZ,6,None,E,BD,5133
4767,2025-03-07,6:19,Friday,DAVISVILLE STATION,PUTO,5,None,N,YU,5626
4768,2025-03-07,6:25,Friday,CASTLE FRANK STATION,EUSC,None,None,W,BD,5188
4769,2025-03-07,6:28,Friday,SHERBOURNE STATION,EUSC,None,None,W,BD,5188
4770,2025-03-07,7:01,Friday,FINCH WEST STATION,SUDP,None,None,None,YU,None
4771,2025-03-07,7:08,Friday,NORTH YORK CTR STATION,PUOPO,3,5,S,YU,5521
4772,2025-03-07,7:14,Friday,ST CLAIR STATION,SUDP,4,6,N,YU,6126
4773,2025-03-07,7:43,Friday,DUNDAS STATION,MUIR,5,7,S,YU,5486
4774,2025-03-07,8:08,Friday,QUEEN STATION,MUIS,None,None,None,YU,None
4775,2025-03-07,9:02,Friday,LAWRENCE STATION,MUI,25,27,S,YU,5861
4776,2025-03-07,9:04,Friday,KIPLING STATION,PUMEL,None,None,W,BD,5269
4777,2025-03-07,9:32,Friday,KENNEDY BD STATION,SUG,4,8,W,BD,5219
4778,2025-03-07,9:35,Friday,QUEEN'S PARK STATION,SUAP,5,9,S,YU,5801
4779,2025-03-07,11:14,Friday,SHEPPARD STATION,MUO,10,15,N,YU,5501
4780,2025-03-07,11:53,Friday,DUFFERIN STATION,PUMO,None,None,None,BD,None
4781,2025-03-07,11:59,Friday,LAWRENCE WEST STATION,MUPR1,5,10,N,YU,5476
4782,2025-03-07,12:08,Friday,DUNDAS WEST STATION,EUDO,6,10,W,BD,5265
4783,2025-03-07,12:38,Friday,ST PATRICK STATION,MUPAA,5,10,N,YU,6101
4784,2025-03-07,12:43,Friday,OSSINGTON STATION,TUSC,None,None,W,BD,5096
4785,2025-03-07,14:02,Friday,UNION STATION,MUO,3,7,N,YU,5806
4786,2025-03-07,14:09,Friday,ST ANDREW STATION,MUPR1,21,26,N,YU,5806
4787,2025-03-07,14:41,Friday,NORTH YORK CTR STATION,MUIRS,None,None,S,YU,5796
4788,2025-03-07,14:52,Friday,KENNEDY BD STATION,MUIRS,None,None,None,BD,None
4789,2025-03-07,14:59,Friday,DUNDAS WEST STATION,SUDP,3,7,W,BD,5105
4790,2025-03-07,15:04,Friday,BROADVIEW STATION,SUAE,None,None,W,BD,5151
4791,2025-03-07,15:49,Friday,KEELE STATION,PUSSW,17,20,E,BD,5123
4792,2025-03-07,15:53,Friday,SPADINA YUS STATION,SUO,None,None,None,YU,None
4793,2025-03-07,15:54,Friday,SPADINA YUS STATION,SUO,4,8,N,YU,6096
4794,2025-03-07,16:09,Friday,QUEEN STATION,SUAP,8,12,N,YU,6041
4795,2025-03-07,16:14,Friday,ST CLAIR WEST STATION,TUO,4,8,N,YU,6011
4796,2025-03-07,16:32,Friday,EGLINTON STATION,MUIR,5,9,N,YU,6043
4797,2025-03-07,16:35,Friday,COLLEGE STATION,MUPAA,7,11,S,YU,5916
4798,2025-03-07,16:51,Friday,COLLEGE STATION,PUMEL,None,None,None,YU,None
4799,2025-03-07,17:20,Friday,BAY STATION,SUDP,5,8,E,BD,5141
4800,2025-03-07,17:20,Friday,QUEEN'S PARK STATION,MUNCA,None,None,None,YU,None
4801,2025-03-07,17:35,Friday,MUSEUM STATION,MUO,21,2,N,YU,5806
4802,2025-03-07,18:07,Friday,BLOOR STATION,SUO,3,7,S,YU,5551
4803,2025-03-07,18:36,Friday,FINCH STATION,EUBO,3,6,S,YU,5871
4804,2025-03-07,18:58,Friday,KENNEDY BD STATION,MUIS,None,None,None,BD,None
4805,2025-03-07,19:26,Friday,KING STATION,SUDP,None,None,N,YU,5991
4806,2025-03-07,19:38,Friday,EGLINTON STATION,MUPAA,None,None,S,YU,5486
4807,2025-03-07,19:43,Friday,NORTH YORK CTR STATION,SUDP,None,None,S,YU,None
4808,2025-03-07,20:46,Friday,PIONEER VILLAGE STATIO,SUDP,3,9,S,YU,5961
4809,2025-03-07,20:51,Friday,HIGH PARK STATION,MUTO,5,10,E,BD,5333
4810,2025-03-07,21:00,Friday,DUNDAS STATION,PUMEL,None,None,None,YU,None
4811,2025-03-07,21:21,Friday,KEELE STATION,MUIR,3,8,W,BD,5313
4812,2025-03-07,21:59,Friday,DUNDAS STATION,SUDP,None,None,N,YU,6041
4813,2025-03-07,22:00,Friday,YONGE-UNIVERSITY AND B,MUO,None,None,None,YU/BD,None
4814,2025-03-07,22:08,Friday,RUNNYMEDE STATION,MUIS,None,None,None,BD,None
4815,2025-03-07,23:00,Friday,LINE 2 BLOOR - DANFORT,MUCP,None,None,None,BD,None
4816,2025-03-07,23:07,Friday,ISLINGTON STATION,SUAP,26,31,E,BD,5339
4817,2025-03-07,23:19,Friday,ISLINGTON STATION,MUSC,None,None,W,BD,5219
4818,2025-03-07,23:24,Friday,SHEPPARD WEST STATION,MUIRS,None,None,None,YU,None
4819,2025-03-07,23:49,Friday,DUNDAS WEST STATION,SUDP,6,11,E,BD,5164
4820,2025-03-07,23:53,Friday,SPADINA BD STATION,MUIRS,None,None,None,BD,None
4821,2025-03-07,0:10,Friday,KIPLING STATION,TUKEY,3,8,E,BD,5123
4822,2025-03-07,0:35,Friday,VMC STATION,MUI,6,12,N,YU,5506
4823,2025-03-07,0:43,Friday,OSSINGTON STATION,MUTO,6,11,E,BD,5209
4824,2025-03-07,1:03,Friday,ISLINGTON STATION,MUSC,None,None,W,BD,5229
4825,2025-03-07,1:41,Friday,DUNDAS STATION,SUDP,None,None,None,YU,None
4826,2025-03-07,2:00,Friday,ROSEDALE STATION,SUDP,5,None,N,SHP,5986
4827,2025-03-07,16:30,Friday,DON MILLS STATION,MUIS,None,None,None,SHP,None
4828,2025-03-08,2:03,Saturday,FINCH STATION,MUIS,None,None,None,YU,None
4829,2025-03-08,2:05,Saturday,WOODBINE STATION,MUIS,None,None,None,BD,None
4830,2025-03-08,2:17,Saturday,VMC STATION,MUIS,None,None,None,YU,None
4831,2025-03-08,2:31,Saturday,KIPLING STATION,MUIRS,None,None,None,BD,None
4832,2025-03-08,3:13,Saturday,SPADINA YUS STATION,PUMO,None,None,None,YU,None
4833,2025-03-08,3:47,Saturday,FINCH STATION,MUNCA,None,None,None,YU,None
4834,2025-03-08,5:10,Saturday,VICTORIA PARK STATION,TUNCA,None,None,None,BD,None
4835,2025-03-08,5:51,Saturday,KIPLING STATION,EUOE,None,None,E,BD,5164
4836,2025-03-08,5:59,Saturday,YORK MILLS STATION,TUO,6,12,S,YU,6081
4837,2025-03-08,6:00,Saturday,YONGE - UNIVERSITY- SP,MUCP,None,None,None,YU,None
4838,2025-03-08,6:30,Saturday,BLOOR DANFORTH SUBWAY,MUCP,None,None,None,BD,None
4839,2025-03-08,6:32,Saturday,DAVISVILLE STATION,SUDP,None,None,S,YU,5696
4840,2025-03-08,7:11,Saturday,KENNEDY BD STATION,MUIS,None,None,None,BD,None
4841,2025-03-08,8:10,Saturday,EGLINTON STATION,SUAP,None,None,None,YU,None
4842,2025-03-08,8:12,Saturday,ROYAL YORK STATION,MUNCA,None,None,None,BD,None
4843,2025-03-08,10:19,Saturday,SPADINA BD STATION,PUMEL,None,None,None,BD,None
4844,2025-03-08,10:55,Saturday,BLOOR STATION,SUDP,None,None,S,YU,None
4845,2025-03-08,10:59,Saturday,ST CLAIR STATION,SUDP,4,10,S,YU,5421
4846,2025-03-08,11:24,Saturday,RUNNYMEDE STATION,MUD,5,10,W,BD,5219
4847,2025-03-08,12:03,Saturday,SHEPPARD WEST STATION,MUPAA,None,None,N,YU,6131
4848,2025-03-08,12:26,Saturday,COXWELL STATION,EUNT,19,24,E,BD,5256
4849,2025-03-08,13:24,Saturday,EGLINTON WEST STATION,SUAP,None,None,S,YU,None
4850,2025-03-08,13:35,Saturday,OLD MILL STATION,MUNCA,None,None,None,BD,None
4851,2025-03-08,13:44,Saturday,KIPLING STATION,SUDP,6,11,E,BD,5209
4852,2025-03-08,13:55,Saturday,KING STATION,MUPAA,None,None,S,YU,5601
4853,2025-03-08,14:07,Saturday,KENNEDY BD STATION,PUTCD,None,None,None,BD,None
4854,2025-03-08,14:16,Saturday,KIPLING STATION,SUDP,5,10,E,BD,5015
4855,2025-03-08,14:26,Saturday,YORK MILLS STATION,SUDP,3,9,N,YU,5791
4856,2025-03-08,14:38,Saturday,BAY STATION,SUUT,16,21,W,BD,5038
4857,2025-03-08,14:41,Saturday,LAWRENCE STATION,MUTO,3,8,N,YU,5491
4858,2025-03-08,14:46,Saturday,YORK MILLS STATION,MUTO,3,8,N,YU,5491
4859,2025-03-08,14:46,Saturday,YORK MILLS STATION,MUO,3,8,N,YU,5491
4860,2025-03-08,14:52,Saturday,KEELE STATION,MUPAA,None,None,W,BD,5016
4861,2025-03-08,15:32,Saturday,KIPLING STATION,MUPAA,5,10,E,BD,5164
4862,2025-03-08,15:36,Saturday,ST GEORGE BD STATION,SUDP,None,None,None,BD,None
4863,2025-03-08,16:10,Saturday,DUNDAS WEST STATION,MUIR,16,21,W,BD,5141
4864,2025-03-08,16:12,Saturday,RUNNYMEDE STATION,MUNCA,None,None,None,BD,None
4865,2025-03-08,16:43,Saturday,OLD MILL STATION,TUOS,3,8,E,BD,5015
4866,2025-03-08,17:25,Saturday,DUNDAS STATION,MUPAA,None,None,N,YU,6086
4867,2025-03-08,18:03,Saturday,OSSINGTON STATION,MUIS,None,None,None,BD,None
4868,2025-03-08,18:10,Saturday,YONGE BD STATION,SUDP,4,9,W,BD,5259
4869,2025-03-08,18:25,Saturday,VMC STATION,MUNCA,None,None,None,YU,None
4870,2025-03-08,18:42,Saturday,YONGE BD STATION,SUDP,4,9,W,BD,5246
4871,2025-03-08,19:07,Saturday,BLOOR STATION,SUDP,3,9,S,YU,5676
4872,2025-03-08,19:08,Saturday,ST CLAIR WEST STATION,SUDP,3,9,N,YU,5641
4873,2025-03-08,19:30,Saturday,FINCH STATION,MUIRS,None,None,None,YU,None
4874,2025-03-08,19:43,Saturday,GREENWOOD STATION,SUO,None,None,W,BD,5318
4875,2025-03-08,20:21,Saturday,BROADVIEW STATION,SUO,None,None,None,BD,None
4876,2025-03-08,21:10,Saturday,BLOOR STATION,SUDP,None,None,S,YU,6081
4877,2025-03-08,21:21,Saturday,BLOOR STATION,MUIS,None,None,N,YU,None
4878,2025-03-08,21:23,Saturday,DUFFERIN STATION,SUDP,6,11,E,BD,5330
4879,2025-03-08,21:37,Saturday,LAWRENCE STATION,SUO,None,None,None,YU,None
4880,2025-03-08,22:00,Saturday,YONGE-UNIVERSITY AND B,MUO,None,None,None,YU/BD,None
4881,2025-03-08,22:07,Saturday,PAPE STATION,MUDD,15,20,E,BD,5164
4882,2025-03-08,22:10,Saturday,MAIN STREET STATION,MUNCA,None,None,None,BD,None
4883,2025-03-08,22:40,Saturday,LAWRENCE STATION,SUDP,None,None,N,YU,5601
4884,2025-03-08,23:23,Saturday,KIPLING STATION,MUIR,5,10,None,BD,5209
4885,2025-03-08,23:38,Saturday,UNION STATION,SUDP,None,None,N,YU,5676
4886,2025-03-08,23:44,Saturday,ST GEORGE BD STATION,TUSC,None,None,W,BD,5141
4887,2025-03-08,23:58,Saturday,ROSEDALE STATION,SUUT,None,None,N,YU,5671
4888,2025-03-08,0:35,Saturday,KING STATION,MUIRS,None,None,None,YU,None
4889,2025-03-08,0:36,Saturday,COLLEGE STATION,SUUT,11,17,N,YU,6086
4890,2025-03-08,1:06,Saturday,ST ANDREW STATION,PUSRA,6,12,S,YU,5426
4891,2025-03-08,1:09,Saturday,UNION STATION,SUAE,None,None,None,YU,None
4892,2025-03-08,1:31,Saturday,BATHURST STATION,MUIS,None,None,None,BD,None
4893,2025-03-08,1:36,Saturday,BATHURST STATION,MUIS,None,None,W,BD,None
4894,2025-03-08,14:41,Saturday,BROADVIEW STATION,MUNCA,None,None,None,SHP,None
4895,2025-03-09,3:20,Sunday,NORTH YORK CTR STATION,SUO,11,17,N,YU,5881
4896,2025-03-09,3:37,Sunday,FINCH STATION,PUATC,None,None,N,YU,5881
4897,2025-03-09,5:48,Sunday,BROADVIEW STATION,SUDP,None,None,None,BD,None
4898,2025-03-09,6:00,Sunday,YONGE-UNIVERSITY AND B,MUO,None,None,None,YU/BD,None
4899,2025-03-09,6:00,Sunday,TORONTO TRANSIT COMMIS,MUO,None,None,None,YU,None
4900,2025-03-09,7:33,Sunday,EGLINTON WEST STATION,MUNCA,None,None,None,YU,None
4901,2025-03-09,8:00,Sunday,BLOOR DANFORTH SUBWAY,MUCP,None,None,None,BD,None
4902,2025-03-09,8:00,Sunday,MUSEUM - OSGOODE,MUCP,None,None,None,YU,None
4903,2025-03-09,8:09,Sunday,WOODBINE STATION,MUO,16,21,W,BD,5075
4904,2025-03-09,8:28,Sunday,WILSON T & S,MUO,None,None,None,YU,None
4905,2025-03-09,9:55,Sunday,KIPLING STATION,MUTO,3,8,E,BD,5332
4906,2025-03-09,10:26,Sunday,WELLESLEY STATION,SUDP,None,None,S,YU,None
4907,2025-03-09,10:32,Sunday,ST GEORGE YUS STATION,MUIS,None,None,N,YU,None
4908,2025-03-09,10:38,Sunday,FINCH STATION,SUO,None,None,None,YU,None
4909,2025-03-09,11:19,Sunday,BROADVIEW STATION,MUSC,None,None,E,BD,5356
4910,2025-03-09,11:27,Sunday,UNION STATION,SUDP,6,10,S,YU,5421
4911,2025-03-09,11:59,Sunday,MAIN STREET STATION,SUO,None,None,None,BD,None
4912,2025-03-09,12:51,Sunday,MAIN STREET STATION,SUO,None,None,None,BD,None
4913,2025-03-09,13:10,Sunday,SPADINA BD STATION,SUO,None,None,E,BD,5106
4914,2025-03-09,13:14,Sunday,SPADINA YUS STATION,SUO,None,None,N,YU,6096
4915,2025-03-09,13:52,Sunday,ISLINGTON STATION,SUDP,None,None,None,BD,None
4916,2025-03-09,14:10,Sunday,SUMMERHILL STATION,MUIRS,None,None,None,YU,None
4917,2025-03-09,14:23,Sunday,ST CLAIR STATION,SUDP,4,10,S,YU,5571
4918,2025-03-09,14:39,Sunday,SHEPPARD WEST STATION,SUAP,None,None,N,YU,5776
4919,2025-03-09,15:38,Sunday,PAPE STATION,SUDP,None,None,None,YU,None
4920,2025-03-09,16:02,Sunday,ST CLAIR STATION,SUDP,None,None,S,YU,5676
4921,2025-03-09,16:59,Sunday,HIGHWAY 407 STATION,MUPAA,None,None,N,YU,5386
4922,2025-03-09,17:17,Sunday,YORK MILLS STATION,MUIS,None,None,None,YU,None
4923,2025-03-09,19:47,Sunday,HIGH PARK STATION,SUDP,None,None,None,BD,None
4924,2025-03-09,20:30,Sunday,HIGHWAY 407 STATION,MUNCA,None,None,None,YU,None
4925,2025-03-09,21:05,Sunday,PAPE STATION,SUAP,20,25,E,BD,5033
4926,2025-03-09,21:27,Sunday,KEELE STATION,MUSC,None,None,W,BD,5118
4927,2025-03-09,21:33,Sunday,PAPE STATION,SUO,None,None,E,BD,5225
4928,2025-03-09,21:52,Sunday,DUNDAS STATION,SUDP,None,None,None,YU,None
4929,2025-03-09,22:14,Sunday,ST ANDREW STATION,MUIS,None,None,None,YU,None
4930,2025-03-09,22:20,Sunday,SPADINA BD STATION,PUMO,None,None,None,BD,None
4931,2025-03-09,22:50,Sunday,MAIN STREET STATION,MUIRS,None,None,None,BD,None
4932,2025-03-09,23:56,Sunday,FINCH WEST STATION,PUOPO,5,11,N,YU,5996
4933,2025-03-09,1:42,Sunday,DAVISVILLE STATION,MUPAA,3,8,N,YU,5721
4934,2025-03-09,1:52,Sunday,SPADINA BD STATION,TUO,8,None,E,BD,5015
4935,2025-03-09,1:53,Sunday,BLOOR STATION,SUDP,None,None,N,YU,5881
4936,2025-03-09,6:00,Sunday,TORONTO TRANSIT COMMIS,MUO,None,None,None,SHP,None
4937,2025-03-09,15:21,Sunday,BAYVIEW STATION,SUAP,None,None,E,SHP,6141
4938,2025-03-10,5:35,Monday,BROADVIEW STATION,MUNCA,None,None,None,BD,None
4939,2025-03-10,5:50,Monday,DUPONT STATION,MUNCA,None,None,None,YU,None
4940,2025-03-10,6:00,Monday,KEELE STATION,PUTR,6,11,E,BD,5106
4941,2025-03-10,6:01,Monday,UNION STATION,PUTO,6,None,S,YU,5496
4942,2025-03-10,6:26,Monday,MAIN STREET STATION,SUAE,14,17,W,BD,5322
4943,2025-03-10,6:33,Monday,WARDEN STATION,SUAE,None,None,W,BD,5309
4944,2025-03-10,7:01,Monday,UNION STATION,SUO,None,None,None,YU,None
4945,2025-03-10,7:15,Monday,DUNDAS WEST STATION,MUSC,None,None,E,BD,5120
4946,2025-03-10,7:44,Monday,LAWRENCE STATION,PUOPO,4,7,N,YU,5646
4947,2025-03-10,7:45,Monday,KENNEDY BD STATION,EUSC,None,None,E,BD,5139
4948,2025-03-10,7:49,Monday,KENNEDY BD STATION,EUSC,5,7,E,BD,5139
4949,2025-03-10,8:46,Monday,DUNDAS WEST STATION,MUSC,6,8,E,BD,5276
4950,2025-03-10,8:53,Monday,KENNEDY BD STATION,EUSC,None,None,W,BD,5141
4951,2025-03-10,9:12,Monday,CHRISTIE STATION,MUIR,None,None,E,BD,5139
4952,2025-03-10,9:48,Monday,KEELE STATION,PUTR,11,13,E,BD,5075
4953,2025-03-10,9:53,Monday,VICTORIA PARK STATION,MUO,18,22,E,BD,5304
4954,2025-03-10,10:30,Monday,VICTORIA PARK STATION,MUIE,None,None,None,BD,None
4955,2025-03-10,10:48,Monday,UNION STATION,SUAP,None,None,S,YU,5726
4956,2025-03-10,10:49,Monday,DUNDAS WEST STATION,TUSC,None,None,W,BD,5246
4957,2025-03-10,11:15,Monday,EGLINTON WEST STATION,MUIS,None,None,None,YU,None
4958,2025-03-10,11:52,Monday,COXWELL STATION,MUSC,None,None,W,BD,5229
4959,2025-03-10,13:02,Monday,UNION STATION,SUO,3,8,N,YU,5771
4960,2025-03-10,13:18,Monday,JANE STATION,SUDP,9,13,W,BD,5189
4961,2025-03-10,14:21,Monday,ST PATRICK STATION,SUO,None,None,None,YU,None
4962,2025-03-10,14:50,Monday,DUNDAS STATION,MUIR,16,20,N,YU,6021
4963,2025-03-10,15:03,Monday,LAWRENCE STATION,MUNCA,None,None,None,YU,None
4964,2025-03-10,15:13,Monday,KIPLING STATION,TUSC,5,9,E,BD,5139
4965,2025-03-10,15:26,Monday,CHESTER STATION,MUSC,None,None,W,BD,5144
4966,2025-03-10,15:38,Monday,BROADVIEW STATION,MUNCA,None,None,None,BD,None
4967,2025-03-10,15:54,Monday,DONLANDS STATION,EUYRD,3,6,W,BD,5116
4968,2025-03-10,16:00,Monday,JANE STATION,MUPAA,None,None,E,BD,5100
4969,2025-03-10,16:16,Monday,GLENCAIRN STATION,SUO,None,None,S,YU,None
4970,2025-03-10,16:25,Monday,SHEPPARD WEST STATION,MUPAA,None,None,N,YU,5486
4971,2025-03-10,16:45,Monday,YORK MILLS STATION,PUMEL,None,None,None,YU,None
4972,2025-03-10,17:07,Monday,WILSON STATION,MUIRS,None,None,None,YU,None
4973,2025-03-10,17:12,Monday,BLOOR STATION,PUMST,None,None,None,YU,None
4974,2025-03-10,17:19,Monday,SHERBOURNE STATION,TUSC,None,None,W,BD,5144
4975,2025-03-10,17:42,Monday,ISLINGTON STATION,TUMVS,5,8,W,BD,5339
4976,2025-03-10,18:11,Monday,RUNNYMEDE STATION,MUIRS,None,None,None,BD,None
4977,2025-03-10,18:30,Monday,VICTORIA PARK STATION,MUIR,3,6,E,BD,5371
4978,2025-03-10,19:40,Monday,BATHURST STATION,MUSC,4,8,E,BD,5123
4979,2025-03-10,19:46,Monday,YORKDALE STATION,MUPAA,4,8,S,YU,5411
4980,2025-03-10,19:51,Monday,BATHURST STATION,TUSC,None,None,E,BD,5123
4981,2025-03-10,21:02,Monday,DUPONT STATION,MUI,11,15,S,YU,5466
4982,2025-03-10,21:06,Monday,KEELE STATION,MUIRS,None,None,W,BD,5339
4983,2025-03-10,21:21,Monday,DUNDAS STATION,MUIS,None,None,S,YU,None
4984,2025-03-10,21:30,Monday,ST. ANDREW STATION,MUNCA,None,None,None,YU,None
4985,2025-03-10,22:00,Monday,YONGE-UNIVERSITY AND B,MUO,None,None,None,YU/BD,None
4986,2025-03-10,22:19,Monday,WELLESLEY STATION,MUPAA,3,9,N,YU,5561
4987,2025-03-10,22:21,Monday,DAVISVILLE STATION,MUIR,7,13,S,YU,5461
4988,2025-03-10,22:30,Monday,COLLEGE STATION,SUUT,None,None,None,YU,None
4989,2025-03-10,22:37,Monday,ROSEDALE STATION,MUIS,None,None,None,YU,None
4990,2025-03-10,22:41,Monday,FINCH STATION,MUSAN,3,9,S,YU,5896
4991,2025-03-10,22:44,Monday,OSSINGTON STATION,SUAP,None,None,None,BD,None
4992,2025-03-10,22:51,Monday,KIPLING STATION,MUIRS,None,None,None,BD,None
4993,2025-03-10,23:00,Monday,LINE 1 YONGE UNIVERSIT,MUCP,None,None,None,YU,None
4994,2025-03-10,23:16,Monday,KENNEDY BD STATION,MUIS,None,None,None,BD,None
4995,2025-03-10,23:50,Monday,VMC STATION,MUIS,None,None,None,YU,None
4996,2025-03-10,0:42,Monday,SHERBOURNE STATION,MUIS,None,None,None,BD,None
4997,2025-03-10,1:03,Monday,YONGE BD STATION,SUAP,9,14,E,BD,5105
4998,2025-03-10,1:03,Monday,BLOOR STATION,SUAP,12,18,N,YU,5891
4999,2025-03-10,5:37,Monday,LESLIE STATION,MUNCA,None,None,None,SHP,None
5000,2025-03-10,13:20,Monday,BESSARION STATION,MUNCA,None,None,None,SHP,None
5001,2025-03-11,2:13,Tuesday,VMC STATION,MUIS,None,None,None,YU,None
5002,2025-03-11,2:30,Tuesday,KENNEDY BD STATION,MUIS,None,None,None,BD,None
5003,2025-03-11,5:42,Tuesday,WELLESLEY STATION,MUIS,None,None,None,YU,None
5004,2025-03-11,5:56,Tuesday,KIPLING STATION,TUSC,None,None,E,BD,5139
5005,2025-03-11,6:01,Tuesday,UNION STATION,PUTR,6,None,N,YU,5601
5006,2025-03-11,6:09,Tuesday,LAWRENCE STATION,EUME,4,8,S,YU,5846
5007,2025-03-11,6:12,Tuesday,GREENWOOD STATION,TUCC,6,8,E,BD,5152
5008,2025-03-11,6:34,Tuesday,MUSEUM STATION,EUDO,9,13,N,YU,5516
5009,2025-03-11,6:38,Tuesday,UNION STATION,EUME,4,8,N,YU,5846
5010,2025-03-11,6:44,Tuesday,KIPLING STATION,MUTO,3,5,E,BD,5370
5011,2025-03-11,7:19,Tuesday,YONGE BD STATION,SUDP,None,None,W,BD,5220
5012,2025-03-11,7:31,Tuesday,QUEEN'S PARK STATION,MUNCA,None,None,None,YU,None
5013,2025-03-11,7:52,Tuesday,WILSON STATION,MUI,4,6,N,YU,6001
5014,2025-03-11,8:13,Tuesday,WELLESLEY STATION,MUIS,None,None,None,YU,None
5015,2025-03-11,8:16,Tuesday,KIPLING STATION,TUSC,None,None,W,BD,5133
5016,2025-03-11,8:24,Tuesday,KIPLING STATION,TUSC,None,None,W,BD,5318
5017,2025-03-11,8:42,Tuesday,WILSON STATION,MUI,None,None,S,YU,6006
5018,2025-03-11,8:47,Tuesday,VMC STATION,SUDP,3,5,S,YU,6006
5019,2025-03-11,9:17,Tuesday,ISLINGTON STATION,MUNCA,None,None,None,BD,None
5020,2025-03-11,9:17,Tuesday,ST PATRICK STATION,MUPAA,None,None,N,BD,5851
5021,2025-03-11,9:25,Tuesday,OSSINGTON STATION,TUSC,None,None,W,BD,5064
5022,2025-03-11,9:59,Tuesday,DAVISVILLE STATION,PUOPO,4,9,N,YU,5971
5023,2025-03-11,10:05,Tuesday,DAVISVILLE STATION,PUOPO,9,14,N,YU,5641
5024,2025-03-11,10:10,Tuesday,KEELE STATION,PUTR,3,7,E,BD,5176
5025,2025-03-11,10:13,Tuesday,DAVISVILLE STATION,SUDP,7,12,S,YU,6071
5026,2025-03-11,10:18,Tuesday,KEELE STATION,PUTR,3,7,E,BD,5172
5027,2025-03-11,10:38,Tuesday,ST ANDREW STATION,SUDP,None,None,None,YU,None
5028,2025-03-11,11:19,Tuesday,GREENWOOD YARD,PUTO,None,None,None,BD,None
5029,2025-03-11,11:21,Tuesday,DUPONT STATION,TUATC,None,None,N,YU,5996
5030,2025-03-11,11:49,Tuesday,DUFFERIN STATION,MUIS,None,None,E,BD,None
5031,2025-03-11,12:36,Tuesday,ROSEDALE STATION,SUUT,None,None,S,YU,6051
5032,2025-03-11,13:02,Tuesday,WOODBINE STATION,MUSC,4,8,W,BD,5250
5033,2025-03-11,13:45,Tuesday,HIGHWAY 407 STATION,EUDO,7,12,S,YU,5496
5034,2025-03-11,13:48,Tuesday,DAVISVILLE STATION,SUDP,3,8,N,YU,5892
5035,2025-03-11,14:01,Tuesday,VMC STATION,MUSAN,4,8,S,YU,5414
5036,2025-03-11,14:22,Tuesday,YONGE BD STATION,SUUT,10,14,E,BD,5248
5037,2025-03-11,14:40,Tuesday,ST ANDREW STATION,PUMST,None,None,None,YU,None
5038,2025-03-11,15:20,Tuesday,COXWELL STATION,MUIR,16,20,E,BD,5246
5039,2025-03-11,15:29,Tuesday,FINCH STATION,MUSAN,3,6,N,YU,5916
5040,2025-03-11,15:32,Tuesday,WELLESLEY STATION,SUDP,3,7,N,YU,5856
5041,2025-03-11,16:14,Tuesday,QUEEN STATION,MUIRS,None,None,None,YU,None
5042,2025-03-11,16:20,Tuesday,KENNEDY BD STATION,TUSC,None,None,W,BD,5060
5043,2025-03-11,16:33,Tuesday,EGLINTON STATION,SUDP,3,7,N,YU,5816
5044,2025-03-11,16:41,Tuesday,DUPONT STATION,MUPAA,3,7,N,YU,5736
5045,2025-03-11,16:47,Tuesday,ST PATRICK STATION,MUPAA,9,13,N,YU,6001
5046,2025-03-11,17:06,Tuesday,MAIN STREET STATION,MUPLB,4,7,W,BD,5169
5047,2025-03-11,17:19,Tuesday,DUNDAS STATION,MUIS,None,None,S,YU,None
5048,2025-03-11,17:51,Tuesday,EGLINTON STATION,SUAP,None,None,None,YU,None
5049,2025-03-11,17:59,Tuesday,KING STATION,TUNCA,None,None,None,YU,None
5050,2025-03-11,18:13,Tuesday,ISLINGTON STATION,TUSC,None,None,W,BD,5304
5051,2025-03-11,19:11,Tuesday,DUNDAS STATION,MUO,None,None,None,YU,None
5052,2025-03-11,19:30,Tuesday,YORK MILLS STATION,SUAP,None,None,N,YU,5481
5053,2025-03-11,19:34,Tuesday,YORK MILLS STATION,SUAE,None,None,None,YU,None
5054,2025-03-11,19:53,Tuesday,KENNEDY BD STATION,MUIR,4,8,W,BD,5222
5055,2025-03-11,20:09,Tuesday,WELLESLEY STATION,SUAP,None,None,None,YU,None
5056,2025-03-11,20:22,Tuesday,DAVISVILLE STATION,MUPAA,None,None,N,YU,5966
5057,2025-03-11,21:08,Tuesday,WOODBINE STATION,MUIRS,None,None,None,BD,None
5058,2025-03-11,21:20,Tuesday,WOODBINE STATION,SUO,None,None,E,BD,5095
5059,2025-03-11,22:00,Tuesday,YONGE-UNIVERSITY AND B,MUO,None,None,None,YU/BD,None
5060,2025-03-11,22:14,Tuesday,KIPLING STATION,MUSAN,None,None,W,BD,5137
5061,2025-03-11,22:27,Tuesday,RUNNYMEDE STATION,SUDP,None,None,W,BD,5073
5062,2025-03-11,23:00,Tuesday,LINE 1 YONGE UNIVERSIT,MUCP,None,None,None,YU,None
5063,2025-03-11,0:43,Tuesday,YONGE BD STATION,TUO,17,22,E,BD,5070
5064,2025-03-11,0:46,Tuesday,KIPLING STATION,PUMO,None,None,None,BD,None
5065,2025-03-11,0:52,Tuesday,CHESTER STATION,MUPAA,9,15,W,BD,5364
5066,2025-03-11,1:46,Tuesday,WOODBINE STATION,SUO,None,None,None,BD,None
5067,2025-03-11,1:52,Tuesday,KIPLING STATION,MUIS,None,None,None,BD,None
5068,2025-03-11,1:52,Tuesday,DUNDAS STATION,SUDP,None,None,None,YU,None
5069,2025-03-12,2:29,Wednesday,PAPE STATION,SUDP,None,None,E,BD,None
5070,2025-03-12,2:38,Wednesday,WILSON STATION,SUO,None,None,None,YU,None
5071,2025-03-12,5:38,Wednesday,EGLINTON STATION,PUTWZ,6,None,N,YU,5526
5072,2025-03-12,5:59,Wednesday,KING STATION,PUTR,9,None,S,YU,5094
5073,2025-03-12,6:12,Wednesday,YONGE UNIVERSITY AND B,PUSRA,None,None,None,YU,None
5074,2025-03-12,7:29,Wednesday,BLOOR STATION,MUPAA,None,None,N,YU,5401
5075,2025-03-12,7:29,Wednesday,BLOOR STATION,MUNCA,None,None,None,YU,None
5076,2025-03-12,7:42,Wednesday,GREENWOOD STATION,MUO,4,6,W,BD,5064
5077,2025-03-12,8:00,Wednesday,KENNEDY BD STATION,EUBO,3,6,W,BD,5152
5078,2025-03-12,8:10,Wednesday,KENNEDY BD STATION,MUSC,None,None,W,BD,5060
5079,2025-03-12,8:18,Wednesday,MUSEUM STATION,MUIS,None,None,S,YU,5381
5080,2025-03-12,8:26,Wednesday,DAVISVILLE STATION,EUATC,5,8,N,YU,5526
5081,2025-03-12,9:44,Wednesday,ST ANDREW STATION,SUDP,3,6,N,YU,5886
5082,2025-03-12,9:46,Wednesday,SPADINA BD STATION,MUSC,None,None,E,BD,5078
5083,2025-03-12,10:05,Wednesday,KEELE STATION,MUSC,None,None,W,BD,5150
5084,2025-03-12,10:22,Wednesday,CHESTER STATION,TUSC,3,7,E,BD,5135
5085,2025-03-12,10:26,Wednesday,CHESTER STATION,TUSC,None,None,E,BD,5135
5086,2025-03-12,10:45,Wednesday,LANSDOWNE STATION,EUSC,None,None,E,BD,5122
5087,2025-03-12,11:05,Wednesday,KENNEDY BD STATION,SUROB,None,None,None,BD,None
5088,2025-03-12,11:40,Wednesday,KIPLING STATION,EUSC,None,None,E,BD,5110
5089,2025-03-12,12:02,Wednesday,WELLESLEY STATION,SUDP,None,None,S,YU,5396
5090,2025-03-12,12:09,Wednesday,BLOOR STATION,SUDP,None,None,S,YU,5796
5091,2025-03-12,12:11,Wednesday,FINCH STATION,SUDP,None,None,None,YU,None
5092,2025-03-12,13:36,Wednesday,COXWELL STATION,MUIS,None,None,None,BD,None
5093,2025-03-12,14:09,Wednesday,DUFFERIN STATION,SUDP,None,None,W,BD,None
5094,2025-03-12,14:22,Wednesday,DUNDAS WEST STATION,EULT,4,8,W,BD,5292
5095,2025-03-12,15:05,Wednesday,NORTH YORK CTR STATION,PUMO,None,None,None,YU,None
5096,2025-03-12,15:13,Wednesday,PAPE STATION,MUO,None,None,E,BD,5094
5097,2025-03-12,16:28,Wednesday,LANSDOWNE STATION,EUSC,3,6,E,BD,5122
5098,2025-03-12,16:35,Wednesday,GREENWOOD YARD,PUTO,None,None,None,BD,None
5099,2025-03-12,16:46,Wednesday,SHEPPARD STATION,SUUT,8,11,N,YU,5771
5100,2025-03-12,17:01,Wednesday,WILSON STATION,TUNIP,3,6,S,YU,5421
5101,2025-03-12,17:44,Wednesday,UNION STATION,MUSAN,7,10,N,YU,6086
5102,2025-03-12,17:48,Wednesday,DAVISVILLE STATION,PUSRA,3,5,S,YU,5866
5103,2025-03-12,17:54,Wednesday,SHEPPARD WEST STATION,SUO,None,None,N,YU,5911
5104,2025-03-12,18:34,Wednesday,OLD MILL STATION,MUSC,None,None,E,BD,5078
5105,2025-03-12,18:37,Wednesday,WELLESLEY STATION,PUOPO,5,7,S,YU,6016
5106,2025-03-12,18:56,Wednesday,KENNEDY BD STATION,TUSC,6,9,E,BD,5369
5107,2025-03-12,19:08,Wednesday,QUEEN'S PARK STATION,PUMEL,None,None,None,YU,None
5108,2025-03-12,19:20,Wednesday,YONGE BD STATION,MUIS,None,None,W,BD,None
5109,2025-03-12,19:38,Wednesday,WOODBINE STATION,MUIS,None,None,None,BD,None
5110,2025-03-12,19:57,Wednesday,UNION STATION,SUO,None,None,S,YU,5481
5111,2025-03-12,20:05,Wednesday,HIGHWAY 407 STATION,SUO,None,None,S,YU,None
5112,2025-03-12,20:16,Wednesday,UNION STATION,SUO,None,None,N,YU,5921
5113,2025-03-12,20:25,Wednesday,KENNEDY BD STATION,SUO,None,None,None,BD,None
5114,2025-03-12,20:33,Wednesday,KIPLING STATION,MUIS,5,10,E,BD,5100
5115,2025-03-12,21:30,Wednesday,BAY STATION,MUIE,5,10,W,BD,5145
5116,2025-03-12,21:36,Wednesday,ISLINGTON STATION,SUAP,None,None,None,BD,None
5117,2025-03-12,21:56,Wednesday,ST ANDREW STATION,PUMO,None,None,N,YU,5426
5118,2025-03-12,21:59,Wednesday,ST ANDREW STATION,MUIR,3,9,N,YU,5506
5119,2025-03-12,22:00,Wednesday,LINE 1 YONGE UNIVERSIT,MUO,None,None,None,YU/BD,None
5120,2025-03-12,22:04,Wednesday,WOODBINE STATION,MUIS,None,None,None,BD,None
5121,2025-03-12,22:36,Wednesday,KENNEDY BD STATION,EUDO,5,10,W,BD,5034
5122,2025-03-12,22:50,Wednesday,GREENWOOD STATION,MUNCA,None,None,None,BD,None
5123,2025-03-12,23:00,Wednesday,LINE 1 YONGE UNIVERSIT,MUCP,None,None,None,YU,None
5124,2025-03-12,23:05,Wednesday,FINCH STATION,MUIS,None,None,None,YU,None
5125,2025-03-12,23:44,Wednesday,SHEPPARD WEST STATION,SUAP,9,14,N,YU,5471
5126,2025-03-12,23:47,Wednesday,SHERBOURNE STATION,MUIS,None,None,None,BD,None
5127,2025-03-12,0:24,Wednesday,DUNDAS STATION,SUDP,None,None,None,YU,None
5128,2025-03-12,1:05,Wednesday,MAIN STREET STATION,MUPAA,None,None,E,BD,5110
5129,2025-03-12,1:11,Wednesday,VICTORIA PARK STATION,SUO,None,None,W,BD,5075
5130,2025-03-12,1:15,Wednesday,COLLEGE STATION,MUPAA,5,11,N,YU,5921
5131,2025-03-12,12:31,Wednesday,DON MILLS STATION,PUMEL,None,None,None,SHP,None
5132,2025-03-13,2:04,Thursday,MAIN STREET STATION,SUO,6,11,E,BD,5260
5133,2025-03-13,2:07,Thursday,VMC STATION,SUDP,None,None,S,YU,5000
5134,2025-03-13,2:22,Thursday,GLENCAIRN STATION,SUDP,None,None,None,YU,None
5135,2025-03-13,3:10,Thursday,CASTLE FRANK STATION,SUUT,None,None,None,BD,None
5136,2025-03-13,4:29,Thursday,ST CLAIR WEST STATION,MUO,None,None,None,YU,None
5137,2025-03-13,4:54,Thursday,KENNEDY BD STATION,SUDP,None,None,None,BD,None
5138,2025-03-13,5:38,Thursday,YORK MILLS STATION,PUTWZ,6,None,N,YU,5466
5139,2025-03-13,5:40,Thursday,CHRISTIE STATION,MUNCA,None,None,None,BD,None
5140,2025-03-13,5:44,Thursday,EGLINTON STATION,PUTWZ,20,None,S,YU,5871
5141,2025-03-13,5:48,Thursday,ST GEORGE BD STATION,EUSC,None,None,W,BD,5199
5142,2025-03-13,5:54,Thursday,KIPLING STATION,MUSC,None,None,E,BD,5110
5143,2025-03-13,5:57,Thursday,KENNEDY BD STATION,EUDO,5,10,E,BD,5231
5144,2025-03-13,6:06,Thursday,OLD MILL STATION,EUSC,None,None,W,BD,None
5145,2025-03-13,6:13,Thursday,GREENWOOD STATION,EUNEA,3,6,E,BD,5248
5146,2025-03-13,6:21,Thursday,GREENWOOD STATION,EUSC,None,None,E,BD,5248
5147,2025-03-13,6:50,Thursday,DUFFERIN STATION,SUUT,None,None,E,BD,5369
5148,2025-03-13,7:04,Thursday,KIPLING STATION,PUMST,None,None,None,BD,None
5149,2025-03-13,7:19,Thursday,ST CLAIR WEST STATION,PUMEL,None,None,S,YU,None
5150,2025-03-13,7:39,Thursday,CASTLE FRANK STATION,EUSC,None,None,W,BD,5139
5151,2025-03-13,7:58,Thursday,KEELE STATION,MUSC,None,None,W,BD,5139
5152,2025-03-13,8:03,Thursday,KENNEDY BD STATION,PUSSW,37,39,E,BD,5163
5153,2025-03-13,8:53,Thursday,OSSINGTON STATION,SUDP,None,None,E,BD,5296
5154,2025-03-13,9:25,Thursday,LAWRENCE STATION,MUIE,None,None,None,YU,None
5155,2025-03-13,9:32,Thursday,FINCH STATION,MUIS,None,None,None,YU,None
5156,2025-03-13,9:42,Thursday,KENNEDY BD STATION,PUSSW,4,8,E,BD,5093
5157,2025-03-13,9:50,Thursday,KEELE STATION,MUSC,None,None,W,BD,5139
5158,2025-03-13,10:13,Thursday,GREENWOOD STATION,TUSC,None,None,W,BD,5364
5159,2025-03-13,10:27,Thursday,DUNDAS STATION,SUO,None,None,N,YU,5761
5160,2025-03-13,11:46,Thursday,SHERBOURNE STATION,MUIS,None,None,None,BD,None
5161,2025-03-13,11:58,Thursday,KEELE STATION,MUSC,None,None,W,BD,5139
5162,2025-03-13,13:08,Thursday,CASTLE FRANK STATION,MUDD,10,14,W,BD,5189
5163,2025-03-13,13:53,Thursday,YONGE BD STATION,MUIR,3,7,W,BD,5139
5164,2025-03-13,14:59,Thursday,DUNDAS STATION,SUO,None,None,N,YU,5586
5165,2025-03-13,15:44,Thursday,KEELE STATION,PUTR,4,8,E,BD,5163
5166,2025-03-13,16:02,Thursday,ROSEDALE STATION,MUIRS,None,None,None,YU,None
5167,2025-03-13,17:42,Thursday,KEELE STATION,EUSC,None,None,W,BD,5139
5168,2025-03-13,17:50,Thursday,WELLESLEY STATION,PUMEL,None,None,None,YU,None
5169,2025-03-13,17:53,Thursday,WELLESLEY STATION,SUDP,None,None,None,YU,None
5170,2025-03-13,17:55,Thursday,SHERBOURNE STATION,MUIR,15,18,E,BD,5060
5171,2025-03-13,18:02,Thursday,UNION STATION,MUPAA,3,6,N,YU,5966
5172,2025-03-13,18:19,Thursday,ST CLAIR STATION,SUO,3,6,N,YU,6103
5173,2025-03-13,18:43,Thursday,KEELE STATION,SUO,None,None,W,BD,5095
5174,2025-03-13,18:59,Thursday,YORK MILLS STATION,PUOPO,11,14,N,YU,5481
5175,2025-03-13,19:29,Thursday,OSSINGTON STATION,SUAP,None,None,W,BD,5089
5176,2025-03-13,19:52,Thursday,VICTORIA PARK STATION,SUO,None,None,None,BD,None
5177,2025-03-13,19:56,Thursday,KIPLING STATION,MUSAN,4,8,E,BD,5369
5178,2025-03-13,19:58,Thursday,LAWRENCE STATION,SUDP,7,11,S,YU,5601
5179,2025-03-13,20:40,Thursday,ST CLAIR WEST STATION,MUIR,5,11,S,YU,6101
5180,2025-03-13,20:53,Thursday,ST PATRICK STATION,MUIS,None,None,None,YU,None
5181,2025-03-13,20:55,Thursday,MAIN STREET STATION,EUSC,None,None,W,BD,5139
5182,2025-03-13,21:11,Thursday,YONGE BD STATION,SUDP,None,None,E,BD,5077
5183,2025-03-13,22:00,Thursday,YONGE-UNIVERSITY AND B,MUO,None,None,None,YU/BD,None
5184,2025-03-13,22:12,Thursday,WARDEN STATION,TUO,5,10,W,BD,5271
5185,2025-03-13,22:28,Thursday,OSSINGTON STATION,TUSC,None,None,E,BD,5339
5186,2025-03-13,22:43,Thursday,JANE STATION,PUMO,None,None,E,BD,5347
5187,2025-03-13,22:50,Thursday,MAIN STREET STATION,EUSC,3,8,W,BD,5139
5188,2025-03-13,23:00,Thursday,YONGE UNIVERSITY - SPA,MUCP,None,None,None,YU,None
5189,2025-03-13,23:03,Thursday,QUEEN STATION,SUDP,None,None,None,YU,None
5190,2025-03-13,23:05,Thursday,ST CLAIR STATION,MUPAA,None,None,S,YU,5796
5191,2025-03-13,23:10,Thursday,FINCH STATION,PUMEL,None,None,None,YU,None
5192,2025-03-13,23:19,Thursday,KEELE STATION,MUSC,None,None,W,BD,5139
5193,2025-03-13,23:48,Thursday,KING STATION,MUIS,None,None,None,YU,None
5194,2025-03-13,23:58,Thursday,QUEEN STATION,PUOPO,9,15,S,YU,6021
5195,2025-03-13,0:02,Thursday,ST CLAIR STATION,MUIS,None,None,None,YU,None
5196,2025-03-13,1:32,Thursday,KENNEDY BD STATION,SUO,None,None,None,BD,None
5197,2025-03-13,1:39,Thursday,KENNEDY BD STATION,MUIS,None,None,W,BD,5367
5198,2025-03-13,1:40,Thursday,SHEPPARD WEST STATION,SUO,None,None,S,YU,6076
5199,2025-03-13,1:50,Thursday,DUNDAS WEST STATION,MUIS,None,None,W,BD,None
5200,2025-03-13,1:55,Thursday,ST GEORGE YUS STATION,PUTWZ,8,14,N,YU,5536
5201,2025-03-13,16:30,Thursday,DON MILLS STATION,SUO,None,None,None,SHP,None
5202,2025-03-14,2:02,Friday,KENNEDY BD STATION,TUSC,None,None,E,BD,5169
5203,2025-03-14,2:03,Friday,BATHURST STATION,MUIS,None,None,E,BD,None
5204,2025-03-14,2:13,Friday,KENNEDY BD STATION,MUIS,None,None,W,BD,None
5205,2025-03-14,5:43,Friday,WARDEN STATION,EUSC,4,None,W,BD,5139
5206,2025-03-14,5:48,Friday,VICTORIA PARK STATION,EUSC,None,None,W,BD,5139
5207,2025-03-14,5:52,Friday,FINCH STATION,EUO,5,10,S,YU,6131
5208,2025-03-14,6:37,Friday,BROADVIEW STATION,EUNT,16,18,W,BD,5235
5209,2025-03-14,6:43,Friday,VICTORIA PARK STATION,EUVA,3,6,W,BD,5288
5210,2025-03-14,7:01,Friday,YONGE BD STATION,MUIRS,None,None,None,BD,None
5211,2025-03-14,7:16,Friday,ST GEORGE BD STATION,TUMVS,3,5,W,BD,5145
5212,2025-03-14,7:45,Friday,NORTH YORK CTR STATION,SUAP,None,None,S,YU,5791
5213,2025-03-14,8:00,Friday,BROADVIEW STATION,TUO,None,None,W,BD,5057
5214,2025-03-14,8:25,Friday,DUFFERIN STATION,SUAP,3,5,W,BD,5318
5215,2025-03-14,8:39,Friday,ISLINGTON STATION,TUSC,None,None,E,BD,5308
5216,2025-03-14,10:58,Friday,KIPLING STATION,TUSC,None,None,W,BD,5115
5217,2025-03-14,11:32,Friday,DONLANDS STATION,SUDP,3,7,W,BD,5230
5218,2025-03-14,12:30,Friday,WILSON STATION,MUIRS,None,None,N,YU,None
5219,2025-03-14,12:55,Friday,MUSEUM STATION,SUDP,None,None,N,YU,5431
5220,2025-03-14,13:23,Friday,VICTORIA PARK STATION,EUSC,None,None,W,BD,5225
5221,2025-03-14,13:30,Friday,LAWRENCE WEST STATION,MUNCA,None,None,None,YU,None
5222,2025-03-14,13:58,Friday,ST CLAIR STATION,PUOPO,3,8,S,YU,6061
5223,2025-03-14,14:56,Friday,KENNEDY BD STATION,MUI,3,6,E,BD,5371
5224,2025-03-14,15:07,Friday,ST CLAIR STATION,PUMEL,None,None,None,YU,None
5225,2025-03-14,15:28,Friday,SHEPPARD WEST STATION,PUMEL,None,None,None,YU,None
5226,2025-03-14,15:40,Friday,KEELE STATION,PUTR,3,7,E,BD,5190
5227,2025-03-14,15:44,Friday,OSSINGTON STATION,PUMEL,None,None,None,BD,None
5228,2025-03-14,15:55,Friday,SHEPPARD WEST STATION,EUDO,6,10,N,YU,5386
5229,2025-03-14,15:59,Friday,ROSEDALE STATION,SUDP,5,8,N,YU,6066
5230,2025-03-14,16:01,Friday,OLD MILL STATION,TUMVS,None,None,E,BD,5267
5231,2025-03-14,16:03,Friday,PAPE STATION,MUNCA,None,None,None,BD,None
5232,2025-03-14,16:05,Friday,SHERBOURNE STATION,MUNCA,None,None,None,BD,None
5233,2025-03-14,16:34,Friday,KEELE STATION,PUTR,4,7,E,BD,5296
5234,2025-03-14,16:39,Friday,OSGOODE STATION,TUS,3,7,S,YU,5781
5235,2025-03-14,17:16,Friday,WILSON STATION,PUOPO,6,9,S,YU,5981
5236,2025-03-14,17:51,Friday,DOWNSVIEW PARK STATION,PUOPO,5,8,N,YU,5481
5237,2025-03-14,19:01,Friday,LAWRENCE WEST STATION,SUO,None,None,None,YU,1381
5238,2025-03-14,19:06,Friday,YONGE BD STATION,MUIS,None,None,None,BD,None
5239,2025-03-14,19:20,Friday,EGLINTON WEST STATION,PUMEL,None,None,None,YU,None
5240,2025-03-14,19:23,Friday,WOODBINE STATION,SUO,23,46,None,BD,8749
5241,2025-03-14,19:26,Friday,VMC STATION,SUO,22,26,N,YU,5631
5242,2025-03-14,19:43,Friday,DUNDAS WEST STATION,TUMVS,None,None,W,BD,5189
5243,2025-03-14,19:53,Friday,YORK MILLS STATION,PUMEL,None,None,None,YU,None
5244,2025-03-14,20:05,Friday,YORK MILLS STATION,MUO,None,None,None,YU,None
5245,2025-03-14,20:18,Friday,ST CLAIR WEST STATION,MUTO,3,6,S,YU,6086
5246,2025-03-14,21:16,Friday,EGLINTON STATION,SUDP,4,10,N,YU,5991
5247,2025-03-14,22:00,Friday,YONGE-UNIVERSITY AND B,MUO,None,None,None,YU/BD,None
5248,2025-03-14,22:13,Friday,PAPE STATION,TUNCA,None,None,None,BD,None
5249,2025-03-14,22:22,Friday,MUSEUM STATION,MUPAA,4,10,N,YU,6101
5250,2025-03-14,22:29,Friday,WARDEN STATION,MUDD,4,9,W,BD,5192
5251,2025-03-14,22:56,Friday,KENNEDY BD STATION,TUSC,None,None,W,BD,5132
5252,2025-03-14,23:00,Friday,YONGE UNIVESITY LINE 1,MUCP,None,None,None,YU,None
5253,2025-03-14,23:11,Friday,YORK MILLS STATION,SUDP,3,9,N,YU,5491
5254,2025-03-14,23:16,Friday,ROSEDALE STATION,SUDP,8,14,N,YU,5726
5255,2025-03-14,23:16,Friday,DUNDAS STATION,SUUT,4,10,N,YU,5426
5256,2025-03-14,23:35,Friday,DUFFERIN STATION,SUDP,None,None,E,BD,5127
5257,2025-03-14,23:50,Friday,CHRISTIE STATION,MUIRS,None,None,None,BD,None
5258,2025-03-14,0:24,Friday,BLOOR STATION,MUIS,None,None,None,YU,None
5259,2025-03-14,0:30,Friday,UNION STATION,MUIR,None,None,S,YU,5841
5260,2025-03-14,1:03,Friday,BLOOR STATION,MUIS,None,None,N,YU,None
5261,2025-03-14,1:11,Friday,DAVISVILLE STATION,PUMO,None,None,None,YU,None
5262,2025-03-14,1:40,Friday,DUNDAS WEST STATION,SUUT,None,None,W,BD,5351
5263,2025-03-14,10:46,Friday,BAYVIEW STATION,PUOPO,None,None,W,SHP,6181
5264,2025-03-14,11:48,Friday,DON MILLS STATION,TUSC,None,None,W,SHP,6196
5265,2025-03-15,2:13,Saturday,VMC STATION,SUDP,None,None,S,YU,6126
5266,2025-03-15,4:33,Saturday,KIPLING STATION,SUUT,None,None,None,BD,None
5267,2025-03-15,5:04,Saturday,ROSEDALE STATION,PUSAC,None,None,N,YU,6136
5268,2025-03-15,5:54,Saturday,DONLANDS STATION,EUNT,8,None,W,BD,5318
5269,2025-03-15,5:59,Saturday,KIPLING STATION,SUG,5,10,E,BD,5142
5270,2025-03-15,6:42,Saturday,SOUTH HOSTLER,TUO,8,14,S,YU,5936
5271,2025-03-15,7:55,Saturday,WARDEN STATION,PUSI,None,None,W,BD,5170
5272,2025-03-15,10:58,Saturday,BROADVIEW STATION,SUDP,None,None,E,BD,5146
5273,2025-03-15,10:59,Saturday,VICTORIA PARK STATION,TUO,5,10,E,BD,5073
5274,2025-03-15,11:06,Saturday,SHERBOURNE STATION,PUMST,None,None,None,BD,None
5275,2025-03-15,11:09,Saturday,SUMMERHILL STATION,MUIS,None,None,None,YU,None
5276,2025-03-15,11:11,Saturday,UNION STATION,MUO,None,None,None,YU,None
5277,2025-03-15,11:12,Saturday,COXWELL STATION,SUDP,4,8,W,BD,5055
5278,2025-03-15,11:16,Saturday,ST GEORGE YUS STATION,PUOPO,4,8,S,YU,5731
5279,2025-03-15,12:35,Saturday,YONGE BD STATION,SUO,None,None,W,BD,5091
5280,2025-03-15,12:37,Saturday,BLOOR STATION,SUO,None,None,S,YU,5986
5281,2025-03-15,12:43,Saturday,KENNEDY BD STATION,PUMEL,None,None,None,BD,None
5282,2025-03-15,12:43,Saturday,FINCH STATION,SUO,None,None,None,YU,None
5283,2025-03-15,13:32,Saturday,DUNDAS STATION,SUDP,None,None,N,YU,None
5284,2025-03-15,13:34,Saturday,QUEEN STATION,SUAP,7,11,S,YU,5681
5285,2025-03-15,13:49,Saturday,ST CLAIR STATION,MUPAA,4,8,S,YU,5471
5286,2025-03-15,14:14,Saturday,ROYAL YORK STATION,PUMEL,None,None,None,BD,None
5287,2025-03-15,14:48,Saturday,UNION STATION,MUIRS,None,None,None,YU,None
5288,2025-03-15,15:25,Saturday,DAVISVILLE STATION,PUMEL,None,None,None,YU,None
5289,2025-03-15,15:49,Saturday,MUSEUM STATION,SUDP,None,None,S,YU,5621
5290,2025-03-15,16:07,Saturday,LAWRENCE STATION,TUO,4,8,S,YU,6041
5291,2025-03-15,16:45,Saturday,EGLINTON WEST STATION,SUUT,11,15,N,YU,5386
5292,2025-03-15,16:56,Saturday,BROADVIEW STATION,EUNT,7,11,W,BD,5124
5293,2025-03-15,17:00,Saturday,YORKDALE STATION,PUOPO,29,33,S,YU,5981
5294,2025-03-15,18:03,Saturday,BLOOR STATION,MUIRS,None,None,N,YU,None
5295,2025-03-15,18:05,Saturday,OLD MILL STATION,EUNT,4,8,E,BD,5328
5296,2025-03-15,18:05,Saturday,DUPONT STATION,MUIRS,None,None,S,YU,None
5297,2025-03-15,18:17,Saturday,ROSEDALE STATION,SUEAS,15,19,N,YU,5806
5298,2025-03-15,18:24,Saturday,VICTORIA PARK STATION,MUIRS,None,None,None,BD,None
5299,2025-03-15,18:27,Saturday,JANE STATION,MUO,None,None,None,BD,None
5300,2025-03-15,18:41,Saturday,ST CLAIR STATION,SUDP,None,None,None,YU,None
5301,2025-03-15,19:03,Saturday,BAY STATION,MUIS,None,None,None,BD,None
5302,2025-03-15,22:00,Saturday,YONGE UNIVERSITY AND B,MUO,None,None,None,YU/BD,None
5303,2025-03-15,22:08,Saturday,PAPE STATION,MUTO,7,13,W,BD,5299
5304,2025-03-15,22:16,Saturday,UNION STATION,SUDP,None,None,None,YU,None
5305,2025-03-15,22:53,Saturday,LAWRENCE STATION,MUDD,13,19,S,YU,5666
5306,2025-03-15,23:03,Saturday,ST CLAIR STATION,MUI,5,11,N,YU,5731
5307,2025-03-15,23:19,Saturday,ROYAL YORK STATION,MUI,6,12,E,BD,5328
5308,2025-03-15,23:22,Saturday,DUNDAS STATION,SUDP,None,None,S,YU,6051
5309,2025-03-15,23:26,Saturday,ST CLAIR WEST STATION,MUIS,None,None,None,YU,None
5310,2025-03-15,23:40,Saturday,SPADINA BD STATION,MUIS,None,None,None,BD,None
5311,2025-03-15,23:45,Saturday,DUNDAS STATION,SUO,None,None,S,YU,None
5312,2025-03-15,1:10,Saturday,WARDEN STATION,PUMEL,None,None,None,BD,None
5313,2025-03-15,1:31,Saturday,SHEPPARD WEST STATION,SUDP,None,None,S,YU,5606
5314,2025-03-15,2:44,Saturday,SHEPPARD-YONGE STATION,SUDP,None,None,E,SHP,6176
5315,2025-03-15,15:26,Saturday,LESLIE STATION,EUSC,None,None,W,SHP,6181
5316,2025-03-16,4:59,Sunday,KIPLING STATION,MUIS,None,None,None,BD,None
5317,2025-03-16,5:28,Sunday,MAIN STREET STATION,TUSC,None,None,E,BD,5296
5318,2025-03-16,6:14,Sunday,ST PATRICK STATION,PUTWZ,None,None,S,YU,None
5319,2025-03-16,7:54,Sunday,FINCH STATION,MUPF,None,None,S,YU,5386
5320,2025-03-16,7:57,Sunday,DONLANDS STATION,MUO,5,None,W,BD,5202
5321,2025-03-16,8:16,Sunday,ST CLAIR STATION,PUOPO,11,None,S,YU,5386
5322,2025-03-16,8:26,Sunday,BAY STATION,SUO,None,None,W,BD,5232
5323,2025-03-16,8:32,Sunday,FINCH STATION,MUIRS,None,None,None,YU,None
5324,2025-03-16,8:41,Sunday,GREENWOOD STATION,MUO,6,10,E,BD,5231
5325,2025-03-16,8:49,Sunday,VICTORIA PARK STATION,EUO,3,7,W,BD,5085
5326,2025-03-16,9:11,Sunday,BROADVIEW STATION,MUIRS,None,None,None,BD,None
5327,2025-03-16,10:45,Sunday,ST GEORGE YUS STATION,SUDP,None,None,N,YU,None
5328,2025-03-16,11:01,Sunday,ROYAL YORK STATION,MUIS,None,None,None,BD,None
5329,2025-03-16,11:16,Sunday,DUFFERIN STATION,SUO,None,None,E,BD,5296
5330,2025-03-16,11:17,Sunday,UNION STATION,MUO,None,None,None,YU,None
5331,2025-03-16,12:14,Sunday,KENNEDY BD STATION,MUDD,4,8,W,BD,5057
5332,2025-03-16,12:25,Sunday,WELLESLEY STATION,PUOPO,None,None,S,YU,5926
5333,2025-03-16,12:35,Sunday,BROADVIEW STATION,SUDP,None,None,None,BD,None
5334,2025-03-16,13:07,Sunday,DUNDAS STATION,PUOPO,None,None,S,YU,5471
5335,2025-03-16,13:16,Sunday,ST ANDREW STATION,PUMST,None,None,None,YU,None
5336,2025-03-16,13:36,Sunday,COXWELL STATION,MUI,13,17,E,BD,5279
5337,2025-03-16,13:37,Sunday,HIGHWAY 407 STATION,PUMO,None,None,None,YU,None
5338,2025-03-16,13:49,Sunday,APPROACHING OLD MILL S,PUTIJ,10,14,E,BD,5103
5339,2025-03-16,14:43,Sunday,OSSINGTON STATION,MUIRS,None,None,E,BD,None
5340,2025-03-16,15:29,Sunday,KIPLING STATION,MUIS,None,None,None,BD,None
5341,2025-03-16,15:37,Sunday,DAVISVILLE STATION,SUDP,3,7,S,YU,5471
5342,2025-03-16,16:24,Sunday,HIGHWAY 407 STATION,MUNCA,None,None,None,YU,None
5343,2025-03-16,16:26,Sunday,FINCH STATION,MUSAN,4,8,S,YU,5631
5344,2025-03-16,16:33,Sunday,SHEPPARD STATION,MUO,5,9,S,YU,5736
5345,2025-03-16,16:39,Sunday,KENNEDY BD STATION,SUAP,None,None,None,BD,None
5346,2025-03-16,16:46,Sunday,SHEPPARD WEST STATION,MUTO,7,11,N,YU,5931
5347,2025-03-16,17:31,Sunday,JANE AND HWY 407,MUO,None,None,None,YU,None
5348,2025-03-16,17:40,Sunday,WILSON STATION,PUMO,None,None,None,YU,None
5349,2025-03-16,17:42,Sunday,SHEPPARD STATION,MUSAN,3,7,S,YU,5576
5350,2025-03-16,17:59,Sunday,NORTH YORK CTR STATION,PUMEL,None,None,S,YU,None
5351,2025-03-16,18:07,Sunday,CASTLE FRANK STATION,MUIR,13,17,E,BD,5033
5352,2025-03-16,19:14,Sunday,ISLINGTON STATION,PUSNT,None,None,E,BD,5361
5353,2025-03-16,19:21,Sunday,ISLINGTON STATION,PUSNT,None,None,E,BD,5103
5354,2025-03-16,19:22,Sunday,DUNDAS STATION,PUMEL,None,None,None,YU,None
5355,2025-03-16,19:41,Sunday,OSGOODE STATION,SUUT,30,36,S,YU,5571
5356,2025-03-16,19:53,Sunday,DUNDAS STATION,SUO,None,None,S,YU,None
5357,2025-03-16,20:57,Sunday,MAIN STREET STATION,SUAP,None,None,None,BD,None
5358,2025-03-16,21:27,Sunday,ST CLAIR WEST STATION,MUIS,None,None,None,YU,None
5359,2025-03-16,21:30,Sunday,FINCH STATION,MUIRS,None,None,None,YU,None
5360,2025-03-16,22:00,Sunday,YONGE-UNIVERSITY AND B,MUO,None,None,None,YU/BD,None
5361,2025-03-16,22:57,Sunday,YONGE BD STATION,MUPAA,None,None,W,BD,5064
5362,2025-03-16,23:01,Sunday,BAY STATION,MUI,22,28,W,BD,5064
5363,2025-03-16,23:09,Sunday,FINCH WEST STATION,MUPR1,115,121,S,YU,5621
5364,2025-03-16,23:26,Sunday,CHESTER STATION,TUSC,None,None,E,BD,5242
5365,2025-03-16,0:26,Sunday,DUFFERIN STATION,PUMST,None,None,None,BD,None
5366,2025-03-16,0:57,Sunday,YORK MILLS STATION,SUDP,None,None,None,YU,None
5367,2025-03-16,1:22,Sunday,LANSDOWNE STATION,SUDP,None,None,W,BD,None
5368,2025-03-16,1:23,Sunday,WELLESLEY STATION,MUIS,None,None,S,YU,None
5369,2025-03-16,1:34,Sunday,COLLEGE STATION,SUDP,4,10,S,YU,5726
5370,2025-03-16,1:55,Sunday,FINCH STATION,SUDP,None,None,None,YU,None
5371,2025-03-16,2:37,Sunday,SHEPPARD-YONGE STATION,TUMVS,11,None,W,SHP,6181
5372,2025-03-16,6:34,Sunday,BAYVIEW STATION,MUNCA,None,None,None,SHP,None
5373,2025-03-16,7:54,Sunday,SHEPPARD-YONGE STATION,MUSC,3,None,E,SHP,6156
5374,2025-03-16,21:08,Sunday,LESLIE STATION,MUIS,None,None,None,SHP,None
5375,2025-03-17,2:39,Monday,KIPLING STATION,SUDP,None,None,None,BD,None
5376,2025-03-17,3:43,Monday,COXWELL STATION,EUVE,None,None,E,BD,None
5377,2025-03-17,5:25,Monday,DUNDAS WEST STATION,MUNCA,None,None,None,BD,None
5378,2025-03-17,5:30,Monday,FINCH WEST STATION,MUNCA,None,None,None,YU,None
5379,2025-03-17,5:30,Monday,YORK UNIVERSITY STATIO,MUNCA,None,None,None,YU,None
5380,2025-03-17,5:45,Monday,GREENWOOD YARD,PUSSW,26,29,E,BD,5368
5381,2025-03-17,5:59,Monday,KING STATION,PUTR,5,None,S,YU,6131
5382,2025-03-17,6:00,Monday,YONGE-UNIVERSITY AND B,MUO,None,None,None,YU/BD,None
5383,2025-03-17,6:03,Monday,EGLINTON WEST STATION,PUTR,4,None,S,YU,5946
5384,2025-03-17,6:06,Monday,BAY STATION,PUTWZ,8,None,E,BD,5278
5385,2025-03-17,6:12,Monday,BROADVIEW STATION,PUSSW,11,None,W,BD,5237
5386,2025-03-17,6:37,Monday,VICTORIA PARK STATION,PUMEL,None,None,None,BD,None
5387,2025-03-17,7:43,Monday,DAVISVILLE STATION,PUOPO,5,8,N,YU,5936
5388,2025-03-17,7:49,Monday,DAVISVILLE STATION,PUOPO,4,6,N,YU,5481
5389,2025-03-17,8:30,Monday,NORTH YORK CTR STATION,MUPAA,4,6,S,YU,5396
5390,2025-03-17,8:42,Monday,KIPLING STATION,EUSC,None,None,W,BD,5091
5391,2025-03-17,8:42,Monday,KIPLING STATION,MUSC,None,None,W,BD,5091
5392,2025-03-17,8:48,Monday,BLOOR STATION,TUS,3,6,S,YU,5951
5393,2025-03-17,8:53,Monday,BLOOR STATION,MUI,6,9,S,YU,5936
5394,2025-03-17,9:19,Monday,UNION STATION,MUIRS,None,None,None,YU,None
5395,2025-03-17,9:29,Monday,CHRISTIE STATION,SUDP,10,13,E,BD,5271
5396,2025-03-17,9:59,Monday,HIGHWAY 407 STATION,PUMEL,None,None,None,YU,None
5397,2025-03-17,10:07,Monday,CHRISTIE STATION,SUDP,None,None,None,BD,None
5398,2025-03-17,10:45,Monday,KENNEDY BD STATION,TUSC,None,None,E,BD,5052
5399,2025-03-17,10:53,Monday,HIGH PARK STATION,PUTR,5,9,E,BD,5115
5400,2025-03-17,11:32,Monday,FINCH STATION,MUSAN,5,10,S,YU,5881
5401,2025-03-17,11:53,Monday,EGLINTON STATION,PUSCR,4,9,S,YU,5881
5402,2025-03-17,12:13,Monday,GREENWOOD YARD,PUTO,None,None,None,BD,None
5403,2025-03-17,12:32,Monday,BAY STATION,MUIR,16,20,E,BD,5361
5404,2025-03-17,12:40,Monday,SPADINA YUS STATION,SUDP,None,None,None,YU,None
5405,2025-03-17,13:23,Monday,COXWELL STATION,MUI,16,20,E,BD,5237
5406,2025-03-17,14:11,Monday,JANE STATION,MUDD,3,7,W,BD,5244
5407,2025-03-17,14:28,Monday,WELLESLEY STATION,MUPAA,4,9,S,YU,5506
5408,2025-03-17,14:56,Monday,WILSON YARD,PUSAC,None,None,None,YU,None
5409,2025-03-17,15:31,Monday,BLOOR STATION,SUO,None,None,None,YU,None
5410,2025-03-17,15:37,Monday,UNION STATION,MUO,None,None,None,YU,None
5411,2025-03-17,15:40,Monday,OSSINGTON STATION,SUAP,None,None,W,BD,None
5412,2025-03-17,15:40,Monday,HIGH PARK STATION,PUTR,6,9,E,BD,5085
5413,2025-03-17,16:02,Monday,HIGH PARK STATION,PUTR,6,9,E,BD,5146
5414,2025-03-17,16:26,Monday,WELLESLEY STATION,MUIRS,None,None,None,YU,None
5415,2025-03-17,17:00,Monday,FINCH STATION,MUIS,None,None,None,YU,None
5416,2025-03-17,17:01,Monday,FINCH STATION,SUDP,6,9,None,YU,5506
5417,2025-03-17,17:08,Monday,UNION STATION,PUOPO,4,7,S,YU,5521
5418,2025-03-17,17:14,Monday,OSGOODE STATION,PUOPO,5,7,N,YU,5521
5419,2025-03-17,17:27,Monday,WILSON STATION,TUNIP,5,8,S,YU,6006
5420,2025-03-17,17:35,Monday,PAPE STATION,PUMEL,None,None,None,BD,None
5421,2025-03-17,17:41,Monday,KIPLING STATION,TUSC,None,None,E,BD,5145
5422,2025-03-17,17:46,Monday,FINCH STATION,PUOPO,None,None,S,YU,6041
5423,2025-03-17,17:49,Monday,BLOOR STATION,MUI,39,42,S,YU,5851
5424,2025-03-17,18:04,Monday,YONGE BD STATION,SUO,15,18,W,BD,5202
5425,2025-03-17,18:06,Monday,ST CLAIR STATION,SUO,21,23,S,YU,6042
5426,2025-03-17,18:30,Monday,KIPLING STATION,SUO,None,None,None,BD,None
5427,2025-03-17,18:40,Monday,SHEPPARD STATION,SUO,None,None,N,YU,5981
5428,2025-03-17,18:57,Monday,KENNEDY BD STATION,MUI,None,None,W,BD,5244
5429,2025-03-17,19:01,Monday,ST GEORGE BD STATION,MUIS,None,None,E,BD,None
5430,2025-03-17,19:02,Monday,OLD MILL STATION,EUSC,None,None,E,BD,5027
5431,2025-03-17,19:25,Monday,ISLINGTON STATION,MUSC,None,None,W,BD,5130
5432,2025-03-17,19:41,Monday,SHEPPARD STATION,PUOPO,None,None,S,YU,5601
5433,2025-03-17,19:54,Monday,ST CLAIR STATION,SUO,8,11,S,YU,5521
5434,2025-03-17,20:06,Monday,DUNDAS STATION,MUIS,None,None,None,YU,None
5435,2025-03-17,20:49,Monday,WARDEN STATION,PUSWZ,5,11,W,BD,5364
5436,2025-03-17,20:53,Monday,JANE STATION,TUSC,None,None,W,BD,5202
5437,2025-03-17,22:55,Monday,WILSON CAR HOUSE,TUO,None,None,S,YU,5896
5438,2025-03-17,23:00,Monday,WELLESLEY STATION,MUIS,None,None,None,YU,None
5439,2025-03-17,23:00,Monday,YONGE UNIVERVISTY SUBW,MUO,None,None,None,YU,None
5440,2025-03-17,23:00,Monday,ROYAL YORK STATION,MUIRS,4,9,W,BD,5099
5441,2025-03-17,0:36,Monday,BLOOR STATION,SUDP,None,None,N,YU,None
5442,2025-03-17,0:42,Monday,YONGE BD STATION,MUTO,5,10,E,BD,None
5443,2025-03-17,0:59,Monday,GREENWOOD STATION,TUSC,None,None,W,BD,5261
5444,2025-03-17,1:16,Monday,DUNDAS STATION,MUIS,None,None,None,YU,None
5445,2025-03-17,1:19,Monday,LANSDOWNE STATION,SUDP,9,14,W,BD,5261
5446,2025-03-17,1:22,Monday,SHERBOURNE STATION,MUIS,None,None,None,BD,None
5447,2025-03-17,1:39,Monday,CASTLE FRANK STATION,MUIS,None,None,E,BD,None
5448,2025-03-17,1:43,Monday,JANE STATION,SUDP,7,12,W,BD,5091
5449,2025-03-17,1:49,Monday,DUNDAS WEST STATION,MUTO,5,10,W,BD,None
5450,2025-03-17,18:43,Monday,SHEPPARD-YONGE STATION,SUO,None,None,W,SHP,6181
5451,2025-03-17,18:57,Monday,BAYVIEW STATION,PUOPO,14,21,W,SHP,6181
5452,2025-03-17,19:11,Monday,BAYVIEW STATION,PUOPO,7,14,E,SHP,6151
5453,2025-03-18,5:10,Tuesday,SHEPPARD STATION,PUTWZ,None,None,N,YU,None
5454,2025-03-18,5:25,Tuesday,DUNDAS WEST STATION,MUNCA,None,None,None,BD,None
5455,2025-03-18,5:25,Tuesday,QUEEN STATION,MUNCA,None,None,None,YU,None
5456,2025-03-18,5:56,Tuesday,BATHURST STATION,SUDP,None,None,None,BD,None
5457,2025-03-18,6:02,Tuesday,EGLINTON WEST STATION,PUTR,5,None,S,YU,5981
5458,2025-03-18,6:11,Tuesday,EGLINTON STATION,PUTO,4,8,N,YU,5706
5459,2025-03-18,6:28,Tuesday,WILSON STATION,PUTR,3,None,N,YU,6081
5460,2025-03-18,6:36,Tuesday,JANE STATION,EUDO,4,7,E,BD,5164
5461,2025-03-18,6:42,Tuesday,RUNNYMEDE STATION,EUCD,None,None,E,BD,5164
5462,2025-03-18,7:03,Tuesday,DONLANDS STATION,MUO,3,7,W,BD,5001
5463,2025-03-18,7:59,Tuesday,WILSON STATION,EUME,4,7,S,YU,5671
5464,2025-03-18,8:05,Tuesday,YORKDALE STATION,EUME,28,31,S,YU,5671
5465,2025-03-18,8:25,Tuesday,SHEPPARD WEST STATION,MUPAA,None,None,S,YU,5971
5466,2025-03-18,8:50,Tuesday,BLOOR STATION,SUO,None,None,S,YU,5596
5467,2025-03-18,9:54,Tuesday,PAPE STATION,EUDO,5,9,E,BD,5256
5468,2025-03-18,10:02,Tuesday,WOODBINE STATION,PUMEL,None,None,None,BD,None
5469,2025-03-18,11:36,Tuesday,KENNEDY BD STATION,MUIS,None,None,None,BD,None
5470,2025-03-18,12:39,Tuesday,RUNNYMEDE STATION,SUDP,None,None,None,BD,None
5471,2025-03-18,13:32,Tuesday,KENNEDY BD STATION,PUMST,None,None,None,BD,None
5472,2025-03-18,14:29,Tuesday,MUSEUM STATION,MUIR,4,8,N,YU,5621
5473,2025-03-18,14:31,Tuesday,KENNEDY BD STATION,SUAP,None,None,None,BD,None
5474,2025-03-18,14:57,Tuesday,UNION STATION,SUO,5,9,S,YU,6021
5475,2025-03-18,15:08,Tuesday,YORK MILLS STATION,MUPAA,4,8,S,YU,5476
5476,2025-03-18,15:43,Tuesday,HIGH PARK STATION,PUTR,6,9,E,BD,5073
5477,2025-03-18,15:52,Tuesday,HIGH PARK STATION,PUTR,7,10,E,BD,5164
5478,2025-03-18,15:57,Tuesday,KENNEDY BD STATION,MUI,3,6,W,BD,5001
5479,2025-03-18,17:15,Tuesday,KEELE STATION,MUO,None,None,E,BD,5153
5480,2025-03-18,18:40,Tuesday,PIONEER VILLAGE STATIO,SUUT,10,13,S,YU,6121
5481,2025-03-18,18:42,Tuesday,BAY STATION,MUSC,None,None,E,BD,5033
5482,2025-03-18,19:10,Tuesday,KENNEDY BD STATION,SUDP,4,8,W,BD,5048
5483,2025-03-18,19:10,Tuesday,ST CLAIR WEST STATION,MUIS,None,None,None,YU,None
5484,2025-03-18,20:11,Tuesday,COXWELL STATION,TUS,5,10,E,BD,5164
5485,2025-03-18,20:48,Tuesday,SHEPPARD STATION,MUI,22,26,S,YU,6996
5486,2025-03-18,21:35,Tuesday,BLOOR STATION,SUDP,5,11,N,YU,6116
5487,2025-03-18,21:37,Tuesday,YONGE BD STATION,SUO,None,None,E,BD,5225
5488,2025-03-18,22:00,Tuesday,YONGE-UNIVERSITY AND B,MUO,None,None,None,YU/BD,None
5489,2025-03-18,22:16,Tuesday,COLLEGE STATION,SUDP,None,None,None,YU,None
5490,2025-03-18,23:00,Tuesday,LINE 1 YONGE UNIVERSIT,MUO,None,None,None,YU,None
5491,2025-03-18,23:11,Tuesday,ST ANDREW STATION,SUO,17,23,N,YU,6001
5492,2025-03-18,23:47,Tuesday,GLENCAIRN STATION,SUO,7,13,N,YU,6001
5493,2025-03-18,1:37,Tuesday,GREENWOOD STATION,MUSC,None,None,W,BD,5110
5494,2025-03-18,1:43,Tuesday,CHRISTIE STATION,SUDP,14,19,E,BD,5096
5495,2025-03-18,1:57,Tuesday,VMC STATION,SUDP,None,None,S,YU,None
5496,2025-03-18,5:26,Tuesday,SHEPPARD-YONGE STATION,MUSC,None,None,E,SHP,6156
5497,2025-03-18,14:05,Tuesday,DON MILLS STATION,PUMEL,None,None,None,SHP,None
5498,2025-03-18,18:47,Tuesday,BESSARION STATION,PUOPO,5,12,W,SHP,6176
5499,2025-03-18,21:07,Tuesday,BESSARION STATION,SUO,None,None,None,SHP,None
5500,2025-03-18,21:59,Tuesday,BAYVIEW STATION,TUSC,None,None,W,SHP,6151
5501,2025-03-19,2:41,Wednesday,ST GEORGE YUS STATION,EUVE,None,None,S,YU,None
5502,2025-03-19,5:10,Wednesday,WILSON STATION,MUNCA,None,None,None,YU,None
5503,2025-03-19,5:15,Wednesday,NORTH YORK CTR STATION,MUNCA,None,None,None,YU,None
5504,2025-03-19,5:17,Wednesday,VICTORIA PARK STATION,PUTOE,None,None,W,BD,None
5505,2025-03-19,5:47,Wednesday,DONLANDS STATION,PUSO,3,6,W,BD,5093
5506,2025-03-19,5:47,Wednesday,KEELE STATION,SUG,3,6,W,BD,5339
5507,2025-03-19,6:00,Wednesday,TORONTO TRANSIT COMMIS,MUO,None,None,None,YU/BD,None
5508,2025-03-19,6:02,Wednesday,EGLINTON WEST STATION,PUTR,5,None,S,YU,5876
5509,2025-03-19,6:07,Wednesday,EGLINTON STATION,PUTO,4,8,N,YU,6061
5510,2025-03-19,7:24,Wednesday,FINCH STATION,SUDP,None,None,None,YU,None
5511,2025-03-19,7:29,Wednesday,BROADVIEW STATION,TUSC,None,None,W,BD,5322
5512,2025-03-19,7:59,Wednesday,SPADINA YUS STATION,SUDP,None,None,S,YU,5726
5513,2025-03-19,8:46,Wednesday,YONGE BD STATION,MUIS,None,None,None,BD,None
5514,2025-03-19,9:25,Wednesday,DONLANDS STATION,PUMEL,None,None,None,BD,None
5515,2025-03-19,9:38,Wednesday,KIPLING STATION,TUSC,None,None,W,BD,5277
5516,2025-03-19,9:39,Wednesday,OLD MILL STATION,MUNCA,None,None,None,BD,None
5517,2025-03-19,9:42,Wednesday,KENNEDY BD STATION,MUDD,4,8,W,BD,5187
5518,2025-03-19,10:07,Wednesday,DUNDAS STATION,MUIRS,None,None,None,YU,None
5519,2025-03-19,10:28,Wednesday,KIPLING STATION,EUSC,None,None,E,BD,5367
5520,2025-03-19,11:15,Wednesday,GREENWOOD STATION,MUDD,13,17,E,BD,5359
5521,2025-03-19,11:39,Wednesday,BLOOR STATION,MUIS,None,None,None,YU,None
5522,2025-03-19,12:01,Wednesday,ST GEORGE YUS STATION,MUSAN,5,10,S,YU,5876
5523,2025-03-19,12:06,Wednesday,BLOOR STATION,MUIS,None,None,N,YU,None
5524,2025-03-19,12:30,Wednesday,DAVISVILLE STATION,SUDP,None,None,S,YU,5451
5525,2025-03-19,13:07,Wednesday,COXWELL STATION,MUIRS,6,10,W,BD,5170
5526,2025-03-19,13:20,Wednesday,ROYAL YORK STATION,EUSC,None,None,E,BD,5042
5527,2025-03-19,13:29,Wednesday,VICTORIA PARK STATION,EUSC,4,8,W,BD,5122
5528,2025-03-19,14:14,Wednesday,WELLESLEY STATION,MUO,None,None,None,YU,None
5529,2025-03-19,14:28,Wednesday,WOODBINE STATION,SUG,None,None,E,BD,5147
5530,2025-03-19,14:41,Wednesday,ST GEORGE BD STATION,MUIRS,None,None,None,BD,None
5531,2025-03-19,14:41,Wednesday,ST GEORGE YUS STATION,SUDP,None,None,S,YU,5586
5532,2025-03-19,15:05,Wednesday,WOODBINE STATION,EUSC,None,None,W,BD,5122
5533,2025-03-19,15:11,Wednesday,HIGH PARK STATION,PUTR,7,11,E,BD,5303
5534,2025-03-19,15:43,Wednesday,ST CLAIR STATION,EUDO,None,None,N,YU,5661
5535,2025-03-19,15:53,Wednesday,HIGH PARK STATION,PUTR,6,9,E,BD,5172
5536,2025-03-19,15:55,Wednesday,BROADVIEW STATION,MUSC,None,None,W,BD,5020
5537,2025-03-19,16:19,Wednesday,FINCH STATION,PUMO,None,None,None,YU,None
5538,2025-03-19,16:52,Wednesday,WARDEN STATION,EUSC,None,None,W,BD,5122
5539,2025-03-19,16:54,Wednesday,WARDEN STATION,EUSC,None,None,W,BD,5122
5540,2025-03-19,17:07,Wednesday,BLOOR STATION,PUMEL,None,None,None,BD,None
5541,2025-03-19,17:21,Wednesday,HIGH PARK STATION,PUMEL,None,None,None,BD,None
5542,2025-03-19,17:33,Wednesday,LANSDOWNE STATION,MUSC,6,9,E,BD,5303
5543,2025-03-19,17:41,Wednesday,ST CLAIR STATION,MUPAA,None,None,S,YU,5856
5544,2025-03-19,17:56,Wednesday,FINCH STATION,SUO,None,None,None,YU,None
5545,2025-03-19,18:08,Wednesday,KIPLING STATION,PUCSS,None,None,W,BD,5299
5546,2025-03-19,18:41,Wednesday,EGLINTON STATION,PUMEL,None,None,None,YU,None
5547,2025-03-19,18:45,Wednesday,VMC STATION,PUOPO,None,None,S,YU,5691
5548,2025-03-19,18:55,Wednesday,KENNEDY BD STATION,SUAP,None,None,None,BD,None
5549,2025-03-19,19:00,Wednesday,YONGE BD STATION,EUSC,None,None,E,BD,5042
5550,2025-03-19,19:58,Wednesday,CHRISTIE STATION,SUUT,None,None,E,BD,None
5551,2025-03-19,21:24,Wednesday,COLLEGE STATION,MUI,28,34,S,YU,6101
5552,2025-03-19,22:00,Wednesday,YONGE-UNIVERSITY AND B,MUO,None,None,None,YU/BD,None
5553,2025-03-19,22:20,Wednesday,ST GEORGE BD STATION,EUNT,8,13,E,BD,5004
5554,2025-03-19,22:25,Wednesday,MUSEUM STATION,MUIS,None,None,S,YU,6136
5555,2025-03-19,22:36,Wednesday,LINE 1 YONGE UNIVERSIT,MUO,None,None,None,YU,None
5556,2025-03-19,22:38,Wednesday,YONGE BD STATION,MUPAA,4,9,W,BD,5100
5557,2025-03-19,0:13,Wednesday,DUNDAS STATION,MUIS,None,None,None,YU,None
5558,2025-03-19,0:26,Wednesday,DUNDAS STATION,SUUT,7,13,S,YU,5966
5559,2025-03-19,0:50,Wednesday,RUNNYMEDE STATION,SUDP,None,None,None,BD,None
5560,2025-03-19,1:38,Wednesday,DUNDAS WEST STATION,MUSC,None,None,E,BD,5002
5561,2025-03-19,6:00,Wednesday,TORONTO TRANSIT COMMIS,MUO,None,None,None,SHP,None
5562,2025-03-19,11:50,Wednesday,LESLIE STATION,PUOPO,None,None,W,SHP,6151
5563,2025-03-19,14:09,Wednesday,DON MILLS STATION,PUMEL,None,None,None,SHP,None
5564,2025-03-19,14:20,Wednesday,DON MILLS STATION,PUMST,None,None,None,SHP,None
5565,2025-03-20,3:17,Thursday,EGLINTON STATION,MUIS,None,None,None,YU,None
5566,2025-03-20,4:37,Thursday,KIPLING STATION,SUUT,None,None,None,BD,None
5567,2025-03-20,5:41,Thursday,KENNEDY BD STATION,PUSSW,5,10,W,BD,5060
5568,2025-03-20,5:52,Thursday,GREENWOOD STATION,MUSC,3,8,E,BD,5303
5569,2025-03-20,6:05,Thursday,GREENWOOD YARD,SUG,None,None,None,BD,None
5570,2025-03-20,6:08,Thursday,MUSEUM STATION,PUTWZ,8,None,N,YU,5996
5571,2025-03-20,6:54,Thursday,KENNEDY BD STATION,SUDP,3,5,W,BD,5228
5572,2025-03-20,6:58,Thursday,MAIN STREET STATION,MUIE,None,None,None,BD,None
5573,2025-03-20,7:28,Thursday,SPADINA YUS STATION,SUO,None,None,None,YU,None
5574,2025-03-20,7:29,Thursday,ROYAL YORK STATION,TUSC,None,None,W,BD,5149
5575,2025-03-20,8:31,Thursday,EGLINTON WEST STATION,MUIS,None,None,None,YU,None
5576,2025-03-20,8:40,Thursday,WARDEN STATION,MUSC,3,6,E,BD,5189
5577,2025-03-20,9:01,Thursday,DUNDAS WEST STATION,MUSC,None,None,E,BD,5263
5578,2025-03-20,9:03,Thursday,ST PATRICK STATION,MUPAA,5,8,N,YU,5406
5579,2025-03-20,9:22,Thursday,SPADINA YUS STATION,MUIRS,None,None,None,YU,None
5580,2025-03-20,10:02,Thursday,JANE STATION,PUTIJ,11,15,W,BD,5220
5581,2025-03-20,10:14,Thursday,SHEPPARD STATION,SUUT,None,None,N,YU,5426
5582,2025-03-20,10:28,Thursday,CHRISTIE STATION,SUDP,None,None,E,BD,5359
5583,2025-03-20,11:22,Thursday,DUFFERIN STATION,SUDP,None,None,E,BD,None
5584,2025-03-20,11:34,Thursday,HIGH PARK STATION,EUTM,3,7,E,BD,5240
5585,2025-03-20,12:14,Thursday,COLLEGE STATION,SUO,17,22,S,YU,6026
5586,2025-03-20,12:33,Thursday,EGLINTON STATION,MUIRS,None,None,None,YU,None
5587,2025-03-20,13:52,Thursday,CHESTER STATION,SUO,5,9,W,BD,5130
5588,2025-03-20,14:16,Thursday,COXWELL STATION,PUMEL,None,None,E,BD,None
5589,2025-03-20,14:58,Thursday,COLLEGE STATION,MUIS,None,None,None,YU,None
5590,2025-03-20,15:14,Thursday,KING STATION,SUAE,None,None,S,YU,5731
5591,2025-03-20,15:17,Thursday,PAPE STATION,SUDP,None,None,None,BD,None
5592,2025-03-20,15:40,Thursday,COXWELL STATION,EUSC,None,None,W,BD,5042
5593,2025-03-20,15:45,Thursday,DUPONT STATION,MUO,12,15,S,YU,5716
5594,2025-03-20,16:06,Thursday,HIGH PARK STATION,MUO,4,7,E,BD,5293
5595,2025-03-20,16:06,Thursday,DUNDAS WEST STATION,EUSC,None,None,W,BD,5142
5596,2025-03-20,16:09,Thursday,NORTH YORK CTR STATION,SUEAS,11,14,N,YU,5961
5597,2025-03-20,16:14,Thursday,WARDEN STATION,SUDP,None,None,W,BD,5140
5598,2025-03-20,16:21,Thursday,BATHURST STATION,SUEAS,7,10,W,BD,5034
5599,2025-03-20,16:26,Thursday,KIPLING STATION,PUMEL,None,None,None,BD,None
5600,2025-03-20,16:32,Thursday,ST CLAIR WEST STATION,MUIS,None,None,N,YU,5801
5601,2025-03-20,16:57,Thursday,ST CLAIR STATION,MUIR,5,9,N,YU,5766
5602,2025-03-20,17:19,Thursday,DUFFERIN STATION,SUUT,32,35,W,BD,5280
5603,2025-03-20,17:20,Thursday,COXWELL STATION,SUUT,8,11,W,BD,5002
5604,2025-03-20,17:26,Thursday,FINCH STATION,PUOPO,None,None,S,YU,6061
5605,2025-03-20,17:27,Thursday,APPROACHING FINCH STAT,MUPAA,None,None,N,YU,5646
5606,2025-03-20,17:33,Thursday,OLD MILL STATION,PUMEL,None,None,None,BD,None
5607,2025-03-20,17:37,Thursday,QUEEN'S PARK STATION,SUO,3,6,N,YU,6041
5608,2025-03-20,17:40,Thursday,BLOOR STATION,SUDP,8,11,N,YU,None
5609,2025-03-20,19:02,Thursday,KENNEDY BD STATION,EUNT,4,8,W,BD,5170
5610,2025-03-20,19:07,Thursday,SUMMERHILL STATION,SUAP,6,9,N,YU,5971
5611,2025-03-20,19:23,Thursday,KIPLING STATION,SUDP,None,None,None,BD,None
5612,2025-03-20,19:25,Thursday,CASTLE FRANK STATION,MUO,None,None,None,BD,None
5613,2025-03-20,19:46,Thursday,KIPLING STATION,MUI,4,8,W,BD,5289
5614,2025-03-20,19:47,Thursday,VICTORIA PARK STATION,MUIS,None,None,None,BD,None
5615,2025-03-20,20:00,Thursday,FINCH STATION,PUMEL,None,None,None,YU,None
5616,2025-03-20,20:33,Thursday,BLOOR STATION,MUIS,None,None,N,YU,None
5617,2025-03-20,20:50,Thursday,VICTORIA PARK STATION,MUIS,None,None,None,BD,None
5618,2025-03-20,21:05,Thursday,VICTORIA PARK STATION,SUDP,3,8,E,BD,5367
5619,2025-03-20,21:22,Thursday,MUSEUM STATION,EUDO,3,9,S,YU,6071
5620,2025-03-20,21:33,Thursday,DUNDAS WEST STATION,MUIRS,None,None,None,BD,None
5621,2025-03-20,22:00,Thursday,YONGE-UNIVERSITY AND B,MUO,None,None,None,YU/BD,None
5622,2025-03-20,22:39,Thursday,YONGE BD STATION,PUMEL,None,None,None,BD,None
5623,2025-03-20,23:00,Thursday,LINE 1 YONGE UNIVERSIT,MUCP,None,None,None,YU/BD,None
5624,2025-03-20,23:15,Thursday,LAWRENCE WEST STATION,SUO,12,18,N,YU,5506
5625,2025-03-20,23:23,Thursday,NORTH YORK CTR STATION,PUSAC,None,None,S,YU,6061
5626,2025-03-20,23:37,Thursday,DAVISVILLE YARD,MUIE,None,None,None,YU,None
5627,2025-03-20,23:52,Thursday,ROSEDALE STATION,MUIR,18,23,N,YU,5671
5628,2025-03-20,0:08,Thursday,ST CLAIR STATION,TUATC,None,None,S,YU,5506
5629,2025-03-20,0:17,Thursday,UNION STATION,SUAE,6,11,S,YU,5976
5630,2025-03-20,0:29,Thursday,ST GEORGE YUS STATION,SUO,None,None,N,YU,None
5631,2025-03-20,0:50,Thursday,BLOOR STATION,PUOPO,None,None,N,YU,5886
5632,2025-03-20,1:01,Thursday,UNION STATION,SUUT,None,None,N,YU,5526
5633,2025-03-20,1:32,Thursday,ST CLAIR STATION,MUI,None,None,N,YU,5686
5634,2025-03-20,1:44,Thursday,VMC STATION,SUDP,None,None,E,YU,5626
5635,2025-03-20,5:31,Thursday,DON MILLS STATION,TUMVS,3,None,W,SHP,6146
5636,2025-03-20,9:49,Thursday,JANE STATION,PUSI,None,None,W,SHP,5359
5637,2025-03-20,12:55,Thursday,DON MILLS STATION,PUMST,None,None,None,SHP,None
5638,2025-03-20,22:08,Thursday,DON MILLS STATION,SUO,12,19,E,SHP,6146
5639,2025-03-20,22:21,Thursday,BAYVIEW STATION,PUOPO,7,14,W,SHP,6141
5640,2025-03-20,22:42,Thursday,SHEPPARD STATION,TUSC,None,None,E,SHP,6196
5641,2025-03-21,6:30,Friday,EGLINTON STATION,SUDP,None,None,None,YU,None
5642,2025-03-21,6:31,Friday,DAVISVILLE STATION,TUCC,26,None,S,YU,5681
5643,2025-03-21,6:45,Friday,ST. PATRICK STATION,PUTWZ,9,None,N,YU,6041
5644,2025-03-21,6:47,Friday,KING STATION,PUTWZ,4,None,S,YU,5761
5645,2025-03-21,6:54,Friday,OSSINGTON STATION,SUO,None,None,None,BD,None
5646,2025-03-21,6:59,Friday,EGLINTON STATION,MUIRS,None,None,None,YU,None
5647,2025-03-21,7:14,Friday,WARDEN STATION,TUKEY,3,5,W,BD,5078
5648,2025-03-21,7:25,Friday,JANE STATION,PUTIJ,6,8,E,BD,5157
5649,2025-03-21,7:49,Friday,YORK MILLS STATION,PUTWZ,7,None,N,YU,5946
5650,2025-03-21,7:50,Friday,EGLINTON STATION,PUTWZ,9,14,N,YU,5491
5651,2025-03-21,7:51,Friday,EGLINTON STATION,TUCC,9,12,N,YU,5921
5652,2025-03-21,8:00,Friday,KENNEDY BD STATION,MUDD,3,5,E,BD,5255
5653,2025-03-21,8:12,Friday,KIPLING STATION,TUCC,93,96,E,BD,5142
5654,2025-03-21,9:23,Friday,PAPE STATION,MUIR,10,12,E,BD,5093
5655,2025-03-21,9:57,Friday,VMC STATION,SUDP,None,None,None,YU,None
5656,2025-03-21,10:24,Friday,DUNDAS STATION,MUO,None,None,S,YU,5771
5657,2025-03-21,10:25,Friday,JANE STATION,SUUT,30,34,W,BD,5183
5658,2025-03-21,11:03,Friday,DUNDAS STATION,SUAP,None,None,None,YU,None
5659,2025-03-21,11:13,Friday,BLOOR STATION,MUIR,5,8,N,YU,5455
5660,2025-03-21,11:30,Friday,KING STATION,MUPAA,3,8,S,YU,5621
5661,2025-03-21,11:30,Friday,QUEEN STATION,SUDP,None,None,S,YU,5761
5662,2025-03-21,11:40,Friday,BATHURST STATION,MUDD,5,9,W,BD,5170
5663,2025-03-21,12:32,Friday,FINCH STATION,MUSAN,5,10,None,YU,5701
5664,2025-03-21,12:53,Friday,DAVISVILLE STATION,MUPLB,10,15,S,YU,5941
5665,2025-03-21,13:19,Friday,VMC STATION,EUDO,4,8,S,YU,5796
5666,2025-03-21,13:27,Friday,ROSEDALE STATION,MUPAA,7,12,N,YU,5416
5667,2025-03-21,13:33,Friday,KIPLING STATION,SUDP,None,None,None,BD,None
5668,2025-03-21,13:40,Friday,KENNEDY BD STATION,MUIRS,None,None,None,BD,None
5669,2025-03-21,14:04,Friday,CHESTER STATION,TUSC,3,6,E,BD,5263
5670,2025-03-21,14:07,Friday,MAIN STREET STATION,TUO,None,None,E,BD,5235
5671,2025-03-21,14:23,Friday,DUFFERIN STATION,MUIRS,None,None,None,BD,None
5672,2025-03-21,14:25,Friday,OSGOODE STATION,MUPAA,4,9,N,YU,5646
5673,2025-03-21,15:00,Friday,KENNEDY BD STATION,MUIR,4,8,W,BD,5053
5674,2025-03-21,15:36,Friday,KENNEDY BD STATION,SUAP,None,None,None,BD,None
5675,2025-03-21,15:52,Friday,BROADVIEW STATION,MUDD,5,8,W,BD,5022
5676,2025-03-21,16:59,Friday,WILSON SOUTH HOSLER,EUBK,None,None,S,YU,5736
5677,2025-03-21,17:13,Friday,WILSON STATION,MUPAA,3,7,N,YU,5396
5678,2025-03-21,17:26,Friday,SPADINA BD STATION,EUPI,7,10,W,BD,5078
5679,2025-03-21,17:44,Friday,WILSON STATION,PUOPO,5,8,N,YU,5646
5680,2025-03-21,18:13,Friday,ST CLAIR STATION,MUPAA,3,6,N,YU,5471
5681,2025-03-21,18:15,Friday,QUEEN STATION,PUMEL,None,None,None,YU,None
5682,2025-03-21,18:29,Friday,WOODBINE STATION,TUSC,None,None,E,BD,5093
5683,2025-03-21,19:14,Friday,WOODBINE STATION,SUDP,None,None,None,BD,None
5684,2025-03-21,19:19,Friday,OLD MILL STATION,EUSC,3,7,E,BD,5132
5685,2025-03-21,19:47,Friday,WOODBINE STATION,SUDP,5,9,W,BD,5272
5686,2025-03-21,20:06,Friday,UNION STATION,SUO,None,None,N,YU,5451
5687,2025-03-21,20:16,Friday,PIONEER VILLAGE STATIO,SUO,None,None,None,YU,None
5688,2025-03-21,20:36,Friday,EGLINTON WEST STATION,MUIS,None,None,None,YU,None
5689,2025-03-21,21:17,Friday,COXWELL STATION,SUDP,5,10,E,BD,5104
5690,2025-03-21,21:42,Friday,VICTORIA PARK STATION,MUIS,None,None,W,BD,5294
5691,2025-03-21,21:42,Friday,BAY STATION,SUDP,None,None,None,BD,None
5692,2025-03-21,22:00,Friday,YONGE-UNIVERSITY AND B,MUO,None,None,None,YU/BD,None
5693,2025-03-21,22:01,Friday,MAIN STREET STATION,SUDP,None,None,None,BD,None
5694,2025-03-21,23:00,Friday,LINE 1 YONGE UNIVERSIT,MUCP,None,None,None,YU,None
5695,2025-03-21,23:14,Friday,DUNDAS STATION,MUIRS,None,None,S,YU,None
5696,2025-03-21,23:30,Friday,KING STATION,MUIRS,None,None,None,YU,None
5697,2025-03-21,0:22,Friday,SPADINA BD STATION,SUDP,None,None,None,BD,None
5698,2025-03-21,0:30,Friday,ST CLAIR WEST STATION,MUTO,3,9,S,YU,5511
5699,2025-03-21,0:40,Friday,KENNEDY BD STATION,MUIS,None,None,None,BD,None
5700,2025-03-21,1:53,Friday,ROSEDALE STATION,SUDP,5,12,N,YU,5711
5701,2025-03-21,3:13,Friday,SHEPPARD-YONGE STATION,SUG,None,None,E,SHP,6166
5702,2025-03-21,5:10,Friday,SHEPPARD-YONGE STATION,PUOPO,10,17,E,SHP,6196
5703,2025-03-21,15:29,Friday,SHEPPARD-YONGE STATION,PUOPO,None,None,E,SHP,6181
5704,2025-03-21,15:42,Friday,SHEPPARD-YONGE STATION,EUOE,None,None,W,SHP,6176
5705,2025-03-21,22:55,Friday,DON MILLS STATION,MUIS,None,None,None,SHP,None
5706,2025-03-22,2:06,Saturday,DOWNSVIEW PARK STATION,MUIS,None,None,None,YU,None
5707,2025-03-22,2:44,Saturday,VMC STATION,SUDP,None,None,None,YU,None
5708,2025-03-22,5:30,Saturday,ST CLAIR STATION,MUCP,None,None,B,YUS,None
5709,2025-03-22,5:30,Saturday,LANSDOWNE STATION,MUNCA,None,None,None,BD,None
5710,2025-03-22,7:15,Saturday,WELLESLEY STATION,SUDP,3,9,S,YU,6011
5711,2025-03-22,7:27,Saturday,QUEEN STATION,PUOPO,None,None,N,YU,5431
5712,2025-03-22,9:03,Saturday,CASTLE FRANK STATION,PUMEL,None,None,None,BD,None
5713,2025-03-22,9:24,Saturday,ST CLAIR STATION,MUSAN,4,8,S,YU,6106
5714,2025-03-22,11:46,Saturday,KEELE STATION,MUSC,None,None,E,BD,5137
5715,2025-03-22,12:07,Saturday,GREENWOOD STATION,MUO,5,9,E,BD,5289
5716,2025-03-22,12:19,Saturday,BLOOR STATION,PUMST,None,None,None,YU,None
5717,2025-03-22,12:44,Saturday,ST CLAIR STATION,MUIE,None,None,S,YU,5761
5718,2025-03-22,13:00,Saturday,OSSINGTON STATION,SUO,None,None,W,BD,5093
5719,2025-03-22,13:12,Saturday,ST CLAIR STATION,SUDP,None,None,S,YU,5591
5720,2025-03-22,14:25,Saturday,RUNNYMEDE STATION,MUO,None,None,W,BD,None
5721,2025-03-22,14:34,Saturday,QUEEN'S PARK STATION,SUDP,4,9,N,YU,5434
5722,2025-03-22,14:55,Saturday,KIPLING STATION,TUSC,None,None,W,BD,5265
5723,2025-03-22,15:19,Saturday,CHESTER STATION,SUO,None,None,E,BD,5082
5724,2025-03-22,15:23,Saturday,ST GEORGE BD STATION,EUECD,3,7,W,BD,5181
5725,2025-03-22,15:49,Saturday,CASTLE FRANK STATION,SUDP,8,12,W,BD,5341
5726,2025-03-22,16:07,Saturday,QUEEN STATION,PUMEL,None,None,None,YU,None
5727,2025-03-22,16:33,Saturday,HIGH PARK STATION,SUDP,None,None,None,BD,None
5728,2025-03-22,16:45,Saturday,WOODBINE STATION,PUMST,None,None,W,BD,None
5729,2025-03-22,16:50,Saturday,BLOOR STATION,SUUT,None,None,S,YU,5436
5730,2025-03-22,16:53,Saturday,COXWELL STATION,MUIRS,3,7,E,BD,5052
5731,2025-03-22,17:18,Saturday,ST CLAIR STATION,SUAE,None,None,S,YU,6011
5732,2025-03-22,17:20,Saturday,WELLESLEY STATION,SUDP,None,None,None,YU,None
5733,2025-03-22,17:34,Saturday,UNION STATION,MUIE,None,None,None,YU,None
5734,2025-03-22,17:44,Saturday,DUFFERIN STATION,SUO,None,None,E,BD,5196
5735,2025-03-22,18:29,Saturday,HIGH PARK STATION,SUDP,3,7,E,BD,5014
5736,2025-03-22,18:39,Saturday,DUNDAS WEST STATION,MUDD,5,9,W,BD,5002
5737,2025-03-22,18:41,Saturday,BLOOR STATION,SUDP,None,None,None,YU,None
5738,2025-03-22,18:47,Saturday,RUNNYMEDE STATION,TUO,5,10,W,BD,5002
5739,2025-03-22,18:49,Saturday,SUMMERHILL STATION,MUPAA,3,9,N,YU,5431
5740,2025-03-22,19:33,Saturday,DUNDAS STATION,MUIS,None,None,None,YU,None
5741,2025-03-22,19:58,Saturday,ST CLAIR STATION,SUAE,None,None,None,YU,None
5742,2025-03-22,20:38,Saturday,VMC STATION,MUIS,None,None,None,YU,None
5743,2025-03-22,21:25,Saturday,COLLEGE STATION,MUPAA,4,10,S,YU,5436
5744,2025-03-22,21:42,Saturday,ST CLAIR STATION,PUMEL,None,None,None,YU,None
5745,2025-03-22,21:48,Saturday,KIPLING STATION,PUMEL,None,None,None,BD,None
5746,2025-03-22,22:00,Saturday,LINE 1 YONGE UNIVERSIT,MUO,None,None,None,YU,None
5747,2025-03-22,22:33,Saturday,COLLEGE STATION,MUIRS,None,None,N,YU,None
5748,2025-03-22,22:36,Saturday,WILSON STATION,MUIR,4,10,N,YU,5541
5749,2025-03-22,22:49,Saturday,DUNDAS STATION,SUDP,None,None,None,YU,None
5750,2025-03-22,22:54,Saturday,ST PATRICK STATION,MUIR,3,9,S,YU,5601
5751,2025-03-22,22:59,Saturday,ROYAL YORK STATION,MUIS,None,None,W,BD,5065
5752,2025-03-22,23:30,Saturday,VICTORIA PARK STATION,MUIRS,None,None,None,BD,None
5753,2025-03-22,23:46,Saturday,COLLEGE STATION,PUOPO,5,11,S,YU,5436
5754,2025-03-22,0:11,Saturday,KENNEDY BD STATION,PUTO,6,12,E,BD,5195
5755,2025-03-22,0:48,Saturday,KENNEDY BD STATION,PUTO,None,None,E,BD,5052
5756,2025-03-22,1:25,Saturday,VMC STATION,MUI,None,None,S,YU,5546
5757,2025-03-22,1:58,Saturday,KIPLING STATION,EUBK,3,9,W,BD,5361
5758,2025-03-22,22:04,Saturday,ST CLAIR STATION,SUDP,11,17,S,SHP,5916
5759,2025-03-23,8:00,Sunday,LINE 1 YONGE UNIVERSIT,MUCP,None,None,None,YU,None
5760,2025-03-23,8:14,Sunday,KIPLING STATION,SUG,5,10,E,BD,5361
5761,2025-03-23,9:10,Sunday,BLOOR STATION,SUG,None,None,S,YU,5496
5762,2025-03-23,10:43,Sunday,CHRISTIE STATION,EUDO,5,10,W,BD,5195
5763,2025-03-23,10:53,Sunday,WARDEN STATION,PUSTS,5,9,W,BD,5106
5764,2025-03-23,10:56,Sunday,DOWNSVIEW PARK STATION,PUMEL,None,None,None,YU,None
5765,2025-03-23,10:58,Sunday,BAY STATION,EUNT,9,13,W,BD,5258
5766,2025-03-23,11:03,Sunday,KIPLING STATION,EUNT,5,10,E,BD,5269
5767,2025-03-23,11:16,Sunday,KIPLING STATION,MUIS,None,None,None,BD,None
5768,2025-03-23,11:25,Sunday,KENNEDY BD STATION,MUIS,None,None,None,BD,None
5769,2025-03-23,11:54,Sunday,KENNEDY BD STATION,MUIS,None,None,None,BD,None
5770,2025-03-23,12:28,Sunday,ST CLAIR STATION,SUO,None,None,S,YU,5431
5771,2025-03-23,12:49,Sunday,ISLINGTON STATION,MUDD,None,None,W,BD,5146
5772,2025-03-23,13:36,Sunday,BATHURST STATION,SUDP,None,None,W,BD,None
5773,2025-03-23,13:39,Sunday,YONGE BD STATION,PUMEL,None,None,None,BD,None
5774,2025-03-23,13:54,Sunday,PAPE STATION,SUDP,15,19,W,BD,5142
5775,2025-03-23,14:13,Sunday,KING STATION,MUSAN,5,10,S,YU,5822
5776,2025-03-23,14:31,Sunday,BLOOR STATION,SUAP,None,None,None,YU,None
5777,2025-03-23,15:41,Sunday,DUFFERIN STATION,SUAP,None,None,None,BD,None
5778,2025-03-23,15:45,Sunday,KENNEDY BD STATION,PUTO,12,16,E,BD,5014
5779,2025-03-23,15:46,Sunday,KENNEDY BD STATION,PUTO,None,None,E,BD,5035
5780,2025-03-23,16:21,Sunday,KENNEDY BD STATION,PUTO,None,None,E,BD,5196
5781,2025-03-23,16:34,Sunday,BLOOR STATION,SUDP,None,None,S,YU,None
5782,2025-03-23,16:47,Sunday,VMC STATION,TUSUP,3,8,S,YU,5791
5783,2025-03-23,17:07,Sunday,BLOOR STATION,MUIS,None,None,N,YU,None
5784,2025-03-23,17:15,Sunday,KENNEDY BD STATION,PUTO,None,None,E,BD,5363
5785,2025-03-23,17:24,Sunday,ST GEORGE BD STATION,SUDP,4,9,E,BD,5035
5786,2025-03-23,17:29,Sunday,KENNEDY BD STATION,PUTO,9,13,E,BD,5340
5787,2025-03-23,17:39,Sunday,ST CLAIR STATION,SUDP,None,None,None,YU,None
5788,2025-03-23,17:58,Sunday,WARDEN STATION,EUSC,None,None,W,BD,5150
5789,2025-03-23,17:59,Sunday,COXWELL STATION,MUIS,None,None,None,BD,None
5790,2025-03-23,18:03,Sunday,DUNDAS WEST STATION,SUO,None,None,E,BD,5082
5791,2025-03-23,18:15,Sunday,PAPE STATION,EUBO,5,10,E,BD,5110
5792,2025-03-23,18:23,Sunday,KIPLING STATION,MUSAN,5,10,W,BD,5069
5793,2025-03-23,18:32,Sunday,CASTLE FRANK STATION,SUO,None,None,None,BD,None
5794,2025-03-23,18:54,Sunday,DUNDAS STATION,SUDP,None,None,S,YU,None
5795,2025-03-23,19:13,Sunday,ROSEDALE STATION,PUOPO,4,10,N,YU,5831
5796,2025-03-23,19:29,Sunday,KENNEDY BD STATION,PUTO,5,10,E,BD,5137
5797,2025-03-23,19:32,Sunday,JANE STATION,PUSNT,3,8,E,BD,5367
5798,2025-03-23,19:40,Sunday,BLOOR DANFORTH SUBWAY,MUGD,None,None,None,BD,None
5799,2025-03-23,19:47,Sunday,WARDEN STATION,MUO,5,10,W,BD,5137
5800,2025-03-23,20:20,Sunday,BAY STATION,MUPAA,None,None,E,BD,5235
5801,2025-03-23,20:21,Sunday,KENNEDY BD STATION,PUTO,5,10,E,BD,5289
5802,2025-03-23,20:30,Sunday,KENNEDY BD STATION,SUO,None,None,None,BD,None
5803,2025-03-23,20:31,Sunday,BAY STATION,SUO,None,None,None,BD,None
5804,2025-03-23,20:34,Sunday,KEELE STATION,SUG,None,None,None,BD,None
5805,2025-03-23,21:05,Sunday,YONGE BD STATION,SUDP,3,9,W,BD,5117
5806,2025-03-23,21:33,Sunday,KIPLING STATION,MUTO,3,9,E,BD,5260
5807,2025-03-23,21:43,Sunday,KENNEDY BD STATION,TUNIP,3,9,W,BD,5137
5808,2025-03-23,21:44,Sunday,DUNDAS WEST STATION,TUO,None,None,None,BD,None
5809,2025-03-23,21:56,Sunday,JANE STATION,SUDP,None,None,W,BD,None
5810,2025-03-23,22:00,Sunday,YONGE-UNIVERSITY AND B,MUO,None,None,None,YU/BD,None
5811,2025-03-23,22:07,Sunday,DUNDAS STATION,SUDP,None,None,None,YU,None
5812,2025-03-23,22:17,Sunday,EGLINTON STATION,MUIS,None,None,N,YU,None
5813,2025-03-23,22:25,Sunday,BLOOR STATION,SUDP,None,None,None,YU,None
5814,2025-03-23,22:32,Sunday,BATHURST STATION,MUTO,6,12,W,BD,5305
5815,2025-03-23,22:37,Sunday,HIGH PARK STATION,TUO,None,None,E,BD,5367
5816,2025-03-23,23:38,Sunday,SHEPPARD WEST STATION,EUDO,None,None,S,YU,5711
5817,2025-03-23,23:40,Sunday,WOODBINE STATION,SUDP,None,None,E,BD,5016
5818,2025-03-23,23:49,Sunday,BAY STATION,SUAP,None,None,None,BD,None
5819,2025-03-23,1:08,Sunday,GREENWOOD STATION,TUO,10,15,E,BD,5142
5820,2025-03-23,1:58,Sunday,KIPLING STATION,MUI,None,None,W,BD,5367
5821,2025-03-23,8:52,Sunday,LESLIE STATION,MUPAA,4,11,E,SHP,6146
5822,2025-03-24,2:40,Monday,VMC STATION,SUDP,None,None,None,YU,None
5823,2025-03-24,2:45,Monday,KIPLING STATION,SUDP,None,None,None,BD,None
5824,2025-03-24,5:30,Monday,CHRISTIE STATION,MUNCA,None,None,None,BD,None
5825,2025-03-24,5:40,Monday,KIPLING STATION,PUSI,10,None,E,BD,5367
5826,2025-03-24,5:46,Monday,VICTORIA PARK STATION,MUSC,None,None,W,BD,5028
5827,2025-03-24,5:50,Monday,KIPLING STATION,PUSI,120,122,E,BD,5289
5828,2025-03-24,5:59,Monday,KENNEDY BD STATION,EUME,3,5,E,BD,5079
5829,2025-03-24,6:01,Monday,UNION STATION,PUTWZ,19,None,S,YU,5651
5830,2025-03-24,6:36,Monday,FINCH WEST STATION,MUWEA,5,10,N,YU,5506
5831,2025-03-24,6:37,Monday,ST GEORGE BD STATION,EUCD,11,16,W,BD,5088
5832,2025-03-24,6:49,Monday,SUMMERHILL STATION,PUOPO,9,11,N,YU,5746
5833,2025-03-24,7:01,Monday,SUMMERHILL STATION,PUOPO,None,None,N,YU,5756
5834,2025-03-24,7:33,Monday,YONGE BD STATION,MUSC,None,None,W,BD,5123
5835,2025-03-24,8:18,Monday,WOODBINE STATION,MUD,3,5,W,BD,5161
5836,2025-03-24,8:18,Monday,UNION STATION,MUIRS,None,None,None,YU,None
5837,2025-03-24,8:22,Monday,SHEPPARD WEST STATION,MUIS,None,None,S,YU,None
5838,2025-03-24,8:24,Monday,SHERBOURNE STATION,MUIS,None,None,E,BD,None
5839,2025-03-24,8:29,Monday,DUNDAS STATION,MUIS,None,None,S,YU,None
5840,2025-03-24,9:13,Monday,SHERBOURNE STATION,MUNCA,None,None,None,BD,None
5841,2025-03-24,9:18,Monday,VICTORIA PARK STATION,MUSC,None,None,W,BD,5123
5842,2025-03-24,9:40,Monday,FINCH STATION,MUSAN,2,4,S,YU,5526
5843,2025-03-24,9:43,Monday,MUSEUM STATION,MUIR,None,None,N,YU,5826
5844,2025-03-24,9:50,Monday,CHESTER STATION,TUSC,5,8,E,BD,5363
5845,2025-03-24,9:57,Monday,ROSEDALE STATION,EUDO,4,7,N,YU,6116
5846,2025-03-24,10:35,Monday,ST GEORGE YUS STATION,MUIS,None,None,None,YU,None
5847,2025-03-24,10:41,Monday,ST CLAIR WEST STATION,MUIR,None,None,S,YU,5971
5848,2025-03-24,11:21,Monday,DUPONT STATION,MUI,18,23,N,YU,5966
5849,2025-03-24,12:19,Monday,VMC STATION,SUDP,15,20,N,YU,5766
5850,2025-03-24,12:21,Monday,UNION STATION,MUPAA,4,9,N,YU,5976
5851,2025-03-24,12:28,Monday,SPADINA YUS STATION,PUOPO,None,None,N,YU,5951
5852,2025-03-24,12:57,Monday,VMC STATION,PUOPO,None,None,S,YU,5706
5853,2025-03-24,13:05,Monday,SPADINA BD STATION,MUNCA,None,None,None,BD,None
5854,2025-03-24,13:13,Monday,WELLESLEY STATION,SUO,None,None,None,YU,None
5855,2025-03-24,13:22,Monday,YORKDALE STATION,MUSAN,4,8,N,YU,5481
5856,2025-03-24,13:46,Monday,GLENCAIRN STATION,SUDP,14,18,S,YU,5971
5857,2025-03-24,14:17,Monday,ST GEORGE YUS STATION,MUIS,None,None,None,YU,None
5858,2025-03-24,14:58,Monday,WARDEN STATION,SUO,None,None,None,BD,None
5859,2025-03-24,15:00,Monday,VICTORIA PARK STATION,TUMVS,4,8,W,BD,5062
5860,2025-03-24,15:02,Monday,DUFFERIN STATION,SUDP,None,None,W,BD,5123
5861,2025-03-24,15:34,Monday,HIGH PARK STATION,PUTR,5,8,E,BD,5144
5862,2025-03-24,15:42,Monday,BLOOR STATION,MUPAA,3,7,N,YU,5461
5863,2025-03-24,15:45,Monday,KIPLING STATION,SUDP,7,10,E,BD,5031
5864,2025-03-24,15:48,Monday,KIPLING STATION,TUMVS,None,None,W,BD,5085
5865,2025-03-24,15:51,Monday,HIGH PARK STATION,PUTR,5,8,E,BD,5369
5866,2025-03-24,15:55,Monday,ST GEORGE BD STATION,MUPAA,4,7,E,BD,5144
5867,2025-03-24,15:59,Monday,WILSON STATION,PUOPO,None,None,S,YU,5451
5868,2025-03-24,16:02,Monday,WELLESLEY STATION,SUDP,None,None,None,YU,None
5869,2025-03-24,16:30,Monday,ROYAL YORK STATION,MUSC,None,None,W,BD,5235
5870,2025-03-24,16:32,Monday,DAVISVILLE STATION,TUO,3,5,N,YU,6051
5871,2025-03-24,16:35,Monday,FINCH STATION,MUIR,3,7,N,YU,5546
5872,2025-03-24,16:45,Monday,SPADINA BD STATION,SUO,None,None,S,BD,None
5873,2025-03-24,16:47,Monday,KEELE STATION,MUSC,None,None,E,BD,5345
5874,2025-03-24,16:56,Monday,LAWRENCE WEST STATION,SUUT,None,None,N,YU,5416
5875,2025-03-24,17:11,Monday,DUNDAS STATION,SUDP,None,None,S,YU,None
5876,2025-03-24,17:11,Monday,ROYAL YORK STATION,EUNT,8,11,E,BD,5534
5877,2025-03-24,17:41,Monday,DUFFERIN STATION,SUO,None,None,None,BD,None
5878,2025-03-24,17:45,Monday,DUNDAS WEST STATION,TUKEY,5,8,W,BD,5270
5879,2025-03-24,17:53,Monday,ST GEORGE BD STATION,EUPI,9,12,E,BD,5237
5880,2025-03-24,18:16,Monday,SPADINA YUS STATION,SUDP,None,None,None,YU,None
5881,2025-03-24,18:20,Monday,DUNDAS STATION,MUIS,None,None,None,YU,None
5882,2025-03-24,18:36,Monday,MAIN STREET STATION,PUCSC,3,7,W,BD,5263
5883,2025-03-24,18:43,Monday,FINCH STATION,PUMEL,None,None,None,YU,None
5884,2025-03-24,18:43,Monday,KIPLING STATION,PUMST,None,None,None,BD,None
5885,2025-03-24,18:47,Monday,KENNEDY BD STATION,MUPAA,None,None,W,BD,5026
5886,2025-03-24,18:48,Monday,FINCH STATION,MUIS,None,None,None,YU,None
5887,2025-03-24,19:20,Monday,BLOOR DANFORTH SUBWAY,MUGD,None,None,None,BD,None
5888,2025-03-24,19:22,Monday,SHERBOURNE STATION,MUIRS,None,None,W,BD,5222
5889,2025-03-24,19:39,Monday,DUNDAS STATION,MUIRS,None,None,S,YU,None
5890,2025-03-24,20:08,Monday,BLOOR STATION,SUO,None,None,N,YU,None
5891,2025-03-24,20:26,Monday,WILSON STATION,MUNCA,None,None,None,YU,None
5892,2025-03-24,20:59,Monday,DUFFERIN STATION,MUIS,None,None,None,BD,None
5893,2025-03-24,21:03,Monday,VMC STATION,PUOPO,None,None,None,YU,5777
5894,2025-03-24,21:34,Monday,VICTORIA PARK STATION,MUIS,None,None,None,BD,None
5895,2025-03-24,22:00,Monday,YONGE-UNIVERSITY AND B,MUO,None,None,None,YU/BD,None
5896,2025-03-24,22:13,Monday,DUNDAS STATION,MUIS,None,None,None,YU,None
5897,2025-03-24,23:00,Monday,LINE 1 YONGE UNIVERSIT,MUO,None,None,None,YU,None
5898,2025-03-24,23:52,Monday,KIPLING STATION,EUSC,None,None,E,BD,5024
5899,2025-03-24,0:02,Monday,DUNDAS STATION,MUIS,None,None,None,YU,None
5900,2025-03-24,1:09,Monday,DUNDAS WEST STATION,SUEAS,7,12,E,BD,5220
5901,2025-03-24,1:09,Monday,DUNDAS STATION,PUOPO,None,None,S,YU,5476
5902,2025-03-24,1:24,Monday,DUFFERIN STATION,SUDP,None,None,None,BD,None
5903,2025-03-24,1:39,Monday,VMC STATION,SUDP,None,None,S,YU,None
5904,2025-03-24,2:12,Monday,BAYVIEW STATION,MUIS,None,None,None,SHP,None
5905,2025-03-24,10:36,Monday,SHEPPARD-YONGE STATION,MUPAA,4,11,E,SHP,6166
5906,2025-03-24,18:47,Monday,SHEPPARD-YONGE STATION,MUIS,None,None,None,SHP,None
5907,2025-03-24,19:23,Monday,SHEPPARD-YONGE STATION,PUMEL,None,None,None,SHP,None
5908,2025-03-25,2:30,Tuesday,DAVISVILLE STATION,SUDP,None,None,None,YU,None
5909,2025-03-25,2:33,Tuesday,VMC STATION,SUDP,None,None,S,YU,5696
5910,2025-03-25,6:15,Tuesday,BLOOR STATION,PUOPO,None,None,N,YU,5851
5911,2025-03-25,6:18,Tuesday,EGLINTON STATION,MUTO,3,6,N,YU,6006
5912,2025-03-25,6:28,Tuesday,ROYAL YORK STATION,MUO,4,8,E,BD,5065
5913,2025-03-25,7:08,Tuesday,FINCH STATION,PUOPO,None,None,S,YU,5556
5914,2025-03-25,7:29,Tuesday,ISLINGTON STATION,EUNT,4,6,W,BD,5335
5915,2025-03-25,7:48,Tuesday,WARDEN STATION,TUKEY,3,5,W,BD,5069
5916,2025-03-25,8:16,Tuesday,DAVISVILLE STATION,MUPAA,6,8,S,YU,5771
5917,2025-03-25,8:25,Tuesday,BLOOR STATION,MUIR,3,5,N,YU,5461
5918,2025-03-25,8:33,Tuesday,DUNDAS WEST STATION,SUO,4,6,E,BD,5310
5919,2025-03-25,8:41,Tuesday,WELLESLEY STATION,MUPAA,4,6,S,YU,6131
5920,2025-03-25,8:41,Tuesday,ST GEORGE BD STATION,MUIRS,None,None,None,BD,None
5921,2025-03-25,8:49,Tuesday,EGLINTON STATION,MUIRS,None,None,None,YU,None
5922,2025-03-25,8:50,Tuesday,KENNEDY BD STATION,MUSAN,3,5,E,BD,5341
5923,2025-03-25,9:53,Tuesday,VMC STATION,PUOPO,None,None,S,YU,5566
5924,2025-03-25,9:57,Tuesday,BLOOR STATION,SUDP,5,8,S,YU,6006
5925,2025-03-25,10:19,Tuesday,PAPE STATION,MUPAA,None,None,W,BD,5180
5926,2025-03-25,10:40,Tuesday,SOUTH HOSTLER,TUO,None,None,S,YU,5461
5927,2025-03-25,10:46,Tuesday,BAY STATION,PUSSW,None,None,E,BD,5183
5928,2025-03-25,11:06,Tuesday,BAY STATION,PUSSW,None,None,E,BD,5369
5929,2025-03-25,11:09,Tuesday,YONGE BD STATION,SUUT,None,None,E,BD,None
5930,2025-03-25,11:53,Tuesday,FINCH STATION,SUDP,None,None,None,YU,6076
5931,2025-03-25,12:28,Tuesday,KIPLING STATION,TUCC,26,30,W,BD,5106
5932,2025-03-25,12:37,Tuesday,KIPLING STATION,TUO,None,None,E,BD,5359
5933,2025-03-25,13:20,Tuesday,EGLINTON STATION,MUIR,17,21,N,YU,6016
5934,2025-03-25,13:27,Tuesday,LAWRENCE WEST STATION,SUDP,3,8,N,YU,5576
5935,2025-03-25,13:27,Tuesday,DUFFERIN STATION,SUDP,23,27,E,BD,5120
5936,2025-03-25,13:47,Tuesday,ST CLAIR WEST STATION,PUMO,None,None,None,YU,None
5937,2025-03-25,13:56,Tuesday,SHEPPARD WEST STATION,MUI,7,12,S,YU,5801
5938,2025-03-25,14:11,Tuesday,LAWRENCE STATION,MUI,3,7,N,YU,5521
5939,2025-03-25,15:08,Tuesday,ISLINGTON STATION,TUMVS,None,None,E,BD,5031
5940,2025-03-25,15:24,Tuesday,COXWELL STATION,TUNIP,3,7,E,BD,5080
5941,2025-03-25,15:38,Tuesday,CHRISTIE STATION,MUSAN,None,None,W,BD,5160
5942,2025-03-25,15:57,Tuesday,HIGH PARK STATION,PUTR,4,8,E,BD,5333
5943,2025-03-25,16:00,Tuesday,BATHURST STATION,SUO,None,None,None,BD,None
5944,2025-03-25,16:16,Tuesday,OSSINGTON STATION,MUSAN,6,9,W,BD,5150
5945,2025-03-25,16:19,Tuesday,KENNEDY BD STATION,MUIS,None,None,None,BD,None
5946,2025-03-25,17:16,Tuesday,LAWRENCE WEST STATION,MUI,11,14,N,YU,5811
5947,2025-03-25,18:26,Tuesday,BLOOR STATION,SUDP,None,None,None,YU,None
5948,2025-03-25,18:35,Tuesday,QUEEN'S PARK STATION,MUIS,None,None,None,YU,None
5949,2025-03-25,18:45,Tuesday,ROYAL YORK STATION,TUSC,None,None,E,BD,5031
5950,2025-03-25,19:47,Tuesday,CASTLE FRANK STATION,MUPAA,None,None,E,BD,5333
5951,2025-03-25,20:40,Tuesday,KEELE STATION,SUDP,None,None,E,BD,5183
5952,2025-03-25,20:59,Tuesday,CHRISTIE STATION,TUSC,None,None,W,BD,5161
5953,2025-03-25,21:11,Tuesday,KING STATION,PUMEL,None,None,None,YU,None
5954,2025-03-25,21:11,Tuesday,COXWELL STATION,MUIS,None,None,None,BD,None
5955,2025-03-25,21:16,Tuesday,YORK UNIVERSITY STATIO,PUMEL,None,None,None,YU,None
5956,2025-03-25,21:20,Tuesday,WILSON STATION,PUMEL,None,None,None,YU,None
5957,2025-03-25,21:21,Tuesday,UNION STATION,MUPAA,3,9,N,YU,5996
5958,2025-03-25,21:31,Tuesday,BLOOR STATION,MUPAA,5,10,S,YU,5946
5959,2025-03-25,21:35,Tuesday,ST PATRICK STATION,MUO,None,None,None,YU,None
5960,2025-03-25,21:37,Tuesday,DUFFERIN STATION,SUDP,16,32,None,BD,None
5961,2025-03-25,22:00,Tuesday,YONGE-UNIVERSITY AND B,MUO,None,None,None,YU,None
5962,2025-03-25,22:04,Tuesday,BLOOR STATION,SUO,8,12,N,YU,5731
5963,2025-03-25,23:00,Tuesday,LINE 1 YONGE UNIVERSIT,MUCP,None,None,None,YU,None
5964,2025-03-25,23:48,Tuesday,OSSINGTON STATION,MUPAA,None,None,E,BD,5240
5965,2025-03-25,0:09,Tuesday,KENNEDY BD STATION,PUMEL,None,None,None,BD,None
5966,2025-03-25,0:12,Tuesday,BLOOR STATION,MUIS,None,None,N,YU,None
5967,2025-03-25,0:16,Tuesday,DUFFERIN STATION,SUUT,None,None,W,BD,5142
5968,2025-03-25,1:01,Tuesday,ST GEORGE BD STATION,SUO,None,None,None,YU,None
5969,2025-03-25,1:09,Tuesday,ISLINGTON STATION,TUSC,None,None,E,BD,5157
5970,2025-03-25,6:58,Tuesday,BAYVIEW STATION,PUOPO,None,None,E,SHP,6181
5971,2025-03-26,2:05,Wednesday,MAIN STREET STATION,MUIS,None,None,None,BD,None
5972,2025-03-26,5:12,Wednesday,WOODBINE STATION,MUNCA,None,None,None,BD,None
5973,2025-03-26,5:31,Wednesday,FINCH STATION,PUTWZ,8,None,S,YU,6011
5974,2025-03-26,5:40,Wednesday,HILLCREST - GUNN BUILD,MUO,None,None,None,None,None
5975,2025-03-26,5:44,Wednesday,EGLINTON STATION,PUTWZ,5,10,N,YU,5846
5976,2025-03-26,6:08,Wednesday,SPADINA BD STATION,MUIRS,None,None,None,BD,None
5977,2025-03-26,6:34,Wednesday,PAPE STATION,MUD,4,7,E,BD,5320
5978,2025-03-26,7:23,Wednesday,MUSEUM STATION,MUPAA,3,5,S,YU,5596
5979,2025-03-26,8:34,Wednesday,FINCH WEST STATION,SUAP,None,None,N,YU,5716
5980,2025-03-26,8:42,Wednesday,SHEPPARD STATION,PUOPO,3,5,S,YU,5411
5981,2025-03-26,8:48,Wednesday,YORK MILLS STATION,PUOPO,12,15,S,YU,5411
5982,2025-03-26,9:28,Wednesday,KEELE STATION,MUSC,None,None,E,BD,5297
5983,2025-03-26,9:30,Wednesday,KEELE STATION,TUMVS,None,None,W,BD,5093
5984,2025-03-26,9:32,Wednesday,YORK MILLS STATION (AP,TUO,6,9,S,YU,5796
5985,2025-03-26,10:31,Wednesday,SHERBOURNE STATION,SUAP,13,17,E,BD,5062
5986,2025-03-26,10:47,Wednesday,BLOOR STATION,MUIRS,None,None,None,YU,None
5987,2025-03-26,11:01,Wednesday,FINCH STATION,SUDP,None,None,None,YU,None
5988,2025-03-26,11:02,Wednesday,BLOOR STATION,PUMEL,None,None,None,YU,None
5989,2025-03-26,11:06,Wednesday,COXWELL STATION,TUOS,3,7,W,BD,5093
5990,2025-03-26,11:16,Wednesday,WELLESLEY STATION,SUO,None,None,None,YU,None
5991,2025-03-26,12:11,Wednesday,BAY STATION,SUDP,None,None,None,BD,None
5992,2025-03-26,12:20,Wednesday,SHERBOURNE STATION,MUSC,None,None,E,BD,5183
5993,2025-03-26,12:36,Wednesday,HIGH PARK STATION,MUIR,3,7,W,BD,5225
5994,2025-03-26,12:53,Wednesday,WARDEN STATION,SUO,None,None,E,BD,5095
5995,2025-03-26,12:54,Wednesday,LAWRENCE WEST STATION,PUOPO,6,10,S,YU,5421
5996,2025-03-26,13:09,Wednesday,ST CLAIR WEST STATION,PUOPO,11,16,S,YU,5421
5997,2025-03-26,13:35,Wednesday,HIGH PARK STATION,MUIRS,None,None,W,BD,None
5998,2025-03-26,13:36,Wednesday,UNION STATION,PUOPO,3,8,N,YU,5421
5999,2025-03-26,13:45,Wednesday,KENNEDY BD STATION,MUSC,3,7,W,BD,5077
6000,2025-03-26,14:00,Wednesday,VMC STATION,MUIS,None,None,None,YU,5692
6001,2025-03-26,14:21,Wednesday,COLLEGE STATION,SUDP,None,None,N,YU,5711
6002,2025-03-26,14:41,Wednesday,MUSEUM STATION,PUMST,None,None,None,YU,None
6003,2025-03-26,15:01,Wednesday,JANE STATION,MUIS,None,None,None,BD,None
6004,2025-03-26,15:04,Wednesday,QUEEN STATION,PUMEL,None,None,S,YU,None
6005,2025-03-26,15:18,Wednesday,EGLINTON STATION,SUAP,25,29,S,YU,5626
6006,2025-03-26,15:28,Wednesday,WARDEN STATION,SUUT,6,9,W,BD,5046
6007,2025-03-26,15:33,Wednesday,SHEPPARD WEST STATION,MUIR,11,14,S,YU,5551
6008,2025-03-26,15:45,Wednesday,ST CLAIR STATION,SUPOL,6,10,N,YU,5546
6009,2025-03-26,16:04,Wednesday,GREENWOOD STATION,MUO,None,None,None,BD,None
6010,2025-03-26,17:05,Wednesday,BLOOR STATION,MUIS,None,None,N,YU,None
6011,2025-03-26,17:14,Wednesday,ST ANDREW STATION,SUO,None,None,None,YU,None
6012,2025-03-26,17:16,Wednesday,SHEPPARD STATION,MUIRS,None,None,None,YU,None
6013,2025-03-26,18:12,Wednesday,OSGOODE STATION,PUOPO,4,7,N,YU,5716
6014,2025-03-26,18:13,Wednesday,KIPLING STATION,TUNIP,3,6,E,BD,5052
6015,2025-03-26,19:35,Wednesday,OSSINGTON STATION,SUDP,4,8,W,BD,5046
6016,2025-03-26,19:38,Wednesday,HIGH PARK STATION,MUIR,7,11,W,BD,5211
6017,2025-03-26,19:44,Wednesday,FINCH STATION,MUIS,3,6,None,YU,5381
6018,2025-03-26,19:56,Wednesday,NORTH YORK CTR STATION,PUATC,7,10,S,YU,5806
6019,2025-03-26,20:20,Wednesday,COLLEGE STATION,MUPAA,3,7,N,YU,5581
6020,2025-03-26,20:42,Wednesday,NORTH YORK CTR STATION,MUIS,None,None,None,YU,None
6021,2025-03-26,21:29,Wednesday,ST CLAIR WEST STATION,SUAP,9,15,N,YU,6006
6022,2025-03-26,21:34,Wednesday,CASTLE FRANK STATION,MUIE,None,None,None,BD,None
6023,2025-03-26,22:00,Wednesday,YONGE-UNIVERSITY AND B,MUO,None,None,None,YUS/BD,None
6024,2025-03-26,22:03,Wednesday,ST ANDREW STATION,EUNT,8,14,N,YU,5876
6025,2025-03-26,22:23,Wednesday,JANE STATION,PUSTC,3,8,E,BD,5320
6026,2025-03-26,23:00,Wednesday,QUEEN'S PARK STATION,SUDP,6,12,N,YU,5591
6027,2025-03-26,23:00,Wednesday,LINE 1 YONGE UNIVERSIT,MUCP,None,None,None,YU,None
6028,2025-03-26,23:00,Wednesday,LAWRENCE STATION,EUVE,6,12,N,YU,5566
6029,2025-03-26,23:54,Wednesday,KENNEDY BD STATION,MUPAA,None,None,W,BD,5077
6030,2025-03-26,23:56,Wednesday,PAPE STATION,MUTO,6,11,E,BD,5120
6031,2025-03-26,0:35,Wednesday,BROADVIEW STATION,MUIS,None,None,None,BD,None
6032,2025-03-26,0:42,Wednesday,KENNEDY BD STATION,MUIS,None,None,None,BD,None
6033,2025-03-26,0:58,Wednesday,GREENWOOD STATION,TUSC,None,None,W,BD,5117
6034,2025-03-26,1:24,Wednesday,SHEPPARD WEST STATION,PUMEL,None,None,None,YU,None
6035,2025-03-27,2:02,Thursday,VMC STATION,SUDP,None,None,None,YU,5491
6036,2025-03-27,2:05,Thursday,ROSEDALE STATION,SUDP,None,None,S,YU,None
6037,2025-03-27,2:08,Thursday,EGLINTON STATION,MUI,None,None,S,YU,6076
6038,2025-03-27,2:10,Thursday,KIPLING STATION,MUIS,None,None,None,BD,None
6039,2025-03-27,4:13,Thursday,HIGHWAY 407 STATION,SUDP,None,None,None,YU,None
6040,2025-03-27,5:38,Thursday,EGLINTON STATION,MUO,4,None,N,YU,6026
6041,2025-03-27,5:40,Thursday,SUMMERHILL STATION,MUNCA,None,None,None,YU,None
6042,2025-03-27,5:57,Thursday,QUEEN'S PARK STATION,PUTWZ,5,None,S,YU,5901
6043,2025-03-27,5:59,Thursday,KING STATION,PUTR,8,None,S,YU,5886
6044,2025-03-27,6:05,Thursday,YONGE BD STATION,PUTDN,3,None,E,BD,5120
6045,2025-03-27,6:10,Thursday,ST GEORGE YUS STATION,PUTWZ,9,None,N,YU,5901
6046,2025-03-27,7:15,Thursday,JANE STATION,MUD,4,6,W,BD,5196
6047,2025-03-27,7:29,Thursday,BLOOR STATION,SUDP,None,None,S,YU,None
6048,2025-03-27,8:08,Thursday,QUEEN'S PARK STATION,SUUT,None,None,S,YU,6026
6049,2025-03-27,8:08,Thursday,ST CLAIR WEST STATION,MUI,4,7,S,YU,5566
6050,2025-03-27,8:39,Thursday,KENNEDY BD STATION,TUSC,None,None,E,BD,5145
6051,2025-03-27,8:41,Thursday,WILSON STATION,SUAE,None,None,None,YU,None
6052,2025-03-27,9:37,Thursday,KENNEDY BD STATION,MUIR,4,8,W,BD,5069
6053,2025-03-27,10:00,Thursday,KEELE YARD,MUSC,None,None,E,BD,5183
6054,2025-03-27,10:00,Thursday,HIGH PARK STATION,MUSC,4,8,E,BD,5078
6055,2025-03-27,10:01,Thursday,HIGH PARK STATION,MUSC,5,10,E,BD,5062
6056,2025-03-27,10:30,Thursday,CASTLE FRANK STATION,SUUT,None,None,E,BD,5187
6057,2025-03-27,10:34,Thursday,FINCH STATION,MUIR,4,8,S,YU,5591
6058,2025-03-27,10:36,Thursday,DOWNSVIEW PARK STATION,PUMEL,None,None,None,YU,None
6059,2025-03-27,11:11,Thursday,KENNEDY BD STATION,MUSC,4,8,W,BD,5088
6060,2025-03-27,11:14,Thursday,VMC STATION,MUIR,5,10,None,YU,5776
6061,2025-03-27,11:27,Thursday,WARDEN STATION,PUSSW,28,32,W,BD,5157
6062,2025-03-27,13:05,Thursday,GREENWOOD YARD,MUO,None,None,None,BD,None
6063,2025-03-27,13:20,Thursday,SHEPPARD WEST STATION,MUSAN,None,None,S,YU,5624
6064,2025-03-27,13:24,Thursday,LAWRENCE WEST STATION,MUI,14,19,S,YU,5906
6065,2025-03-27,13:31,Thursday,PIONEER VILLAGE STATIO,MUIS,None,None,None,YU,None
6066,2025-03-27,14:01,Thursday,SUMMERHILL STATION,PUMO,None,None,None,YU,None
6067,2025-03-27,14:31,Thursday,DONLANDS STATION,MUO,3,6,W,BD,5251
6068,2025-03-27,14:56,Thursday,FINCH STATION,SUDP,4,8,S,YU,6126
6069,2025-03-27,14:58,Thursday,KEELE STATION,PUMEL,None,None,None,BD,None
6070,2025-03-27,15:37,Thursday,HIGH PARK STATION,PUTR,4,7,E,BD,5062
6071,2025-03-27,15:37,Thursday,DUNDAS WEST STATION,PUTR,5,8,W,BD,5256
6072,2025-03-27,15:51,Thursday,DONLANDS STATION,MUPF,3,6,W,BD,None
6073,2025-03-27,16:00,Thursday,WARDEN STATION,EUSC,None,None,E,BD,5046
6074,2025-03-27,16:11,Thursday,DONLANDS STATION,MUPF,3,6,W,BD,None
6075,2025-03-27,16:16,Thursday,HIGH PARK STATION,PUTR,5,8,E,BD,5256
6076,2025-03-27,16:29,Thursday,MAIN STREET STATION,MUIS,None,None,None,BD,None
6077,2025-03-27,16:33,Thursday,ST CLAIR STATION,MUIR,7,11,N,YU,5601
6078,2025-03-27,17:02,Thursday,COLLEGE STATION,MUO,None,None,None,YU,None
6079,2025-03-27,17:55,Thursday,COXWELL STATION,MUPR1,109,112,E,BD,5131
6080,2025-03-27,17:56,Thursday,HIGHWAY 407 STATION,SUUT,20,23,S,YU,5551
6081,2025-03-27,18:04,Thursday,MAIN STREET STATION,SUUT,6,9,W,BD,5337
6082,2025-03-27,18:06,Thursday,ST GEORGE YUS STATION,PUMO,None,None,None,YU,None
6083,2025-03-27,18:41,Thursday,OSSINGTON STATION,MUPAA,None,None,W,BD,5363
6084,2025-03-27,18:49,Thursday,OSSINGTON STATION,MUPAA,None,None,E,BD,5238
6085,2025-03-27,19:02,Thursday,KENNEDY BD STATION,SUG,4,8,W,BD,5105
6086,2025-03-27,19:07,Thursday,ST ANDREW STATION,SUDP,7,10,S,YU,5816
6087,2025-03-27,19:29,Thursday,FINCH STATION,MUIRS,None,None,None,YU,None
6088,2025-03-27,19:39,Thursday,KENNEDY BD STATION,TUSC,None,None,E,BD,5353
6089,2025-03-27,20:18,Thursday,YONGE BD STATION,SUAP,None,None,None,BD,None
6090,2025-03-27,21:02,Thursday,QUEEN STATION,SUDP,None,None,None,YU,None
6091,2025-03-27,21:16,Thursday,ST GEORGE YUS STATION,MUPAA,4,8,N,YU,5741
6092,2025-03-27,21:38,Thursday,BAY STATION,MUIS,None,None,W,BD,None
6093,2025-03-27,21:46,Thursday,SPADINA BD STATION,TUO,None,None,E,BD,5244
6094,2025-03-27,22:00,Thursday,YONGE-UNIVERSITY AND B,MUO,None,None,None,YU/BD,None
6095,2025-03-27,22:43,Thursday,BLOOR STATION,MUIS,None,None,None,YU,None
6096,2025-03-27,23:00,Thursday,LINE 1 YONGE UNIVERSIT,MUCP,None,None,None,YU,None
6097,2025-03-27,0:15,Thursday,GLENCAIRN STATION,MUIS,None,None,None,YU,None
6098,2025-03-27,0:54,Thursday,DUNDAS STATION,SUUT,None,None,N,YU,None
6099,2025-03-27,1:10,Thursday,SHERBOURNE STATION,MUD,5,10,W,BD,5050
6100,2025-03-27,14:44,Thursday,BAYVIEW STATION,EUSC,None,None,E,SHP,6181
6101,2025-03-27,19:20,Thursday,DON MILLS STATION,MUIRS,None,None,W,SHP,6186
6102,2025-03-28,2:01,Friday,VMC STATION,SUDP,None,None,None,YU,5796
6103,2025-03-28,4:35,Friday,DUNDAS STATION,MUNCA,None,None,None,YU,None
6104,2025-03-28,5:59,Friday,KING STATION,PUTWZ,7,None,S,YU,5686
6105,2025-03-28,6:02,Friday,GREENWOOD STATION,TUCC,3,5,E,BD,5229
6106,2025-03-28,6:16,Friday,DONLANDS STATION,EUVE,4,9,E,BD,5014
6107,2025-03-28,6:25,Friday,OLD MILL STATION,EUSC,None,None,E,BD,5123
6108,2025-03-28,7:00,Friday,ISLINGTON STATION,MUIR,3,5,W,BD,5340
6109,2025-03-28,7:38,Friday,LAWRENCE STATION,MUIE,None,None,None,YU,None
6110,2025-03-28,7:42,Friday,KEELE STATION,MUSC,None,None,W,BD,5111
6111,2025-03-28,7:59,Friday,BATHURST STATION,SUDP,None,None,None,BD,None
6112,2025-03-28,8:38,Friday,WARDEN STATION,TUCC,5,7,E,BD,5269
6113,2025-03-28,8:44,Friday,ST GEORGE YUS STATION,PUMO,None,None,S,YU,5766
6114,2025-03-28,8:49,Friday,DAVISVILLE STATION,PUOPO,5,8,N,YU,5421
6115,2025-03-28,8:52,Friday,DUNDAS WEST STATION,MUSC,3,5,E,BD,5070
6116,2025-03-28,8:58,Friday,ST GEORGE YUS STATION,PUMO,None,None,N,YU,6076
6117,2025-03-28,9:13,Friday,KIPLING STATION,EUSC,None,None,W,BD,5069
6118,2025-03-28,9:58,Friday,ST GEORGE BD STATION,PUMEL,None,None,None,BD,None
6119,2025-03-28,10:01,Friday,ROYAL YORK STATION,MUIR,7,9,E,BD,5123
6120,2025-03-28,10:14,Friday,KENNEDY BD STATION,SUO,None,None,None,BD,None
6121,2025-03-28,10:55,Friday,KEELE STATION,MUSC,None,None,E,BD,5196
6122,2025-03-28,10:57,Friday,ST PATRICK STATION,MUPAA,8,11,N,YU,5771
6123,2025-03-28,11:20,Friday,EGLINTON STATION,SUUT,None,None,N,YU,5631
6124,2025-03-28,12:18,Friday,KIPLING STATION,TUCC,21,25,W,BD,5242
6125,2025-03-28,12:34,Friday,COLLEGE STATION,MUIS,None,None,None,YU,None
6126,2025-03-28,12:38,Friday,LANSDOWNE STATION,EUNT,None,None,E,BD,5256
6127,2025-03-28,13:31,Friday,KENNEDY BD STATION,MUI,4,8,E,BD,5026
6128,2025-03-28,13:52,Friday,GREENWOOD STATION,MUIR,13,17,E,BD,5108
6129,2025-03-28,14:12,Friday,MUSEUM STATION,MUIRS,None,None,S,YU,None
6130,2025-03-28,14:28,Friday,ROYAL YORK STATION,TUSC,None,None,E,BD,5196
6131,2025-03-28,14:38,Friday,KENNEDY BD STATION,MUIR,4,8,W,BD,5117
6132,2025-03-28,14:41,Friday,WARDEN STATION,TUCC,4,8,E,BD,5164
6133,2025-03-28,14:54,Friday,KING STATION,MUIR,6,10,S,YU,5686
6134,2025-03-28,15:24,Friday,PIONEER VILLAGE STATIO,MUIR,7,11,S,YU,5571
6135,2025-03-28,15:26,Friday,SPADINA YUS STATION,MUIS,None,None,S,YU,5531
6136,2025-03-28,15:40,Friday,SPADINA YUS STATION,MUIR,9,13,S,YU,5581
6137,2025-03-28,15:44,Friday,BLOOR STATION,MUDD,6,10,N,YU,6121
6138,2025-03-28,16:21,Friday,KEELE STATION,MUPAA,7,10,W,BD,5369
6139,2025-03-28,16:28,Friday,NORTH YORK CTR STATION,SUDP,None,None,S,YU,None
6140,2025-03-28,17:22,Friday,ISLINGTON STATION,MUSC,None,None,E,BD,5175
6141,2025-03-28,17:24,Friday,SUMMERHILL STATION,MUPAA,3,8,N,YU,5631
6142,2025-03-28,17:32,Friday,DUNDAS STATION,MUIRS,None,None,S,YU,None
6143,2025-03-28,17:44,Friday,DUNDAS WEST STATION,MUSC,None,None,E,BD,5246
6144,2025-03-28,18:05,Friday,ISLINGTON STATION,MUSC,None,None,E,BD,5172
6145,2025-03-28,18:26,Friday,WELLESLEY STATION,SUO,5,7,S,YU,5391
6146,2025-03-28,19:21,Friday,LAWRENCE STATION,MUPAA,4,6,N,YU,6086
6147,2025-03-28,19:31,Friday,YONGE BD STATION,SUUT,8,13,W,BD,5242
6148,2025-03-28,19:35,Friday,FINCH WEST STATION,SUSA,None,None,N,YU,5816
6149,2025-03-28,19:46,Friday,FINCH STATION,SUDP,3,6,S,YU,5576
6150,2025-03-28,20:18,Friday,DUNDAS STATION,MUIS,None,None,S,YU,None
6151,2025-03-28,20:30,Friday,YONGE BD STATION,MUIS,None,None,None,BD,None
6152,2025-03-28,20:39,Friday,VMC STATION,MUIS,None,None,None,YU,None
6153,2025-03-28,20:55,Friday,QUEEN STATION,MUD,4,8,N,YU,5566
6154,2025-03-28,21:01,Friday,COLLEGE STATION,TUO,5,9,N,YU,5566
6155,2025-03-28,21:03,Friday,FINCH STATION,SUO,None,None,None,YU,None
6156,2025-03-28,21:34,Friday,COLLEGE STATION,TUNCA,None,None,None,YU,None
6157,2025-03-28,21:44,Friday,BLOOR STATION,PUMST,None,None,None,YU,None
6158,2025-03-28,21:56,Friday,KENNEDY BD STATION,TUSC,None,None,E,BD,5196
6159,2025-03-28,22:06,Friday,JANE STATION,MUPAA,4,9,E,BD,5333
6160,2025-03-28,22:23,Friday,COLLEGE STATION,MUD,7,13,N,YU,6071
6161,2025-03-28,22:29,Friday,RUNNYMEDE STATION,MUIS,None,None,None,BD,None
6162,2025-03-28,22:37,Friday,DUNDAS STATION,MUIS,6,12,N,YU,6016
6163,2025-03-28,23:00,Friday,VICTORIA PARK STATION,MUCP,None,None,None,BD,None
6164,2025-03-28,23:00,Friday,LINE 1 YONGE UNIVERSIT,MUCP,None,None,None,YU,None
6165,2025-03-28,23:17,Friday,EGLINTON STATION,MUPAA,5,11,N,YU,5576
6166,2025-03-28,23:19,Friday,VICTORIA PARK STATION,MUIS,None,None,None,BD,None
6167,2025-03-28,23:27,Friday,VICTORIA PARK STATION,MUSAN,4,8,W,BD,5078
6168,2025-03-28,23:51,Friday,KENNEDY BD STATION,PUMO,None,None,None,BD,None
6169,2025-03-28,23:59,Friday,KENNEDY BD STATION,MUIS,None,None,None,BD,None
6170,2025-03-28,0:00,Friday,COLLEGE STATION,MUIS,None,None,None,YU,None
6171,2025-03-28,0:14,Friday,COLLEGE STATION,SUDP,None,None,None,YU,None
6172,2025-03-28,0:36,Friday,ST CLAIR STATION,SUG,None,None,S,YU,5561
6173,2025-03-28,0:43,Friday,ST GEORGE BD STATION,TUSUP,None,None,W,BD,5127
6174,2025-03-28,0:50,Friday,SHEPPARD-YONGE STATION,TUSC,None,None,W,SHP,5176
6175,2025-03-29,4:59,Saturday,KEELE STATION,EUSC,None,None,W,BD,5158
6176,2025-03-29,5:40,Saturday,UNION STATION,MUIS,None,None,None,YU,None
6177,2025-03-29,6:00,Saturday,TORONTO TRANSIT COMMIS,MUO,None,None,None,YU/BD,None
6178,2025-03-29,6:09,Saturday,UNION STATION,PUTWZ,16,None,N,YU,5866
6179,2025-03-29,6:15,Saturday,OSGOODE STATION,PUTWZ,11,None,S,YU,6086
6180,2025-03-29,6:18,Saturday,UNION STATION,PUTR,6,None,S,YU,5811
6181,2025-03-29,6:47,Saturday,VICTORIA PARK STATION,PUMST,None,None,None,BD,None
6182,2025-03-29,7:25,Saturday,VICTORIA PARK STATION,MUIRS,None,None,None,BD,None
6183,2025-03-29,8:33,Saturday,SUBWAY CLOSURE,MUCP,None,None,None,BD,None
6184,2025-03-29,8:35,Saturday,CHESTER STATION,SUDP,None,None,None,BD,None
6185,2025-03-29,9:18,Saturday,OSSINGTON STATION,TUMVS,10,15,E,BD,5251
6186,2025-03-29,9:46,Saturday,VICTORIA PARK STATION,PUSNT,None,None,W,BD,5091
6187,2025-03-29,9:52,Saturday,ROYAL YORK STATION,MUNCA,None,None,None,BD,None
6188,2025-03-29,11:20,Saturday,COLLEGE STATION,PUOPO,3,7,N,YU,5926
6189,2025-03-29,11:48,Saturday,MAIN STREET STATION,MUIS,None,None,None,BD,None
6190,2025-03-29,12:00,Saturday,GLENCAIRN STATION,MUNCA,None,None,None,YU,None
6191,2025-03-29,13:04,Saturday,KEELE STATION,SUDP,None,None,E,BD,5097
6192,2025-03-29,13:27,Saturday,COLLEGE STATION,SUAP,None,None,None,YU,None
6193,2025-03-29,13:40,Saturday,KENNEDY BD STATION,SUDP,None,None,None,BD,None
6194,2025-03-29,15:16,Saturday,QUEEN'S PARK STATION,SUDP,3,7,S,YU,5746
6195,2025-03-29,15:44,Saturday,BLOOR STATION,SUDP,None,None,S,YU,None
6196,2025-03-29,15:55,Saturday,WARDEN STATION,SUO,None,None,None,BD,None
6197,2025-03-29,15:57,Saturday,CASTLE FRANK STATION,SUO,3,8,W,BD,5035
6198,2025-03-29,16:36,Saturday,MUSEUM STATION,TUO,4,8,S,YU,5881
6199,2025-03-29,17:16,Saturday,BLOOR STATION,SUDP,None,None,S,YU,None
6200,2025-03-29,17:19,Saturday,VICTORIA PARK STATION,MUSC,None,None,E,BD,5098
6201,2025-03-29,17:48,Saturday,ST GEORGE BD STATION,SUAP,None,None,E,BD,5057
6202,2025-03-29,17:48,Saturday,LAWRENCE STATION,TUO,9,12,N,YU,5806
6203,2025-03-29,17:48,Saturday,ST GEORGE YUS STATION,SUAP,None,None,S,YU,5581
6204,2025-03-29,18:03,Saturday,DUNDAS STATION,SUDP,None,None,S,YU,None
6205,2025-03-29,18:51,Saturday,BLOOR STATION,SUAP,None,None,E,YU,None
6206,2025-03-29,18:54,Saturday,SHEPPARD STATION,EUYRD,4,8,N,YU,5746
6207,2025-03-29,19:01,Saturday,ROYAL YORK STATION,MUIRS,None,None,E,BD,None
6208,2025-03-29,19:07,Saturday,COLLEGE STATION,PUOPO,3,7,S,YU,5941
6209,2025-03-29,19:10,Saturday,QUEEN STATION,PUMEL,None,None,N,YU,None
6210,2025-03-29,19:32,Saturday,KEELE STATION,MUIS,None,None,W,BD,None
6211,2025-03-29,20:22,Saturday,FINCH STATION,MUSAN,None,None,S,YU,5936
6212,2025-03-29,21:36,Saturday,YONGE BD STATION,MUIS,None,None,None,BD,None
6213,2025-03-29,22:00,Saturday,YONGE-UNIVERSITY AND B,MUO,None,None,None,YUS/ BD,None
6214,2025-03-29,22:00,Saturday,YONGE-UNIVERSITY AND B,MUO,None,None,None,YU,None
6215,2025-03-29,22:23,Saturday,VMC STATION,PUATC,4,9,S,YU,5756
6216,2025-03-29,22:33,Saturday,YORK UNIVERSITY STATIO,PUATC,6,11,S,YU,5756
6217,2025-03-29,22:49,Saturday,FINCH WEST STATION,PUATC,5,10,S,YU,5756
6218,2025-03-29,23:27,Saturday,ST ANDREW STATION,SUDP,6,11,N,YU,5556
6219,2025-03-29,23:36,Saturday,OSGOODE STATION,SUDP,3,8,N,YU,5556
6220,2025-03-29,0:03,Saturday,YORKDALE STATION,SUO,3,9,N,YU,5556
6221,2025-03-29,0:08,Saturday,VICTORIA PARK STATION,MUIS,None,None,None,BD,None
6222,2025-03-29,1:03,Saturday,BAY STATION,SUAE,None,None,None,BD,None
6223,2025-03-29,1:04,Saturday,RUNNYMEDE STATION,MUIRS,None,None,None,BD,None
6224,2025-03-29,1:46,Saturday,VMC STATION,SUO,None,None,None,YU,None
6225,2025-03-29,1:48,Saturday,WILSON STATION,TUNCA,None,None,None,YU,None
6226,2025-03-29,1:49,Saturday,BROADVIEW STATION,MUIS,None,None,None,BD,None
6227,2025-03-29,6:00,Saturday,TORONTO TRANSIT COMMIS,MUO,None,None,None,SHP,None
6228,2025-03-29,10:25,Saturday,SHEPPARD-YONGE STATION,SUDP,4,11,W,SHP,6166
6229,2025-03-30,2:19,Sunday,WILSON STATION,SUUT,None,None,N,YU,5406
6230,2025-03-30,2:20,Sunday,WARDEN STATION,TUMVS,None,None,E,BD,5187
6231,2025-03-30,7:35,Sunday,DONLANDS STATION,EUSC,None,None,W,BD,5158
6232,2025-03-30,7:42,Sunday,WILSON STATION,EUDO,8,None,S,YU,5831
6233,2025-03-30,8:49,Sunday,WILSON STATION,SUDP,6,12,S,YU,5806
6234,2025-03-30,9:18,Sunday,VMC STATION,MUPAA,6,12,S,YU,5496
6235,2025-03-30,9:29,Sunday,DUNDAS STATION,SUDP,None,None,S,YU,None
6236,2025-03-30,9:54,Sunday,ST PATRICK STATION,MUIS,None,None,None,YU,None
6237,2025-03-30,10:09,Sunday,CHRISTIE STATION,MUI,23,28,E,BD,5097
6238,2025-03-30,10:20,Sunday,SPADINA YUS STATION,SUAP,26,30,S,YU,5776
6239,2025-03-30,10:44,Sunday,ISLINGTON STATION,MUSC,None,None,E,BD,5070
6240,2025-03-30,11:37,Sunday,DUNDAS STATION,SUO,None,None,N,YU,5866
6241,2025-03-30,11:47,Sunday,COXWELL STATION,TUO,4,9,W,BD,5077
6242,2025-03-30,12:39,Sunday,LAWRENCE WEST STATION,PUOPO,None,None,S,YU,5931
6243,2025-03-30,12:55,Sunday,SPADINA BD STATION,SUDP,None,None,E,BD,5235
6244,2025-03-30,13:58,Sunday,EGLINTON STATION,PUMEL,None,None,None,YU,None
6245,2025-03-30,14:00,Sunday,MAIN STREET STATION,MUDD,11,17,W,BD,5203
6246,2025-03-30,14:12,Sunday,COLLEGE STATION,PUOPO,3,7,S,YU,5936
6247,2025-03-30,14:50,Sunday,ST CLAIR STATION,PUMEL,None,None,None,YU,None
6248,2025-03-30,15:07,Sunday,CHRISTIE STATION,SUO,4,8,E,BD,5196
6249,2025-03-30,15:52,Sunday,LAWRENCE WEST STATION,MUNCA,None,None,None,YU,None
6250,2025-03-30,16:12,Sunday,COLLEGE STATION,MUNCA,None,None,None,YU,None
6251,2025-03-30,16:26,Sunday,VICTORIA PARK STATION,MUIS,None,None,E,BD,None
6252,2025-03-30,16:40,Sunday,COLLEGE STATION,EUATC,8,12,N,YU,5776
6253,2025-03-30,16:58,Sunday,DUNDAS STATION,SUO,None,None,S,YU,5566
6254,2025-03-30,17:12,Sunday,ST CLAIR STATION,SUDP,6,10,N,YU,5551
6255,2025-03-30,18:41,Sunday,ST CLAIR WEST STATION,MUIS,None,None,None,YU,None
6256,2025-03-30,19:11,Sunday,HIGHWAY 407 STATION,MUIS,None,None,N,YU,None
6257,2025-03-30,19:50,Sunday,KEELE STATION,SUO,None,None,None,BD,None
6258,2025-03-30,20:20,Sunday,ST CLAIR STATION,MUNCA,None,None,S,YU,None
6259,2025-03-30,20:21,Sunday,BLOOR STATION,MUIS,None,None,S,YU,None
6260,2025-03-30,21:10,Sunday,DUFFERIN STATION,SUDP,4,9,E,BD,5305
6261,2025-03-30,21:15,Sunday,ISLINGTON STATION,PUSNT,3,8,E,BD,5196
6262,2025-03-30,21:39,Sunday,ISLINGTON STATION,PUSNT,None,None,E,BD,5148
6263,2025-03-30,21:47,Sunday,ISLINGTON STATION,PUSNT,3,6,E,BD,5269
6264,2025-03-30,22:00,Sunday,YONGE-UNIVERSITY AND B,MUO,None,None,None,YU/BD,None
6265,2025-03-30,22:12,Sunday,SHEPPARD WEST STATION,SUUT,None,None,S,YU,5526
6266,2025-03-30,23:34,Sunday,RUNNYMEDE STATION,SUDP,18,23,E,BD,5269
6267,2025-03-30,0:01,Sunday,VMC STATION,MUNCA,None,None,None,YU,None
6268,2025-03-30,0:17,Sunday,DAVISVILLE YARD,MUO,None,None,None,None,None
6269,2025-03-30,0:22,Sunday,JANE STATION,TUNIP,5,10,W,BD,5161
6270,2025-03-30,0:30,Sunday,PIONEER VILLAGE STATIO,MUNCA,None,None,None,YU,None
6271,2025-03-30,1:43,Sunday,VMC STATION,MUIS,None,None,N,YU,5546
6272,2025-03-30,1:49,Sunday,GREENWOOD YARD,PUTOE,11,16,E,BD,5098
6273,2025-03-30,9:08,Sunday,DON MILLS STATION,TUSC,3,8,E,SHP,6161
6274,2025-03-30,19:00,Sunday,BAYVIEW STATION,MUNCA,None,None,None,SHP,None
6275,2025-03-31,2:09,Monday,KENNEDY BD STATION,MUIS,None,None,None,BD,None
6276,2025-03-31,4:42,Monday,BLOOR STATION,PUTO,None,None,S,YU,None
6277,2025-03-31,5:15,Monday,COXWELL STATION,MUNCA,None,None,None,BD,None
6278,2025-03-31,5:20,Monday,DAVISVILLE STATION,MUNCA,None,None,None,YU,None
6279,2025-03-31,5:25,Monday,COLLEGE STATION,MUNCA,None,None,None,YU,None
6280,2025-03-31,5:25,Monday,BROADVIEW STATION,MUNCA,None,None,None,BD,None
6281,2025-03-31,5:30,Monday,DUPONT STATION,MUNCA,None,None,None,YU,None
6282,2025-03-31,5:51,Monday,DONLANDS STATION,TUO,4,None,W,BD,5026
6283,2025-03-31,5:59,Monday,KING STATION,PUTR,8,None,S,YU,5526
6284,2025-03-31,6:24,Monday,VICTORIA PARK STATION,MUSC,None,None,W,BD,5230
6285,2025-03-31,6:28,Monday,JANE STATION,MUPAA,None,None,E,BD,5024
6286,2025-03-31,7:27,Monday,EGLINTON STATION,TUO,2,4,N,YU,5766
6287,2025-03-31,8:06,Monday,ST. CLAIR WEST STATION,SUDP,None,None,None,YU,None
6288,2025-03-31,8:14,Monday,OLD MILL STATION,EUSC,None,None,E,BD,5123
6289,2025-03-31,8:20,Monday,BATHURST STATION,SUO,None,None,E,BD,5233
6290,2025-03-31,8:22,Monday,DUNDAS WEST STATION,MUI,6,9,W,BD,5251
6291,2025-03-31,8:23,Monday,VICTORIA PARK STATION,SUDP,None,None,None,BD,None
6292,2025-03-31,8:24,Monday,LANSDOWNE STATION,EUSC,None,None,E,BD,5123
6293,2025-03-31,8:34,Monday,DUFFERIN STATION,EUDO,4,6,E,BD,5172
6294,2025-03-31,8:38,Monday,OSSINGTON STATION,EUCD,11,13,E,BD,5172
6295,2025-03-31,8:52,Monday,DUNDAS WEST STATION,MUSC,None,None,E,BD,5148
6296,2025-03-31,8:57,Monday,ISLINGTON STATION,MUIR,4,6,E,BD,5229
6297,2025-03-31,9:06,Monday,BATHURST STATION,EUNT,4,6,E,BD,5118
6298,2025-03-31,9:27,Monday,DUNDAS STATION,SUAP,None,None,S,YU,None
6299,2025-03-31,10:32,Monday,MUSEUM STATION,PUOPO,None,None,S,YU,5796
6300,2025-03-31,10:51,Monday,YORK UNIVERSITY STATIO,PUOPO,5,10,S,YU,5416
6301,2025-03-31,10:57,Monday,KENNEDY BD STATION,PUMEL,None,None,None,BD,None
6302,2025-03-31,10:57,Monday,FINCH WEST STATION,PUOPO,5,10,S,YU,5416
6303,2025-03-31,11:55,Monday,FINCH STATION,MUIRS,None,None,N,YU,5621
6304,2025-03-31,12:35,Monday,UNION STATION,MUIE,None,None,None,YU,None
6305,2025-03-31,12:59,Monday,EGLINTON WEST STATION,EUPI,None,None,S,YU,5721
6306,2025-03-31,13:28,Monday,FINCH STATION,MUIRS,None,None,None,YU,None
6307,2025-03-31,13:41,Monday,VMC STATION,PUOPO,None,None,None,YU,5846
6308,2025-03-31,13:42,Monday,DUFFERIN STATION,MUIRS,None,None,None,BD,None
6309,2025-03-31,14:13,Monday,YONGE BD STATION,SUDP,None,None,E,BD,5050
6310,2025-03-31,14:13,Monday,BLOOR STATION,SUDP,6,10,N,YU,5656
6311,2025-03-31,14:48,Monday,LAWRENCE WEST STATION,PUOPO,8,12,S,YU,5416
6312,2025-03-31,14:51,Monday,PAPE STATION,MUIS,None,None,W,BD,None
6313,2025-03-31,14:59,Monday,EGLINTON WEST STATION,PUOPO,27,31,S,YU,5416
6314,2025-03-31,15:00,Monday,ST GEORGE BD STATION,SUO,3,7,W,BD,5132
6315,2025-03-31,15:06,Monday,BLOOR STATION,MUIS,None,None,S,YU,None
6316,2025-03-31,15:20,Monday,DUNDAS STATION,SUO,None,None,None,YU,None
6317,2025-03-31,15:32,Monday,SPADINA BD STATION,SUO,5,8,W,BD,5091
6318,2025-03-31,15:43,Monday,FINCH STATION,MUI,4,8,S,YU,5476
6319,2025-03-31,15:51,Monday,KEELE STATION,MUSC,None,None,W,BD,5020
6320,2025-03-31,15:55,Monday,KEELE STATION,MUSC,5,9,W,BD,5164
6321,2025-03-31,15:57,Monday,HIGH PARK STATION,PUTR,3,7,E,BD,5057
6322,2025-03-31,16:04,Monday,WARDEN STATION,MUI,14,18,E,BD,5172
6323,2025-03-31,16:06,Monday,CHRISTIE STATION,TUMVS,None,None,W,BD,5141
6324,2025-03-31,16:50,Monday,FINCH STATION,MUIS,4,8,None,YU,5601
6325,2025-03-31,16:53,Monday,ROSEDALE STATION,SUUT,None,None,N,YU,5751
6326,2025-03-31,16:55,Monday,ST CLAIR STATION,SUUT,None,None,N,YU,5541
6327,2025-03-31,17:09,Monday,KENNEDY BD STATION,MUI,3,6,W,BD,5164
6328,2025-03-31,17:17,Monday,DOWNSVIEW PARK STATION,MUIR,9,11,N,YU,6056
6329,2025-03-31,17:46,Monday,LAWRENCE STATION,MUO,4,6,N,YU,5606
6330,2025-03-31,18:00,Monday,JANE STATION,SUDP,None,None,None,BD,None
6331,2025-03-31,18:03,Monday,ST GEORGE YUS STATION,MUSAN,5,7,N,YU,5491
6332,2025-03-31,18:27,Monday,JANE STATION,MUNCA,None,None,None,BD,None
6333,2025-03-31,18:41,Monday,WILSON STATION,SUDP,7,10,S,YU,5586
6334,2025-03-31,18:56,Monday,FINCH WEST STATION,PUOPO,None,None,N,YU,5421
6335,2025-03-31,18:57,Monday,VICTORIA PARK STATION,SUAP,None,None,None,BD,None
6336,2025-03-31,18:57,Monday,DUNDAS STATION,MUIRS,None,None,N,YU,None
6337,2025-03-31,19:53,Monday,VICTORIA PARK STATION,MUIS,None,None,None,BD,None
6338,2025-03-31,20:33,Monday,JANE STATION,PUTIJ,3,7,E,BD,5039
6339,2025-03-31,20:45,Monday,KIPLING STATION,TUSC,None,None,W,BD,5158
6340,2025-03-31,20:50,Monday,FINCH STATION,MUIR,6,12,S,YU,5666
6341,2025-03-31,21:39,Monday,DUNDAS STATION,SUO,None,None,None,YU,None
6342,2025-03-31,22:00,Monday,BLOOR STATION,MUIS,None,None,None,YU,None
6343,2025-03-31,22:03,Monday,JANE STATION,MUSC,3,8,E,BD,5024
6344,2025-03-31,22:16,Monday,BAY STATION,SUDP,None,None,None,BD,None
6345,2025-03-31,22:39,Monday,VMC STATION,MUIR,6,12,S,YU,5561
6346,2025-03-31,23:00,Monday,LINE 1 YONGE UNIVERSIT,MUCP,None,None,None,YU,None
6347,2025-03-31,23:02,Monday,ST CLAIR STATION,SUDP,None,None,S,YU,None
6348,2025-03-31,23:24,Monday,WELLESLEY STATION,MUPR1,140,146,S,YU,5741
6349,2025-03-31,23:41,Monday,ISLINGTON STATION,SUUT,10,15,E,BD,5118
6350,2025-03-31,23:43,Monday,DUNDAS STATION,SUDP,6,12,S,YU,5841
6351,2025-03-31,23:48,Monday,KING STATION,MUIS,None,None,None,YU,None
6352,2025-03-31,0:11,Monday,SHERBOURNE STATION,MUIS,None,None,W,BD,5082
6353,2025-03-31,1:36,Monday,SHEPPARD WEST STATION,MUIS,None,None,S,YU,5711
6354,2025-03-31,6:15,Monday,SHEPPARD-YONGE STATION,PUTWZ,7,None,E,SHP,6166
6355,2025-03-31,7:39,Monday,DON MILLS STATION,TUSC,None,None,W,SHP,6196
6356,2025-03-31,23:53,Monday,BAYVIEW STATION,SUDP,None,None,None,SHP,None
6357,2025-03-31,1:57,Monday,DON MILLS STATION,SUDP,None,None,None,SHP,None
6358,2025-04-01,2:00,Tuesday,COLLEGE STATION,SUDP,None,None,None,YU,None
6359,2025-04-01,2:18,Tuesday,VMC STATION,MUIS,None,None,None,YU,None
6360,2025-04-01,2:28,Tuesday,KIPLING STATION,MUIS,None,None,None,BD,None
6361,2025-04-01,2:59,Tuesday,DOWNSVIEW PARK STATION,MUI,48,None,S,YU,5561
6362,2025-04-01,4:20,Tuesday,MUSEUM STATION,MUNCA,None,None,None,YU,None
6363,2025-04-01,4:48,Tuesday,QUEEN STATION,SUO,None,None,None,YU,None
6364,2025-04-01,5:10,Tuesday,WILSON STATION,MUNCA,None,None,None,YU,None
6365,2025-04-01,5:30,Tuesday,EGLINTON STATION,MUNCA,None,None,None,YU,None
6366,2025-04-01,5:37,Tuesday,EGLINTON STATION,EUVE,8,None,S,YU,5786
6367,2025-04-01,5:40,Tuesday,KIPLING STATION,EUVE,34,None,E,BD,5057
6368,2025-04-01,5:48,Tuesday,EGLINTON STATION,PUTWZ,13,18,N,YU,5896
6369,2025-04-01,6:07,Tuesday,EGLINTON WEST STATION,SUO,None,None,S,YU,6096
6370,2025-04-01,6:07,Tuesday,GREENWOOD YARD,MUSC,5,7,None,BD,5238
6371,2025-04-01,6:27,Tuesday,VICTORIA PARK STATION,EUME,8,10,W,BD,5317
6372,2025-04-01,7:16,Tuesday,KEELE STATION,EUDO,5,7,E,BD,5089
6373,2025-04-01,7:19,Tuesday,DUNDAS STATION,SUO,None,None,S,YU,None
6374,2025-04-01,7:53,Tuesday,VICTORIA PARK STATION,EUCD,7,9,E,BD,5089
6375,2025-04-01,8:01,Tuesday,QUEEN'S PARK STATION,MUIRS,None,None,None,YU,None
6376,2025-04-01,8:16,Tuesday,WELLESLEY STATION,MUPAA,4,7,S,YU,5436
6377,2025-04-01,8:25,Tuesday,BLOOR STATION,MUIR,4,7,N,YU,5541
6378,2025-04-01,8:39,Tuesday,DONLANDS STATION,EUTL,9,11,W,BD,5004
6379,2025-04-01,8:41,Tuesday,DUNDAS STATION,SUO,3,6,S,YU,5396
6380,2025-04-01,8:55,Tuesday,KING STATION,PUMST,None,None,None,YU,None
6381,2025-04-01,9:06,Tuesday,COLLEGE STATION,SUDP,8,11,S,YU,5896
6382,2025-04-01,9:20,Tuesday,MUSEUM STATION,MUIR,15,18,S,YU,5766
6383,2025-04-01,9:51,Tuesday,COLLEGE STATION,MUPAA,4,6,S,YU,5621
6384,2025-04-01,9:52,Tuesday,KIPLING STATION,MUIRS,None,None,None,BD,None
6385,2025-04-01,9:58,Tuesday,QUEEN'S PARK STATION,SUAP,None,None,None,YU,None
6386,2025-04-01,10:07,Tuesday,KIPLING STATION,TUMVS,None,None,W,BD,5134
6387,2025-04-01,10:07,Tuesday,DOWNSVIEW PARK STATION,PUMEL,None,None,None,YU,None
6388,2025-04-01,10:55,Tuesday,QUEEN STATION,SUAP,None,None,None,YU,None
6389,2025-04-01,10:57,Tuesday,KENNEDY BD STATION,MUIS,None,None,None,BD,None
6390,2025-04-01,11:30,Tuesday,QUEEN STATION,MUIS,None,None,None,YU,None
6391,2025-04-01,11:33,Tuesday,NORTH YORK CTR STATION,MUPAA,None,None,N,YU,5526
6392,2025-04-01,11:55,Tuesday,KIPLING STATION,TUMVS,4,8,W,BD,5230
6393,2025-04-01,12:12,Tuesday,KIPLING STATION,TUO,4,8,W,BD,5230
6394,2025-04-01,12:39,Tuesday,PAPE STATION,PUMEL,None,None,None,BD,None
6395,2025-04-01,12:40,Tuesday,WARDEN STATION,TUSC,None,None,E,BD,5142
6396,2025-04-01,12:51,Tuesday,BAY STATION,SUUT,12,16,W,BD,5203
6397,2025-04-01,12:57,Tuesday,VICTORIA PARK STATION,MUIS,None,None,None,BD,None
6398,2025-04-01,13:47,Tuesday,LANSDOWNE STATION,SUO,None,None,W,BD,5915
6399,2025-04-01,13:47,Tuesday,CASTLE FRANK STATION,MUIRS,None,None,W,BD,None
6400,2025-04-01,13:52,Tuesday,BROADVIEW STATION,MUO,3,6,E,BD,5057
6401,2025-04-01,14:45,Tuesday,FINCH STATION,PUSSW,None,None,None,YU,None
6402,2025-04-01,14:58,Tuesday,HIGH PARK STATION,SUO,None,None,W,BD,5142
6403,2025-04-01,15:26,Tuesday,EGLINTON STATION,MUIR,16,20,N,YU,5966
6404,2025-04-01,16:13,Tuesday,QUEEN'S PARK STATION,MUIR,5,9,N,YU,5821
6405,2025-04-01,16:22,Tuesday,QUEEN STATION,MUIRS,None,None,None,YU,None
6406,2025-04-01,16:27,Tuesday,WELLESLEY STATION,SUUT,None,None,N,YU,None
6407,2025-04-01,16:30,Tuesday,DUNDAS STATION,TUO,5,8,N,YU,5561
6408,2025-04-01,16:39,Tuesday,ST CLAIR WEST STATION,MUPAA,None,None,N,YU,5876
6409,2025-04-01,16:40,Tuesday,DUNDAS STATION,MUO,5,8,N,YU,5431
6410,2025-04-01,16:43,Tuesday,QUEEN STATION,MUPAA,None,None,N,YU,6106
6411,2025-04-01,16:44,Tuesday,COLLEGE STATION,TUO,None,None,N,YU,5431
6412,2025-04-01,16:53,Tuesday,WARDEN STATION,TUCC,3,6,E,BD,5039
6413,2025-04-01,17:51,Tuesday,PAPE STATION,MUIRS,None,None,None,BD,None
6414,2025-04-01,18:30,Tuesday,DAVISVILLE STATION,MUI,None,None,N,YU,5691
6415,2025-04-01,18:52,Tuesday,KENNEDY BD STATION,EUNT,4,8,W,BD,5230
6416,2025-04-01,19:03,Tuesday,BLOOR STATION,MUIS,None,None,N,YU,None
6417,2025-04-01,19:24,Tuesday,DUNDAS STATION,SUDP,None,None,None,YU,None
6418,2025-04-01,19:42,Tuesday,KENNEDY BD STATION,PUTTP,202,207,W,BD,5022
6419,2025-04-01,19:57,Tuesday,BAY STATION,MUIS,None,None,None,BD,None
6420,2025-04-01,20:17,Tuesday,WARDEN STATION,PUCSS,None,None,W,BD,5035
6421,2025-04-01,21:08,Tuesday,WARDEN STATION,TUSC,None,None,W,BD,5025
6422,2025-04-01,21:15,Tuesday,QUEEN'S PARK STATION,PUOPO,6,9,N,YU,5421
6423,2025-04-01,21:29,Tuesday,WARDEN STATION,MUO,6,11,E,BD,5097
6424,2025-04-01,21:31,Tuesday,BATHURST STATION,MUIS,None,None,None,BD,None
6425,2025-04-01,22:06,Tuesday,LAWRENCE WEST STATION,MUIS,None,None,None,YU,None
6426,2025-04-01,22:07,Tuesday,WARDEN STATION,TUSC,None,None,W,BD,5082
6427,2025-04-01,22:08,Tuesday,UNION - TO ST ANDREW,MUIS,None,None,S,YU,5636
6428,2025-04-01,1:39,Tuesday,VMC STATION,MUIS,None,None,S,YU,5951
6429,2025-04-01,1:42,Tuesday,VMC STATION,MUIS,None,None,S,YU,5601
6430,2025-04-01,1:48,Tuesday,DUNDAS STATION,SUDP,None,None,N,YU,None
6431,2025-04-01,17:07,Tuesday,SHEPPARD-YONGE STATION,TUSUP,6,12,E,SHP,6191
6432,2025-04-01,23:02,Tuesday,DON MILLS STATION,SUO,5,10,W,SHP,6166
6433,2025-04-02,2:45,Wednesday,THE POND EMERGENCY EXI,SUO,None,None,None,YU,None
6434,2025-04-02,5:06,Wednesday,YORKDALE STATION,PUTWZ,None,None,S,YU,5786
6435,2025-04-02,5:25,Wednesday,DUNDAS STATION,MUNCA,None,None,None,YU,None
6436,2025-04-02,5:31,Wednesday,FINCH STATION,PUSSW,3,5,S,YU,5681
6437,2025-04-02,5:51,Wednesday,ROSEDALE STATION,PUTR,6,None,S,YU,5891
6438,2025-04-02,5:52,Wednesday,EGLINTON STATION,PUSAC,10,15,N,YU,5996
6439,2025-04-02,6:53,Wednesday,LINE 1 - YONGE-UNIVERS,TUST,None,None,None,YU/BD,6056
6440,2025-04-02,7:05,Wednesday,DONLANDS STATION,EUPI,4,6,W,BD,5190
6441,2025-04-02,10:19,Wednesday,DAVISVILLE STATION,MUPLB,5,10,N,YU,5706
6442,2025-04-02,10:55,Wednesday,SHEPPARD WEST STATION,MUIR,7,12,S,YU,5606
6443,2025-04-02,11:13,Wednesday,EGLINTON STATION,MUIS,None,None,None,YU,None
6444,2025-04-02,11:13,Wednesday,WILSON STATION,MUSAN,5,10,S,YU,5606
6445,2025-04-02,11:20,Wednesday,DOWNSVIEW PARK STATION,MUPAA,3,8,N,YU,6901
6446,2025-04-02,11:28,Wednesday,DOWNSVIEW PARK STATION,SUDP,None,None,N,YU,5936
6447,2025-04-02,11:38,Wednesday,COXWELL STATION,MUIS,None,None,W,BD,None
6448,2025-04-02,11:50,Wednesday,ST GEORGE BD STATION,SUO,5,9,W,BD,5250
6449,2025-04-02,11:59,Wednesday,WELLESLEY STATION,SUDP,None,None,None,YU,None
6450,2025-04-02,12:09,Wednesday,MAIN STREET STATION,MUPAA,6,10,E,BD,5097
6451,2025-04-02,12:36,Wednesday,SHERBOURNE STATION,SUDP,3,7,E,BD,5131
6452,2025-04-02,12:44,Wednesday,VICTORIA PARK STATION,TUSC,6,10,W,BD,5319
6453,2025-04-02,12:54,Wednesday,LAWRENCE WEST STATION,MUPLB,36,41,S,YU,5706
6454,2025-04-02,13:04,Wednesday,ST CLAIR STATION,PUOPO,None,None,N,YU,5856
6455,2025-04-02,13:10,Wednesday,ROYAL YORK STATION,SUDP,None,None,None,BD,None
6456,2025-04-02,13:11,Wednesday,RUNNYMEDE STATION,MUSC,None,None,W,BD,5246
6457,2025-04-02,13:22,Wednesday,COLLEGE STATION,SUO,None,None,None,YU,None
6458,2025-04-02,13:34,Wednesday,ST GEORGE YUS STATION,MUPAA,10,15,N,YU,5406
6459,2025-04-02,13:44,Wednesday,KENNEDY BD STATION,PUMST,None,None,None,BD,None
6460,2025-04-02,13:49,Wednesday,ST CLAIR WEST STATION,SUO,4,9,N,YU,5406
6461,2025-04-02,13:54,Wednesday,ST GEORGE YUS STATION,SUDP,8,13,N,YU,5981
6462,2025-04-02,14:22,Wednesday,MUSEUM STATION,PUMO,None,None,None,YU,None
6463,2025-04-02,14:30,Wednesday,WOODBINE STATION,MUPAA,4,8,E,BD,5069
6464,2025-04-02,14:43,Wednesday,DOWNSVIEW PARK STATION,PUMO,None,None,None,YU,None
6465,2025-04-02,14:45,Wednesday,COXWELL STATION,TUSC,None,None,W,BD,5026
6466,2025-04-02,14:47,Wednesday,COXWELL STATION,MUSC,None,None,W,BD,5156
6467,2025-04-02,14:59,Wednesday,BLOOR STATION,SUO,3,7,N,YU,5511
6468,2025-04-02,15:02,Wednesday,WARDEN STATION,EUSC,None,None,W,BD,5142
6469,2025-04-02,15:06,Wednesday,YONGE BD STATION,SUUT,10,13,E,BD,5170
6470,2025-04-02,15:11,Wednesday,WOODBINE STATION,EUSC,None,None,W,BD,5122
6471,2025-04-02,15:15,Wednesday,YONGE BD STATION,SUO,None,None,W,BD,5035
6472,2025-04-02,15:18,Wednesday,UNION STATION,MUTO,None,None,None,YU,None
6473,2025-04-02,15:19,Wednesday,UNION STATION,PUMO,None,None,None,YU,None
6474,2025-04-02,15:25,Wednesday,ST CLAIR WEST STATION,SUAP,None,None,S,YU,5476
6475,2025-04-02,15:29,Wednesday,CHESTER STATION,EUDO,9,13,E,BD,5035
6476,2025-04-02,16:10,Wednesday,DONLANDS STATION,TUNIP,3,6,W,BD,5319
6477,2025-04-02,16:15,Wednesday,BLOOR STATION,MUSAN,7,10,N,YU,5956
6478,2025-04-02,16:26,Wednesday,PAPE STATION,SUAP,9,12,E,BD,5039
6479,2025-04-02,16:34,Wednesday,DAVISVILLE STATION,TUNIP,3,6,S,YU,5386
6480,2025-04-02,16:39,Wednesday,KEELE STATION,MUSC,None,None,W,BD,5082
6481,2025-04-02,16:44,Wednesday,DAVISVILLE STATION,TUNIP,3,6,S,YU,6051
6482,2025-04-02,16:54,Wednesday,DAVISVILLE STATION,TUNIP,3,7,S,YU,6061
6483,2025-04-02,17:46,Wednesday,WELLESLEY STATION,SUUT,None,None,N,YU,5721
6484,2025-04-02,17:47,Wednesday,GREENWOOD STATION,SUO,4,7,E,BD,5069
6485,2025-04-02,17:52,Wednesday,WELLESLEY STATION,TUATC,7,10,N,YU,5796
6486,2025-04-02,17:53,Wednesday,EGLINTON STATION,EUO,5,8,S,YU,5396
6487,2025-04-02,17:59,Wednesday,BLOOR STATION,MUDD,7,10,N,YU,5796
6488,2025-04-02,18:02,Wednesday,FINCH STATION,PUMEL,None,None,None,YU,None
6489,2025-04-02,18:07,Wednesday,PAPE STATION,PUMO,None,None,None,BD,None
6490,2025-04-02,18:09,Wednesday,DUPONT STATION,MUWEA,3,6,S,YU,5891
6491,2025-04-02,18:11,Wednesday,LAWRENCE STATION,MUPAA,3,6,S,YU,5736
6492,2025-04-02,18:24,Wednesday,ISLINGTON STATION,MUSC,None,None,W,BD,5170
6493,2025-04-02,18:30,Wednesday,CHRISTIE STATION,MUPAA,None,None,W,BD,5261
6494,2025-04-02,18:31,Wednesday,UNION STATION,MUIRS,None,None,None,YU,None
6495,2025-04-02,18:41,Wednesday,BROADVIEW STATION,PUMEL,None,None,None,BD,None
6496,2025-04-02,18:45,Wednesday,YORKDALE STATION,SUDP,None,None,None,YU,None
6497,2025-04-02,18:55,Wednesday,DUFFERIN STATION,SUUT,12,16,E,BD,5300
6498,2025-04-02,19:25,Wednesday,FINCH WEST STATION,SUAP,None,None,S,YU,5682
6499,2025-04-02,19:31,Wednesday,FINCH WEST STATION,SUPOL,8,12,S,YU,5681
6500,2025-04-02,20:04,Wednesday,PAPE STATION,MUI,26,31,E,BD,5226
6501,2025-04-02,20:12,Wednesday,KEELE STATION,PUMO,None,None,None,BD,None
6502,2025-04-02,20:26,Wednesday,BLOOR STATION,MUI,20,23,S,YU,6101
6503,2025-04-02,20:40,Wednesday,SHERBOURNE STATION,SUDP,None,None,E,BD,5091
6504,2025-04-02,20:51,Wednesday,OSSINGTON STATION,PUSRA,9,14,E,BD,5174
6505,2025-04-02,20:56,Wednesday,VICTORIA PARK STATION,MUSC,None,None,E,BD,5091
6506,2025-04-02,20:59,Wednesday,VICTORIA PARK STATION,TUSC,None,None,E,BD,5091
6507,2025-04-02,21:23,Wednesday,ST ANDREW STATION,MUIRS,None,None,None,YU,None
6508,2025-04-02,21:33,Wednesday,WILSON STATION,TUO,None,None,S,YU,5476
6509,2025-04-02,21:44,Wednesday,MAIN STREET STATION,PUMO,None,None,None,BD,None
6510,2025-04-02,21:45,Wednesday,KENNEDY BD STATION,TUSC,None,None,E,BD,5085
6511,2025-04-02,21:57,Wednesday,KENNEDY BD STATION,TUSC,None,None,E,BD,5256
6512,2025-04-02,22:00,Wednesday,YONGE-UNIVERSITY AND B,MUO,None,None,None,YU/BD,None
6513,2025-04-02,22:00,Wednesday,YONGE-UNIVERSITY AND B,MUO,None,None,None,None,None
6514,2025-04-02,22:29,Wednesday,DONLANDS STATION,MUIS,None,None,None,BD,None
6515,2025-04-02,22:33,Wednesday,KEELE STATION,PUTO,6,11,W,BD,5365
6516,2025-04-02,22:54,Wednesday,RUNNYMEDE STATION,MUIS,None,None,None,BD,None
6517,2025-04-02,23:00,Wednesday,LINE 1 - YONGE-UNIVERS,MUCP,None,None,None,YU,None
6518,2025-04-02,23:08,Wednesday,KIPLING STATION,MUIS,None,None,W,BD,5338
6519,2025-04-02,23:27,Wednesday,WOODBINE STATION,MUIS,None,None,None,BD,None
6520,2025-04-02,23:28,Wednesday,ST CLAIR WEST STATION,SUO,None,None,None,YU,None
6521,2025-04-02,0:22,Wednesday,KENNEDY BD STATION,MUIS,None,None,None,BD,None
6522,2025-04-02,1:14,Wednesday,OSGOODE STATION,PUOPO,4,9,N,YU,5936
6523,2025-04-02,1:23,Wednesday,COXWELL STATION,SUO,3,8,W,BD,5187
6524,2025-04-02,6:37,Wednesday,SHEPPARD-YONGE STATION,EUSC,4,9,E,SHP,6161
6525,2025-04-02,15:49,Wednesday,DON MILLS STATION,PUOPO,6,11,W,SHP,6166
6526,2025-04-02,16:02,Wednesday,DON MILLS STATION,PUOPO,7,12,W,SHP,6146
6527,2025-04-03,2:28,Thursday,KENNEDY BD STATION,SUDP,None,None,None,BD,None
6528,2025-04-03,5:40,Thursday,KIPLING STATION,PUSRA,3,None,E,BD,5077
6529,2025-04-03,5:47,Thursday,DONLANDS STATION,PUSSW,7,None,W,BD,5273
6530,2025-04-03,5:51,Thursday,ROSEDALE STATION,PUTR,8,None,S,YU,5396
6531,2025-04-03,5:55,Thursday,YONGE BD STATION,PUSSW,7,None,W,BD,5137
6532,2025-04-03,5:56,Thursday,OSSINGTON STATION,PUSSW,14,None,W,BD,5196
6533,2025-04-03,5:58,Thursday,MUSEUM STATION,MUIE,None,None,None,YU,None
6534,2025-04-03,5:59,Thursday,GREENWOOD STATION,EUNT,5,7,W,BD,5196
6535,2025-04-03,6:05,Thursday,MAIN STREET STATION,SUDP,None,None,E,BD,5203
6536,2025-04-03,6:15,Thursday,YORK UNIVERSITY STATIO,PUOPO,4,9,N,YU,5686
6537,2025-04-03,6:20,Thursday,PIONEER VILLAGE STATIO,PUOPO,5,10,N,YU,5686
6538,2025-04-03,6:44,Thursday,ST GEORGE BD STATION,TUSC,None,None,W,BD,5368
6539,2025-04-03,8:21,Thursday,DAVISVILLE STATION,SUDP,3,6,N,YU,5396
6540,2025-04-03,8:22,Thursday,LAWRENCE WEST STATION,EUBO,4,6,S,YU,5756
6541,2025-04-03,8:34,Thursday,FINCH STATION,PUMO,None,None,None,YU,None
6542,2025-04-03,8:58,Thursday,BLOOR STATION,SUAP,4,6,S,YU,5491
6543,2025-04-03,8:58,Thursday,ST GEORGE YUS STATION,PUMO,None,None,N,YU,5666
6544,2025-04-03,9:12,Thursday,SHERBOURNE STATION,PUMO,None,None,None,BD,None
6545,2025-04-03,9:12,Thursday,SHERBOURNE STATION,SUO,15,19,W,BD,5056
6546,2025-04-03,9:45,Thursday,HIGHWAY 407 STATION,PUMO,None,None,None,YU,None
6547,2025-04-03,10:15,Thursday,BLOOR STATION,SUDP,None,None,N,YU,5824
6548,2025-04-03,10:27,Thursday,NORTH YORK CTR STATION,PUMO,None,None,N,YU,None
6549,2025-04-03,10:41,Thursday,KENNEDY BD STATION,TUSC,None,None,W,BD,5365
6550,2025-04-03,10:51,Thursday,WARDEN STATION,EUSC,6,10,W,BD,5365
6551,2025-04-03,10:56,Thursday,KEELE STATION,MUIR,6,9,E,BD,5080
6552,2025-04-03,11:05,Thursday,NORTH YORK CTR STATION,MUIRS,None,None,None,YU,None
6553,2025-04-03,11:21,Thursday,COXWELL STATION,MUIRS,7,11,W,BD,5057
6554,2025-04-03,11:23,Thursday,SPADINA BD STATION,MUIS,None,None,None,BD,None
6555,2025-04-03,12:24,Thursday,OSGOODE STATION,SUAP,None,None,None,YU,None
6556,2025-04-03,12:49,Thursday,WILSON STATION,MUIS,10,20,None,YU,None
6557,2025-04-03,12:50,Thursday,WOODBINE STATION,SUO,None,None,E,BD,5203
6558,2025-04-03,13:18,Thursday,COXWELL STATION,SUDP,4,8,W,BD,5150
6559,2025-04-03,14:48,Thursday,LAWRENCE WEST STATION,TUO,8,12,S,YU,5706
6560,2025-04-03,15:17,Thursday,FINCH WEST STATION,SUDP,4,8,N,YU,5821
6561,2025-04-03,16:09,Thursday,DUNDAS STATION,PUOPO,None,None,N,YU,5481
6562,2025-04-03,16:36,Thursday,DUFFERIN STATION,MUPAA,10,13,W,BD,5280
6563,2025-04-03,16:48,Thursday,DUNDAS STATION,SUUT,None,None,S,YU,None
6564,2025-04-03,17:09,Thursday,LAWRENCE STATION,SUUT,35,38,S,YU,5821
6565,2025-04-03,17:24,Thursday,KENNEDY BD STATION,SUO,None,None,None,BD,None
6566,2025-04-03,17:56,Thursday,ST CLAIR STATION,TUO,10,13,N,YU,5646
6567,2025-04-03,18:07,Thursday,ST GEORGE BD STATION,SUO,20,23,W,BD,5282
6568,2025-04-03,18:09,Thursday,ST GEORGE YUS STATION,SUO,20,23,N,YU,5491
6569,2025-04-03,18:11,Thursday,WILSON YARD,EUOE,None,None,None,YU,5926
6570,2025-04-03,18:14,Thursday,ST CLAIR STATION,SUAP,15,17,N,YU,5526
6571,2025-04-03,18:27,Thursday,SUMMERHILL STATION,MUIR,5,7,N,YU,5986
6572,2025-04-03,18:39,Thursday,DUNDAS STATION,TUO,14,17,S,YU,6116
6573,2025-04-03,18:41,Thursday,QUEEN STATION,TUCC,26,29,N,YU,5581
6574,2025-04-03,18:43,Thursday,QUEEN STATION,SUO,None,None,N,YU,5586
6575,2025-04-03,18:57,Thursday,QUEEN STATION,MUPAA,10,13,N,YU,5581
6576,2025-04-03,19:10,Thursday,KIPLING STATION,TUSC,None,None,W,BD,5239
6577,2025-04-03,19:24,Thursday,DOWNSVIEW PARK STATION,PUOPO,None,None,N,YU,5771
6578,2025-04-03,19:27,Thursday,KEELE STATION,MUSC,None,None,W,BD,5150
6579,2025-04-03,19:28,Thursday,VICTORIA PARK STATION,MUIS,None,None,None,BD,None
6580,2025-04-03,20:19,Thursday,KENNEDY BD STATION,EUSC,None,None,W,BD,5365
6581,2025-04-03,20:31,Thursday,ISLINGTON STATION,MUI,16,21,E,BD,5148
6582,2025-04-03,21:18,Thursday,BATHURST STATION,PUSWZ,None,None,E,BD,5246
6583,2025-04-03,21:19,Thursday,BATHURST STATION,PUSWZ,4,9,E,BD,5246
6584,2025-04-03,21:37,Thursday,GREENWOOD STATION,SUDP,None,None,None,BD,None
6585,2025-04-03,21:44,Thursday,BATHURST STATION,PUSWZ,None,None,E,BD,5300
6586,2025-04-03,22:00,Thursday,YONGE-UNIVERSITY AND B,MUO,None,None,None,YU/BD,None
6587,2025-04-03,22:30,Thursday,EGLINTON WEST STATION,PUOPO,3,8,N,YU,5741
6588,2025-04-03,22:48,Thursday,RUNNYMEDE STATION,MUO,None,None,None,BD,None
6589,2025-04-03,22:55,Thursday,FINCH STATION,MUSAN,5,10,S,YU,5896
6590,2025-04-03,22:56,Thursday,EGLINTON STATION,MUI,5,10,N,YU,5771
6591,2025-04-03,23:00,Thursday,EGLINTON TO FINCH,MUCP,None,None,None,YU,None
6592,2025-04-03,23:18,Thursday,DUNDAS STATION,MUIS,None,None,None,YU,None
6593,2025-04-03,23:40,Thursday,BLOOR STATION,SUDP,None,None,None,YU,None
6594,2025-04-03,0:11,Thursday,COXWELL STATION,SUUT,8,14,E,BD,5118
6595,2025-04-03,0:16,Thursday,BLOOR YONGE,PUMST,None,None,None,YU,None
6596,2025-04-03,0:35,Thursday,ST CLAIR STATION,MUIS,None,None,None,YU,None
6597,2025-04-03,0:50,Thursday,HIGHWAY 407 STATION,PUOPO,None,None,N,YU,5786
6598,2025-04-03,0:56,Thursday,JANE STATION,EUSC,None,None,W,BD,5365
6599,2025-04-03,10:27,Thursday,SYSTEMWIDE,PUEO,None,None,None,SHP,None
6600,2025-04-03,16:30,Thursday,BESSARION STATION,PUSI,None,None,W,SHP,5196
6601,2025-04-03,18:03,Thursday,BESSARION STATION,PUSI,None,None,W,SHP,6171
6602,2025-04-04,2:33,Friday,KIPLING STATION,SUO,None,None,None,BD,None
6603,2025-04-04,4:25,Friday,PAPE STATION,PUMO,None,None,None,BD,None
6604,2025-04-04,5:13,Friday,ST GEORGE YUS STATION,MUNCA,None,None,None,YU,None
6605,2025-04-04,5:57,Friday,BATHURST STATION,SUUT,None,None,E,BD,None
6606,2025-04-04,6:09,Friday,KING STATION,PUTR,10,None,S,YU,5996
6607,2025-04-04,6:12,Friday,KENNEDY BD STATION,TUSC,None,None,W,BD,5229
6608,2025-04-04,6:24,Friday,CASTLE FRANK STATION,EUDO,7,10,W,BD,5125
6609,2025-04-04,7:28,Friday,KIPLING STATION,MUIRS,None,None,None,BD,None
6610,2025-04-04,8:29,Friday,KIPLING STATION,MUTO,3,5,E,BD,5356
6611,2025-04-04,9:10,Friday,SHERBOURNE STATION,SUDP,10,13,W,BD,5080
6612,2025-04-04,9:17,Friday,EGLINTON STATION,MUIS,None,None,None,YU,None
6613,2025-04-04,9:48,Friday,ROYAL YORK STATION,TUSC,None,None,W,BD,5308
6614,2025-04-04,11:07,Friday,BROADVIEW STATION,SUDP,3,7,E,BD,5156
6615,2025-04-04,11:15,Friday,CHESTER STATION,SUUT,4,8,E,BD,5351
6616,2025-04-04,12:21,Friday,RUNNYMEDE STATION,MUPAA,None,None,E,BD,5032
6617,2025-04-04,12:33,Friday,EGLINTON WEST STATION,MUI,18,23,S,YU,5746
6618,2025-04-04,13:16,Friday,ROYAL YORK STATION,TUSC,None,None,E,BD,5022
6619,2025-04-04,13:30,Friday,PAPE STATION,MUD,3,8,E,BD,5172
6620,2025-04-04,13:56,Friday,SHERBOURNE STATION,SUDP,None,None,None,BD,None
6621,2025-04-04,14:06,Friday,CASTLE FRANK STATION,MUPAA,3,8,W,BD,5106
6622,2025-04-04,14:21,Friday,OLD MILL STATION,TUO,None,None,E,BD,5022
6623,2025-04-04,14:29,Friday,WILSON STATION,EUO,5,10,N,YU,5516
6624,2025-04-04,15:44,Friday,KIPLING STATION,EUME,None,None,E,BD,5201
6625,2025-04-04,15:58,Friday,COXWELL STATION,MUIRS,None,None,W,BD,None
6626,2025-04-04,16:26,Friday,UNION STATION,MUIE,None,None,None,YU,None
6627,2025-04-04,16:39,Friday,CHESTER STATION,TUMVS,3,6,E,BD,5219
6628,2025-04-04,17:06,Friday,SHERBOURNE STATION,PUMEL,None,None,None,BD,None
6629,2025-04-04,17:22,Friday,MAIN STREET STATION,MUIR,4,7,W,BD,5220
6630,2025-04-04,17:32,Friday,BATHURST STATION,SUO,6,9,W,BD,5263
6631,2025-04-04,17:50,Friday,WILSON STATION,MUTO,5,8,N,YU,5741
6632,2025-04-04,17:53,Friday,KEELE STATION,MUIR,13,16,W,BD,5339
6633,2025-04-04,18:20,Friday,BATHURST STATION,SUUT,None,None,E,BD,None
6634,2025-04-04,18:28,Friday,DUFFERIN STATION,SUO,6,9,W,BD,5280
6635,2025-04-04,18:57,Friday,KIPLING STATION,MUSAN,3,3,W,BD,5371
6636,2025-04-04,19:09,Friday,ST CLAIR STATION,MUIRS,None,None,S,YU,None
6637,2025-04-04,19:39,Friday,LAWRENCE WEST STATION,PUMEL,None,None,None,YU,None
6638,2025-04-04,19:48,Friday,WELLESLEY STATION,PUOPO,None,None,N,YU,5576
6639,2025-04-04,20:05,Friday,OSGOODE STATION,SUDP,4,8,S,YU,5906
6640,2025-04-04,20:19,Friday,WELLESLEY STATION,MUIRS,7,11,N,YU,5906
6641,2025-04-04,20:49,Friday,ROSEDALE STATION,PUSCR,7,10,S,YU,5571
6642,2025-04-04,20:54,Friday,ST CLAIR STATION,PUMEL,None,None,None,YU,None
6643,2025-04-04,21:01,Friday,BROADVIEW STATION,SUO,None,None,W,BD,5280
6644,2025-04-04,21:07,Friday,ROSEDALE STATION,MUNCA,None,None,None,YU,None
6645,2025-04-04,21:23,Friday,OSSINGTON STATION,SUO,23,28,W,BD,5021
6646,2025-04-04,21:41,Friday,YORK MILLS STATION,SUO,None,None,None,YU,None
6647,2025-04-04,21:52,Friday,BLOOR STATION,SUDP,None,None,N,YU,None
6648,2025-04-04,22:00,Friday,YONGE-UNIVERSITY AND B,MUO,None,None,None,YU/BD,None
6649,2025-04-04,22:00,Friday,MAIN STREET STATION,MUIE,None,None,None,BD,None
6650,2025-04-04,22:13,Friday,FINCH STATION,MUIS,None,None,None,YU,None
6651,2025-04-04,22:25,Friday,KENNEDY BD STATION,TUMVS,None,None,E,BD,5116
6652,2025-04-04,22:31,Friday,UNION STATION,SUO,None,None,None,YU,None
6653,2025-04-04,22:35,Friday,KENNEDY BD STATION,MUI,5,10,W,BD,5116
6654,2025-04-04,22:59,Friday,ST GEORGE BD STATION,SUO,None,None,None,BD,None
6655,2025-04-04,23:01,Friday,DUNDAS STATION,MUIRS,None,None,None,YU,None
6656,2025-04-04,23:04,Friday,HIGHWAY 407 STATION,PUOPO,None,None,N,YU,6116
6657,2025-04-04,23:04,Friday,DUPONT STATION,PUOPO,None,None,S,YU,5906
6658,2025-04-04,23:06,Friday,DOWNSVIEW PARK STATION,PUOPO,None,None,N,YU,5551
6659,2025-04-04,23:08,Friday,QUEEN'S PARK STATION,PUOPO,None,None,S,YU,5841
6660,2025-04-04,23:43,Friday,BATHURST STATION,TUSC,3,8,W,BD,5270
6661,2025-04-04,23:50,Friday,FINCH STATION,MUIS,6,12,S,YU,6091
6662,2025-04-04,23:53,Friday,DUFFERIN STATION,SUDP,15,21,W,BD,5060
6663,2025-04-04,23:56,Friday,DUNDAS STATION,SUAP,7,13,N,YU,5861
6664,2025-04-04,0:23,Friday,YONGE BD STATION,SUUT,12,17,W,BD,5211
6665,2025-04-04,1:21,Friday,UNION STATION,SUDP,None,None,None,YU,None
6666,2025-04-04,1:31,Friday,WARDEN STATION,MUO,5,10,E,BD,5042
6667,2025-04-04,1:44,Friday,KIPLING STATION,SUAE,None,None,W,BD,5219
6668,2025-04-04,12:35,Friday,SHEPPARD-YONGE STATION,EUOE,None,None,W,SHP,6166
6669,2025-04-04,20:00,Friday,SHEPPARD-YONGE STATION,TUSC,None,None,E,SHP,6141
6670,2025-04-04,22:52,Friday,SHEPPARD-YONGE STATION,MUSC,None,None,W,SHP,6146
6671,2025-04-04,23:49,Friday,LESLIE STATION,EUSC,None,None,W,SHP,6181
6672,2025-04-05,2:06,Saturday,VMC STATION,SUO,None,None,S,YU,6106
6673,2025-04-05,2:32,Saturday,FINCH STATION,MUIS,None,None,None,YU,None
6674,2025-04-05,4:18,Saturday,LAWRENCE WEST STATION,MUCP,None,None,None,YU,None
6675,2025-04-05,4:56,Saturday,VICTORIA PARK STATION,PUMEL,None,None,None,BD,None
6676,2025-04-05,5:32,Saturday,COXWELL STATION,MUSC,None,None,E,BD,5231
6677,2025-04-05,5:48,Saturday,OSGOODE STATION,TUCC,46,None,S,YU,5886
6678,2025-04-05,5:51,Saturday,ST GEORGE YUS STATION,TUCC,35,None,S,YU,5436
6679,2025-04-05,5:55,Saturday,UNION STATION,TUCC,32,None,N,YU,5776
6680,2025-04-05,6:00,Saturday,GREENWOOD STATION,EUNT,5,10,E,BD,5250
6681,2025-04-05,6:17,Saturday,KIPLING STATION,EUME,None,None,W,BD,5201
6682,2025-04-05,6:35,Saturday,DUNDAS WEST STATION,SUDP,None,None,None,BD,None
6683,2025-04-05,6:37,Saturday,WELLESLEY STATION,SUDP,None,None,S,YU,5946
6684,2025-04-05,7:17,Saturday,ST CLAIR WEST STATION,TUCC,27,None,S,YU,5731
6685,2025-04-05,9:21,Saturday,MAIN STREET STATION,MUIRS,None,None,None,BD,None
6686,2025-04-05,9:51,Saturday,ISLINGTON STATION,MUSC,None,None,W,BD,5148
6687,2025-04-05,10:06,Saturday,EGLINTON STATION,MUIS,None,None,None,YU,None
6688,2025-04-05,10:30,Saturday,DUNDAS STATION,SUDP,None,None,None,YU,None
6689,2025-04-05,11:03,Saturday,YONGE BD STATION,MUIR,5,10,E,BD,5237
6690,2025-04-05,11:40,Saturday,FINCH STATION,PUATC,3,8,S,YU,5736
6691,2025-04-05,11:50,Saturday,BLOOR STATION,SUUT,None,None,S,YU,5881
6692,2025-04-05,12:12,Saturday,SPADINA YUS STATION,PUMO,None,None,N,YU,None
6693,2025-04-05,12:57,Saturday,ROYAL YORK STATION,SUO,4,9,W,BD,5280
6694,2025-04-05,13:30,Saturday,DUNDAS STATION,SUUT,7,12,N,YU,5581
6695,2025-04-05,13:43,Saturday,WARDEN STATION,TUMVS,19,24,E,BD,5267
6696,2025-04-05,14:08,Saturday,ISLINGTON STATION,PUSTS,4,9,E,BD,5237
6697,2025-04-05,14:15,Saturday,ISLINGTON STATION,PUSTS,4,9,E,BD,5151
6698,2025-04-05,14:24,Saturday,WOODBINE STATION,MUIR,7,12,W,BD,5106
6699,2025-04-05,14:30,Saturday,DUNDAS STATION,SUDP,5,10,N,YU,5956
6700,2025-04-05,14:46,Saturday,PAPE STATION,MUI,None,None,W,BD,None
6701,2025-04-05,14:48,Saturday,COLLEGE STATION,SUUT,None,None,N,YU,None
6702,2025-04-05,15:23,Saturday,UNION STATION,PUMEL,None,None,None,YU,None
6703,2025-04-05,15:35,Saturday,WARDEN STATION,TUSC,3,8,W,BD,5367
6704,2025-04-05,15:55,Saturday,YONGE BD STATION,TUSC,None,None,E,BD,5338
6705,2025-04-05,15:59,Saturday,SHERBOURNE STATION,SUDP,None,None,E,BD,None
6706,2025-04-05,16:13,Saturday,ST CLAIR WEST STATION,PUMEL,None,None,None,YU,None
6707,2025-04-05,16:39,Saturday,WILSON STATION,MUIS,None,None,None,YU,None
6708,2025-04-05,16:42,Saturday,YONGE BD STATION,MUSAN,5,10,W,BD,5028
6709,2025-04-05,16:57,Saturday,ST GEORGE BD STATION,SUSA,None,None,None,BD,None
6710,2025-04-05,17:10,Saturday,WARDEN STATION,MUSAN,None,None,W,BD,5192
6711,2025-04-05,17:13,Saturday,CASTLE FRANK STATION,MUPAA,None,None,E,BD,5280
6712,2025-04-05,17:43,Saturday,SHEPPARD WEST STATION,SUDP,4,9,S,YU,5821
6713,2025-04-05,18:00,Saturday,SPADINA BD STATION,MUD,5,10,W,BD,5371
6714,2025-04-05,18:01,Saturday,ROSEDALE STATION,SUG,None,None,N,YU,None
6715,2025-04-05,18:16,Saturday,PIONEER VILLAGE STATIO,SUDP,3,8,S,YU,5596
6716,2025-04-05,18:24,Saturday,SHEPPARD WEST STATION,SUUT,5,10,N,YU,5826
6717,2025-04-05,19:06,Saturday,WOODBINE STATION,EUSC,3,8,E,BD,5021
6718,2025-04-05,19:40,Saturday,DUFFERIN STATION,MUIRS,None,None,W,BD,None
6719,2025-04-05,20:20,Saturday,LAWRENCE WEST STATION,MUI,5,10,N,YU,5771
6720,2025-04-05,20:25,Saturday,LANSDOWNE STATION,PUSCR,5,10,E,BD,5267
6721,2025-04-05,20:50,Saturday,MAIN STREET STATION,MUSAN,4,9,W,BD,5233
6722,2025-04-05,20:58,Saturday,BLOOR STATION,MUIS,None,None,N,YU,None
6723,2025-04-05,21:26,Saturday,ST GEORGE YUS STATION,SUO,4,9,N,YU,5741
6724,2025-04-05,21:37,Saturday,EGLINTON STATION,SUO,None,None,None,YU,None
6725,2025-04-05,22:00,Saturday,YONGE-UNIVERSITY AND B,MUO,None,None,None,YU/BD,None
6726,2025-04-05,22:10,Saturday,FINCH STATION,MUIS,None,None,None,YU,None
6727,2025-04-05,22:14,Saturday,QUEEN STATION,PUATC,None,None,S,YU,5771
6728,2025-04-05,22:15,Saturday,YORK MILLS STATION,MUI,6,11,N,YU,5736
6729,2025-04-05,22:49,Saturday,QUEEN STATION,MUPAA,3,9,S,YU,5571
6730,2025-04-05,23:00,Saturday,KENNEDY TO WARDEN,MUCP,None,None,None,BD,None
6731,2025-04-05,23:04,Saturday,FINCH STATION,MUIR,None,None,S,YU,5876
6732,2025-04-05,23:10,Saturday,FINCH STATION,SUUT,6,12,S,YU,5946
6733,2025-04-05,23:50,Saturday,ST PATRICK STATION,MUIS,None,None,S,YU,None
6734,2025-04-05,0:01,Saturday,LAWRENCE WEST STATION,MUIS,None,None,None,YU,None
6735,2025-04-05,0:03,Saturday,ISLINGTON STATION,EUSC,None,None,E,BD,5201
6736,2025-04-05,0:09,Saturday,WARDEN STATION,MUO,6,11,E,BD,5237
6737,2025-04-05,0:22,Saturday,KIPLING STATION,MUSAN,6,12,E,BD,5148
6738,2025-04-05,1:25,Saturday,QUEEN STATION,MUIS,None,None,None,YU,None
6739,2025-04-05,7:45,Saturday,LESLIE STATION,EUSC,None,None,W,SHP,6181
6740,2025-04-05,8:51,Saturday,LESLIE STATION,EUSC,None,None,W,SHP,6181
6741,2025-04-05,11:53,Saturday,BESSARION STATION,MUPAA,None,None,W,SHP,6156
6742,2025-04-05,14:00,Saturday,LESLIE STATION,EUSC,3,8,W,SHP,6181
6743,2025-04-05,15:50,Saturday,LESLIE STATION,EUSC,3,8,W,SHP,6181
6744,2025-04-06,2:08,Sunday,PIONEER VILLAGE STATIO,SUO,None,None,None,YU,None
6745,2025-04-06,2:42,Sunday,SHEPPARD WEST STATION,SUO,None,None,None,YU,None
6746,2025-04-06,7:25,Sunday,VMC STATION,MUNCA,None,None,None,YU,None
6747,2025-04-06,7:27,Sunday,BROADVIEW STATION,MUIS,None,None,None,BD,None
6748,2025-04-06,7:45,Sunday,ST PATRICK STATION,MUNCA,None,None,None,YU,None
6749,2025-04-06,7:54,Sunday,BAY STATION,SUO,None,None,W,BD,5264
6750,2025-04-06,8:18,Sunday,ISLINGTON STATION,SUO,None,None,W,BD,None
6751,2025-04-06,8:33,Sunday,WARDEN STATION,TUSC,None,None,E,BD,5294
6752,2025-04-06,9:30,Sunday,JANE STATION,PUMEL,None,None,None,BD,None
6753,2025-04-06,9:42,Sunday,WARDEN STATION,TUSC,5,11,W,BD,5172
6754,2025-04-06,9:54,Sunday,WARDEN STATION,MUCP,None,None,None,BD,None
6755,2025-04-06,10:04,Sunday,SHEPPARD WEST STATION,MUCP,None,None,None,YU,None
6756,2025-04-06,10:20,Sunday,ST CLAIR WEST STATION,MUPAA,5,11,N,YU,5991
6757,2025-04-06,10:36,Sunday,WOODBINE STATION,TUO,None,None,W,BD,5105
6758,2025-04-06,10:40,Sunday,GLENCAIRN STATION,MUNCA,None,None,None,YU,None
6759,2025-04-06,11:01,Sunday,YONGE BD STATION,SUDP,3,9,E,BD,5289
6760,2025-04-06,12:07,Sunday,WARDEN STATION,MUSC,5,11,W,BD,5091
6761,2025-04-06,12:09,Sunday,WARDEN STATION,MUTO,4,10,E,BD,5289
6762,2025-04-06,12:12,Sunday,VICTORIA PARK STATION,MUSC,None,None,W,BD,5091
6763,2025-04-06,12:14,Sunday,LAWRENCE WEST STATION,SUDP,None,None,None,YU,None
6764,2025-04-06,14:30,Sunday,ST GEORGE BD STATION,TUSC,None,None,W,BD,5275
6765,2025-04-06,15:05,Sunday,LAWRENCE STATION,PUOPO,17,23,N,YU,6121
6766,2025-04-06,15:50,Sunday,SHEPPARD WEST STATION,MUIS,None,None,None,YU,None
6767,2025-04-06,15:54,Sunday,BATHURST STATION,PUMEL,None,None,None,BD,None
6768,2025-04-06,16:05,Sunday,GREENWOOD YARD,SUG,None,None,None,BD,5070
6769,2025-04-06,16:18,Sunday,FINCH STATION,TUSUP,3,9,S,YU,5586
6770,2025-04-06,16:37,Sunday,FINCH STATION,MUIS,None,None,S,YU,None
6771,2025-04-06,16:51,Sunday,FINCH STATION,PUOPO,3,9,S,YU,5951
6772,2025-04-06,17:43,Sunday,LAWRENCE STATION,MUPAA,5,11,S,YU,6071
6773,2025-04-06,17:45,Sunday,OLD MILL STATION,MUNCA,None,None,None,BD,None
6774,2025-04-06,17:58,Sunday,KEELE STATION,SUG,None,None,None,BD,None
6775,2025-04-06,19:13,Sunday,WELLESLEY STATION,SUDP,None,None,None,YU,None
6776,2025-04-06,19:25,Sunday,WELLESLEY STATION,PUMEL,None,None,None,YU,None
6777,2025-04-06,19:34,Sunday,ST GEORGE BD STATION,SUO,3,9,E,BD,5338
6778,2025-04-06,19:59,Sunday,GLENCAIRN STATION,MUSAN,6,12,N,YU,5891
6779,2025-04-06,20:31,Sunday,FINCH STATION,PUOPO,None,None,S,YU,5786
6780,2025-04-06,20:48,Sunday,DAVISVILLE STATION,SUDP,None,None,None,YU,None
6781,2025-04-06,20:51,Sunday,WARDEN STATION,MUTO,5,10,W,BD,5250
6782,2025-04-06,21:09,Sunday,WARDEN STATION,SUUT,10,15,E,BD,5091
6783,2025-04-06,21:22,Sunday,COLLEGE STATION,SUDP,3,9,S,YU,5531
6784,2025-04-06,21:24,Sunday,WARDEN STATION,SUG,None,None,E,BD,5091
6785,2025-04-06,21:27,Sunday,BLOOR STATION,SUDP,None,None,S,YU,None
6786,2025-04-06,22:00,Sunday,YONGE-UNIVERSITY AND B,MUO,None,None,None,YU/BD,None
6787,2025-04-06,23:03,Sunday,DUNDAS STATION,SUO,None,None,N,YU,None
6788,2025-04-06,23:06,Sunday,FINCH STATION,MUIS,None,None,None,YU,None
6789,2025-04-06,23:13,Sunday,WELLESLEY STATION,MUIS,None,None,S,YU,None
6790,2025-04-06,23:14,Sunday,YORK MILLS STATION,SUUT,None,None,None,YU,None
6791,2025-04-06,23:26,Sunday,WELLESLEY STATION,SUDP,16,22,S,YU,5601
6792,2025-04-06,23:28,Sunday,WARDEN STATION,MUTO,5,10,E,BD,5344
6793,2025-04-06,23:29,Sunday,WILSON STATION,MUIRS,None,None,None,YU,None
6794,2025-04-06,1:00,Sunday,WELLESLEY STATION,SUDP,None,None,None,YU,None
6795,2025-04-06,1:22,Sunday,KEELE STATION,MUSC,None,None,W,BD,5312
6796,2025-04-06,1:28,Sunday,DUNDAS WEST STATION,MUSC,None,None,E,BD,5110
6797,2025-04-06,1:33,Sunday,ST GEORGE YUS STATION,MUD,9,10,N,YU,5586
6798,2025-04-06,1:44,Sunday,FINCH STATION,MUIR,None,None,None,YU,5876
6799,2025-04-06,1:48,Sunday,WILSON STATION,MUIE,None,None,None,YU,None
6800,2025-04-06,8:56,Sunday,DON MILLS STATION,EUSC,None,None,W,SHP,6181
6801,2025-04-06,11:26,Sunday,SHEPPARD-YONGE STATION,EUBK,6,12,W,SHP,6186
6802,2025-04-06,12:23,Sunday,BESSARION STATION,PUOPO,None,None,W,SHP,6171
6803,2025-04-07,2:12,Monday,LAWRENCE WEST STATION,MUI,None,None,N,YU,5536
6804,2025-04-07,2:54,Monday,GREENWOOD STATION,MUNCA,None,None,None,BD,None
6805,2025-04-07,2:55,Monday,BAY STATION,MUNCA,None,None,None,BD,None
6806,2025-04-07,4:05,Monday,UNION STATION,MUIS,None,None,None,YU,None
6807,2025-04-07,5:12,Monday,DUNDAS WEST STATION,MUNCA,None,None,None,BD,None
6808,2025-04-07,5:19,Monday,WELLESLEY STATION,TUNCA,None,None,None,YU,None
6809,2025-04-07,5:26,Monday,CHRISTIE STATION,MUNCA,None,None,None,BD,None
6810,2025-04-07,5:37,Monday,KEELE STATION,MUIRS,None,None,None,BD,None
6811,2025-04-07,5:58,Monday,WILSON STATION,PUOPO,3,8,S,YU,5406
6812,2025-04-07,5:59,Monday,ST CLAIR STATION,PUTR,7,None,S,YU,5771
6813,2025-04-07,6:07,Monday,BLOOR STATION,PUTWZ,7,None,N,YU,5666
6814,2025-04-07,6:07,Monday,WILSON STATION,PUOPO,3,8,S,YU,5476
6815,2025-04-07,6:42,Monday,KIPLING STATION,MUIS,None,None,None,BD,None
6816,2025-04-07,6:57,Monday,GREENWOOD STATION,EUTR,3,6,E,BD,5303
6817,2025-04-07,7:01,Monday,YONGE BD STATION,MUO,None,None,W,BD,5361
6818,2025-04-07,7:03,Monday,DONLANDS STATION,SUDP,None,None,W,BD,5311
6819,2025-04-07,7:53,Monday,YORKDALE STATION,PUOPO,28,31,S,YU,6046
6820,2025-04-07,8:04,Monday,BLOOR STATION,MUIRS,None,None,N,YU,None
6821,2025-04-07,8:26,Monday,LAWRENCE WEST STATION,PUOPO,3,8,S,YU,6046
6822,2025-04-07,8:33,Monday,KENNEDY BD STATION,EUME,4,8,E,BD,5351
6823,2025-04-07,8:45,Monday,JANE STATION,PUSTC,None,None,E,BD,5133
6824,2025-04-07,9:06,Monday,DANFORTH DIVISION,MUO,None,None,None,BD,None
6825,2025-04-07,9:07,Monday,VICTORIA PARK STATION,MUO,None,None,None,BD,None
6826,2025-04-07,9:13,Monday,DUNDAS STATION,SUO,None,None,None,YU,None
6827,2025-04-07,9:36,Monday,ST PATRICK STATION,MUNCA,None,None,None,YU,None
6828,2025-04-07,10:29,Monday,COXWELL STATION,MUO,None,None,None,BD,None
6829,2025-04-07,11:20,Monday,DUNDAS STATION,MUDD,13,18,S,YU,5586
6830,2025-04-07,11:49,Monday,CHESTER STATION,TUSC,None,None,E,BD,5139
6831,2025-04-07,12:43,Monday,DUNDAS WEST STATION,SUDP,5,9,E,BD,5020
6832,2025-04-07,13:15,Monday,FINCH WEST STATION,SUG,4,8,S,YU,6011
6833,2025-04-07,13:19,Monday,WILSON STATION,PUOPO,7,11,S,YU,5856
6834,2025-04-07,13:39,Monday,WILSON STATION,PUOPO,4,8,S,YU,5886
6835,2025-04-07,13:51,Monday,BLOOR STATION,PUMST,None,None,None,YU,None
6836,2025-04-07,13:52,Monday,KENNEDY BD STATION,PUSRA,4,8,W,BD,5333
6837,2025-04-07,14:06,Monday,WILSON STATION,PUOPO,None,None,S,YU,None
6838,2025-04-07,14:59,Monday,GREENWOOD STATION,SUO,None,None,W,BD,5069
6839,2025-04-07,15:14,Monday,KENNEDY BD STATION,SUAP,None,None,None,BD,None
6840,2025-04-07,15:16,Monday,FINCH WEST STATION,PUMST,None,None,None,YU,None
6841,2025-04-07,15:36,Monday,PAPE STATION,MUIS,None,None,W,BD,None
6842,2025-04-07,15:37,Monday,KEELE STATION,PUTR,3,6,W,BD,5284
6843,2025-04-07,15:50,Monday,KENNEDY BD STATION,SUO,None,None,None,BD,5312
6844,2025-04-07,16:17,Monday,YONGE BD STATION,MUO,4,7,W,BD,5050
6845,2025-04-07,16:21,Monday,WILSON STATION,PUOPO,3,8,S,YU,5781
6846,2025-04-07,16:28,Monday,WOODBINE STATION,MUD,3,6,E,BD,5348
6847,2025-04-07,16:41,Monday,MUSEUM STATION,MUI,5,9,N,YU,5661
6848,2025-04-07,16:59,Monday,QUEEN STATION,PUMST,None,None,None,YU,None
6849,2025-04-07,17:54,Monday,CHRISTIE STATION,MUPAA,None,None,E,BD,5308
6850,2025-04-07,19:42,Monday,MAIN STREET STATION,MUIRS,None,None,None,BD,None
6851,2025-04-07,19:49,Monday,FINCH STATION,MUIE,None,None,None,YU,None
6852,2025-04-07,20:30,Monday,EGLINTON STATION,MUIRS,None,None,None,YU,None
6853,2025-04-07,20:33,Monday,VMC STATION,TUNIP,3,9,S,YU,5571
6854,2025-04-07,20:45,Monday,KEELE STATION,SUDP,None,None,W,BD,5227
6855,2025-04-07,21:00,Monday,QUEEN STATION,PUMO,None,None,N,YU,None
6856,2025-04-07,21:47,Monday,FINCH STATION,SUDP,5,10,N,YU,5521
6857,2025-04-07,21:49,Monday,EGLINTON WEST STATION,MUTO,8,14,S,YU,5676
6858,2025-04-07,22:05,Monday,KING STATION,MUPLB,30,35,S,YU,5401
6859,2025-04-07,22:19,Monday,BATHURST STATION,MUIS,None,None,None,BD,None
6860,2025-04-07,22:30,Monday,ST GEORGE YUS STATION,TUCC,6,12,S,YU,5776
6861,2025-04-07,22:35,Monday,EGLINTON WEST STATION,SUDP,17,22,S,YU,5931
6862,2025-04-07,22:37,Monday,UNION STATION,MUIRS,None,None,None,YU,None
6863,2025-04-07,23:16,Monday,DUNDAS WEST STATION,PUTOE,None,None,W,BD,None
6864,2025-04-07,23:22,Monday,PIONEER VILLAGE STATIO,MUIS,None,None,S,YU,None
6865,2025-04-07,23:25,Monday,DAVISVILLE STATION,MUI,20,25,N,YU,5746
6866,2025-04-07,0:06,Monday,PIONEER VILLAGE STATIO,MUSAN,6,12,S,YU,5981
6867,2025-04-07,0:31,Monday,PIONEER VILLAGE TO VAU,MUCP,None,None,None,YU,None
6868,2025-04-07,10:58,Monday,SHEPPARD-YONGE STATION,TUSUP,6,11,E,SHP,6146
6869,2025-04-07,12:58,Monday,DON MILLS STATION,MUSC,None,None,W,SHP,6156
6870,2025-04-07,13:07,Monday,LESLIE STATION,EUSC,None,None,W,SHP,6151
6871,2025-04-07,21:49,Monday,SHEPPARD-YONGE STATION,SUO,None,None,None,SHP,None
6872,2025-04-07,22:41,Monday,DON MILLS STATION,PUSO,3,8,W,SHP,6171
6873,2025-04-07,23:56,Monday,DON MILLS STATION,MUSC,None,None,E,SHP,6141
6874,2025-04-08,2:23,Tuesday,KENNEDY BD STATION,MUIS,None,None,None,BD,None
6875,2025-04-08,5:10,Tuesday,FINCH STATION,MUNCA,None,None,None,YU,None
6876,2025-04-08,5:10,Tuesday,KENNEDY BD STATION,MUNCA,None,None,None,BD,None
6877,2025-04-08,5:10,Tuesday,LAWRENCE STATION,MUNCA,None,None,None,YU,None
6878,2025-04-08,5:15,Tuesday,VICTORIA PARK STATION,MUNCA,None,None,None,BD,None
6879,2025-04-08,5:53,Tuesday,QUEEN'S PARK STATION,PUMST,None,None,None,YU,None
6880,2025-04-08,6:00,Tuesday,UNION STATION,PUSAC,5,10,S,YU,6451
6881,2025-04-08,6:02,Tuesday,ST ANDREW STATION,PUSAC,None,None,S,YU,5661
6882,2025-04-08,6:05,Tuesday,FINCH WEST STATION,MUIS,None,None,None,YU,None
6883,2025-04-08,6:13,Tuesday,DUPONT STATION,PUOPO,4,8,N,YU,5936
6884,2025-04-08,6:21,Tuesday,EGLINTON STATION,EUTRD,3,6,N,YU,5626
6885,2025-04-08,6:34,Tuesday,ST CLAIR STATION,PUSI,3,7,S,YU,5560
6886,2025-04-08,6:37,Tuesday,DUPONT STATION,PUOPO,6,8,N,YU,5881
6887,2025-04-08,6:42,Tuesday,BROADVIEW STATION,TUSC,3,6,W,BD,5172
6888,2025-04-08,6:46,Tuesday,DUPONT STATION,PUOPO,6,8,N,YU,5766
6889,2025-04-08,7:06,Tuesday,GREENWOOD STATION,MUWEA,None,None,E,BD,5110
6890,2025-04-08,7:17,Tuesday,WELLESLEY STATION,MUIS,None,None,S,YU,None
6891,2025-04-08,7:20,Tuesday,OLD MILL STATION,MUSC,None,None,W,BD,5197
6892,2025-04-08,7:34,Tuesday,VICTORIA PARK STATION,MUPLB,11,13,W,BD,5074
6893,2025-04-08,7:42,Tuesday,ST CLAIR STATION,TUO,3,5,S,YU,5471
6894,2025-04-08,7:48,Tuesday,VICTORIA PARK STATION,MUWEA,3,5,W,BD,5074
6895,2025-04-08,8:11,Tuesday,ST GEORGE BD STATION,PUSTS,None,None,E,BD,5307
6896,2025-04-08,8:43,Tuesday,SPADINA BD STATION,PUSTS,3,6,E,BD,5231
6897,2025-04-08,8:50,Tuesday,FINCH STATION,SUDP,None,None,None,YU,None
6898,2025-04-08,9:07,Tuesday,BLOOR STATION,MUO,4,6,S,YU,5661
6899,2025-04-08,10:33,Tuesday,BLOOR STATION,MUIR,None,None,S,YU,6051
6900,2025-04-08,10:46,Tuesday,DAVISVILLE STATION,MUPAA,None,None,S,YU,5976
6901,2025-04-08,11:02,Tuesday,ISLINGTON STATION,EUNT,None,None,E,BD,5330
6902,2025-04-08,11:34,Tuesday,KENNEDY BD STATION,SUAP,None,None,None,BD,None
6903,2025-04-08,11:56,Tuesday,SHEPPARD STATION,SUDP,7,12,S,YU,5701
6904,2025-04-08,11:58,Tuesday,WARDEN STATION,TUMVS,7,11,W,BD,5099
6905,2025-04-08,12:00,Tuesday,DUNDAS WEST STATION,TUOS,7,11,W,BD,5118
6906,2025-04-08,12:19,Tuesday,QUEEN'S PARK STATION,SUDP,7,12,N,YU,5711
6907,2025-04-08,12:28,Tuesday,OLD MILL STATION,EUSC,None,None,W,BD,5299
6908,2025-04-08,12:47,Tuesday,EGLINTON STATION,SUUT,7,12,S,YU,5461
6909,2025-04-08,13:55,Tuesday,MAIN STREET STATION,SUDP,None,None,E,BD,5020
6910,2025-04-08,13:57,Tuesday,VICTORIA PARK STATION,MUPLB,14,18,W,BD,5113
6911,2025-04-08,14:17,Tuesday,KIPLING STATION,MUSC,3,7,W,BD,5299
6912,2025-04-08,14:27,Tuesday,ISLINGTON STATION,MUSC,None,None,E,BD,5299
6913,2025-04-08,14:36,Tuesday,DUFFERIN STATION,SUDP,None,None,W,BD,5038
6914,2025-04-08,14:40,Tuesday,JANE STATION,EUSC,None,None,None,BD,5263
6915,2025-04-08,15:55,Tuesday,HIGH PARK STATION,PUTR,3,7,E,BD,5259
6916,2025-04-08,16:25,Tuesday,SHERBOURNE STATION,PUMST,None,None,None,BD,None
6917,2025-04-08,16:28,Tuesday,SPADINA YUS STATION,SUUT,15,18,S,YU,5526
6918,2025-04-08,16:48,Tuesday,ST GEORGE YUS STATION,MUTO,None,None,S,YU,5526
6919,2025-04-08,16:50,Tuesday,KEELE STATION,MUO,None,None,None,BD,None
6920,2025-04-08,16:55,Tuesday,KING STATION,SUSA,None,None,N,YU,None
6921,2025-04-08,17:00,Tuesday,DUNDAS STATION,MUIS,None,None,None,YU,None
6922,2025-04-08,17:05,Tuesday,ST ANDREW STATION,MUPAA,None,None,S,YU,5406
6923,2025-04-08,17:14,Tuesday,BLOOR STATION,MUIR,3,6,N,YU,5526
6924,2025-04-08,17:16,Tuesday,WELLESLEY STATION,SUO,None,None,None,YU,None
6925,2025-04-08,17:32,Tuesday,UNION STATION,PUOPO,3,6,N,YU,6046
6926,2025-04-08,17:39,Tuesday,FINCH STATION,SUDP,3,6,S,YU,5781
6927,2025-04-08,17:43,Tuesday,QUEEN STATION,MUPAA,3,5,N,None,5921
6928,2025-04-08,18:07,Tuesday,LAWRENCE STATION,SUO,4,7,N,YU,6046
6929,2025-04-08,18:12,Tuesday,LAWRENCE WEST STATION,SUO,None,None,S,YU,5466
6930,2025-04-08,18:15,Tuesday,DOWNSVIEW PARK STATION,MUNCA,None,None,None,YU,None
6931,2025-04-08,18:27,Tuesday,ST ANDREW STATION,SUDP,3,6,N,YU,5521
6932,2025-04-08,18:51,Tuesday,YONGE BD STATION,MUIS,None,None,None,BD,None
6933,2025-04-08,18:55,Tuesday,ST CLAIR STATION,MUIS,None,None,N,YU,None
6934,2025-04-08,19:09,Tuesday,DUFFERIN STATION,SUDP,None,None,E,BD,None
6935,2025-04-08,19:32,Tuesday,SUMMERHILL STATION,MUO,None,None,None,YU,None
6936,2025-04-08,19:36,Tuesday,ST GEORGE BD STATION,SUDP,4,8,E,BD,5231
6937,2025-04-08,20:03,Tuesday,ST GEORGE BD STATION,SUO,None,None,None,BD,None
6938,2025-04-08,20:11,Tuesday,PAPE STATION,MUIRS,None,None,W,BD,None
6939,2025-04-08,20:13,Tuesday,DONLANDS STATION,SUSA,None,None,W,BD,5336
6940,2025-04-08,20:20,Tuesday,CHRISTIE STATION,MUPAA,3,8,E,BD,5263
6941,2025-04-08,20:39,Tuesday,SPADINA BD STATION,MUIS,None,None,None,BD,None
6942,2025-04-08,21:01,Tuesday,OSSINGTON STATION,SUO,17,22,E,BD,5020
6943,2025-04-08,21:11,Tuesday,ST GEORGE BD STATION,SUO,None,None,None,BD,None
6944,2025-04-08,21:13,Tuesday,CHESTER STATION,MUIRS,None,None,None,BD,None
6945,2025-04-08,21:51,Tuesday,COLLEGE STATION,MUIS,None,None,None,YU,None
6946,2025-04-08,22:00,Tuesday,LINE 1 - YONGE-UNIVERS,MUO,None,None,None,None,None
6947,2025-04-08,22:54,Tuesday,QUEEN'S PARK STATION,SUDP,None,None,None,YU,None
6948,2025-04-08,23:00,Tuesday,YONGE-UNIVERSITY AND B,MUCP,None,None,None,YU,None
6949,2025-04-08,23:00,Tuesday,LINE 2 BLOOR DANFORTH,MUCP,None,None,None,BD,None
6950,2025-04-08,23:05,Tuesday,ST GEORGE BD STATION,MUIRS,None,None,None,BD,None
6951,2025-04-08,23:19,Tuesday,ROSEDALE STATION,SUAP,None,None,S,YU,6011
6952,2025-04-08,23:32,Tuesday,DAVISVILLE YARD,MUO,None,None,None,None,None
6953,2025-04-08,23:50,Tuesday,ST GEORGE YUS STATION,MUIRS,None,None,None,YU,None
6954,2025-04-08,23:57,Tuesday,JANE STATION,MUPAA,None,None,W,BD,5108
6955,2025-04-08,23:58,Tuesday,LAWRENCE STATION,SUDP,7,12,N,YU,6046
6956,2025-04-08,0:40,Tuesday,QUEEN'S PARK STATION,MUIRS,None,None,N,YU,5801
6957,2025-04-08,1:07,Tuesday,BLOOR STATION,SUO,None,None,S,YU,5966
6958,2025-04-08,1:34,Tuesday,MAIN STREET STATION,SUO,None,None,None,BD,None
6959,2025-04-08,2:30,Tuesday,SHEPPARD-YONGE STATION,SUDP,None,None,W,SHP,None
6960,2025-04-08,17:10,Tuesday,BAYVIEW STATION,EUBK,None,None,W,SHP,6166
6961,2025-04-09,2:07,Wednesday,FINCH STATION,SUDP,None,None,None,YU,None
6962,2025-04-09,2:39,Wednesday,VMC STATION,MUIS,None,None,None,YU,None
6963,2025-04-09,2:58,Wednesday,DAVISVILLE YARD,MUIE,None,None,None,YU,None
6964,2025-04-09,5:10,Wednesday,FINCH STATION,MUNCA,None,None,None,YU,None
6965,2025-04-09,5:27,Wednesday,UNION STATION,PUSAC,None,None,N,YU,5416
6966,2025-04-09,5:40,Wednesday,QUEEN'S PARK STATION,MUNCA,None,None,None,YU,None
6967,2025-04-09,5:41,Wednesday,KENNEDY BD STATION,TUSC,None,None,W,BD,5156
6968,2025-04-09,5:46,Wednesday,DONLANDS STATION,PUTO,4,None,W,BD,5134
6969,2025-04-09,6:04,Wednesday,SHEPPARD WEST STATION,EUYRD,7,12,N,YU,5701
6970,2025-04-09,6:28,Wednesday,KENNEDY BD STATION,TUSC,None,None,W,BD,5131
6971,2025-04-09,6:39,Wednesday,FINCH WEST STATION,PUOPO,4,8,N,YU,5421
6972,2025-04-09,6:43,Wednesday,YORK UNIVERSITY STATIO,PUOPO,4,8,N,YU,5386
6973,2025-04-09,7:36,Wednesday,PAPE STATION,MUIRS,None,None,None,BD,None
6974,2025-04-09,7:48,Wednesday,CHESTER STATION,MUD,3,6,W,BD,5368
6975,2025-04-09,8:00,Wednesday,EGLINTON WEST STATION,PUOPO,3,5,N,YU,5886
6976,2025-04-09,8:29,Wednesday,WOODBINE STATION,MUSC,None,None,W,BD,5319
6977,2025-04-09,8:37,Wednesday,KEELE STATION,MUSC,None,None,W,BD,5110
6978,2025-04-09,10:21,Wednesday,OLD MILL STATION,TUMVS,3,6,E,BD,5348
6979,2025-04-09,10:23,Wednesday,FINCH STATION,PUOPO,None,None,S,YU,5591
6980,2025-04-09,11:14,Wednesday,ST CLAIR WEST STATION,SUDP,14,19,S,YU,5956
6981,2025-04-09,13:16,Wednesday,BLOOR STATION,PUMST,None,None,None,YU,None
6982,2025-04-09,13:26,Wednesday,EGLINTON WEST STATION,SUO,None,None,None,YU,None
6983,2025-04-09,14:19,Wednesday,FINCH STATION,MUIR,None,None,S,YU,5971
6984,2025-04-09,14:46,Wednesday,UNION STATION,SUDP,3,7,S,YU,6011
6985,2025-04-09,15:51,Wednesday,ST CLAIR WEST STATION,SUAP,13,16,S,YU,5996
6986,2025-04-09,16:05,Wednesday,KIPLING STATION,MUIS,None,None,W,BD,5294
6987,2025-04-09,16:43,Wednesday,LANSDOWNE STATION,SUDP,None,None,W,BD,5312
6988,2025-04-09,17:05,Wednesday,ST PATRICK STATION,MUIRS,None,None,N,YU,None
6989,2025-04-09,17:07,Wednesday,KIPLING STATION,PUMEL,None,None,None,BD,None
6990,2025-04-09,17:11,Wednesday,KING STATION,SUDP,5,8,S,YU,5801
6991,2025-04-09,17:34,Wednesday,QUEEN STATION,MUPAA,3,6,S,YU,5886
6992,2025-04-09,17:52,Wednesday,DUNDAS WEST STATION,MUSC,None,None,E,BD,5348
6993,2025-04-09,18:11,Wednesday,OSSINGTON STATION,PUMO,None,None,None,BD,None
6994,2025-04-09,18:12,Wednesday,ROSEDALE STATION,MUIR,3,6,N,YU,6056
6995,2025-04-09,18:38,Wednesday,KENNEDY BD STATION,SUDP,None,None,W,BD,5069
6996,2025-04-09,18:38,Wednesday,FINCH STATION,SUDP,None,None,None,YU,None
6997,2025-04-09,19:34,Wednesday,DUNDAS STATION,SUDP,None,None,None,YU,None
6998,2025-04-09,19:44,Wednesday,KING STATION,SUDP,None,None,S,YU,5606
6999,2025-04-09,20:00,Wednesday,SPADINA BD STATION,MUNCA,None,None,None,BD,None
7000,2025-04-09,20:03,Wednesday,BATHURST STATION,SUO,None,None,None,BD,None
7001,2025-04-09,20:16,Wednesday,WILSON STATION,MUIS,None,None,None,YU,None
7002,2025-04-09,20:32,Wednesday,BLOOR STATION,PUOPO,None,None,S,YU,5581
7003,2025-04-09,21:11,Wednesday,ST CLAIR STATION,SUUT,None,None,S,YU,None
7004,2025-04-09,21:14,Wednesday,BLOOR STATION,MUIS,None,None,None,YU,None
7005,2025-04-09,21:44,Wednesday,SHEPPARD STATION,SUEAS,8,13,N,YU,5671
7006,2025-04-09,21:50,Wednesday,UNION STATION,MUIRS,None,None,N,YU,None
7007,2025-04-09,21:59,Wednesday,UNION STATION,MUIS,None,None,N,YU,None
7008,2025-04-09,22:00,Wednesday,YONGE-UNIVERSITY AND B,MUO,None,None,None,YU/BD,None
7009,2025-04-09,22:05,Wednesday,KENNEDY BD STATION,SUAP,None,None,None,BD,None
7010,2025-04-09,22:12,Wednesday,MAIN STREET STATION,SUAP,None,None,None,BD,None
7011,2025-04-09,22:30,Wednesday,EGLINTON WEST STATION,MUI,20,25,N,YU,5961
7012,2025-04-09,22:38,Wednesday,ROSEDALE STATION,SUO,None,None,S,YU,None
7013,2025-04-09,22:56,Wednesday,QUEEN STATION,SUDP,None,None,None,YU,None
7014,2025-04-09,23:00,Wednesday,LINE 1 - YONGE-UNIVERS,MUCP,None,None,None,YU,None
7015,2025-04-09,23:03,Wednesday,SUMMERHILL STATION,MUIR,9,14,N,YU,5501
7016,2025-04-09,23:10,Wednesday,JANE TO OSSINGTON,MUCP,None,None,B,BD,None
7017,2025-04-09,23:40,Wednesday,YONGE BD STATION,MUIRS,None,None,E,BD,None
7018,2025-04-09,0:24,Wednesday,LAWRENCE STATION,SUDP,13,18,S,YU,5831
7019,2025-04-09,0:43,Wednesday,JANE STATION,MUIS,None,None,None,BD,None
7020,2025-04-09,1:13,Wednesday,DUNDAS STATION,MUIRS,None,None,N,YU,None
7021,2025-04-09,1:32,Wednesday,LAWRENCE STATION,MUO,6,12,N,YU,5666
7022,2025-04-09,1:43,Wednesday,SHEPPARD WEST STATION,SUDP,None,None,S,YU,5486
7023,2025-04-09,5:00,Wednesday,BAYVIEW STATION,MUNCA,None,None,None,SHP,None
7024,2025-04-09,11:49,Wednesday,BESSARION STATION,MUI,17,22,W,SHP,6166
7025,2025-04-09,11:58,Wednesday,BAYVIEW STATION,PUOPO,9,14,W,SHP,6146
7026,2025-04-09,12:11,Wednesday,BAYVIEW STATION,PUOPO,None,None,E,SHP,6161
7027,2025-04-09,16:37,Wednesday,DON MILLS STATION,PUMEL,None,None,None,SHP,None
7028,2025-04-09,17:21,Wednesday,DON MILLS STATION,TUSC,None,None,W,SHP,6171
7029,2025-04-09,1:36,Wednesday,DON MILLS STATION,TUMVS,None,None,E,SHP,6161
7030,2025-04-10,2:16,Thursday,KENNEDY BD STATION,SUDP,None,None,None,BD,5042
7031,2025-04-10,2:23,Thursday,UNION STATION,SUDP,None,None,None,YU,None
7032,2025-04-10,4:49,Thursday,YORK MILLS STATION,EUVE,None,None,None,YU,None
7033,2025-04-10,5:38,Thursday,YORK MILLS STATION,EUO,7,None,N,YU,5601
7034,2025-04-10,6:01,Thursday,SHEPPARD WEST STATION,TUNOA,13,None,N,YU,None
7035,2025-04-10,6:04,Thursday,ST ANDREW STATION,PUSAC,None,None,S,YU,5791
7036,2025-04-10,6:47,Thursday,WILSON STATION,PUSAC,3,6,S,YU,5766
7037,2025-04-10,6:48,Thursday,WILSON STATION,PUSAC,3,6,S,YU,5686
7038,2025-04-10,6:49,Thursday,WILSON STATION,PUSAC,3,6,S,YU,5786
7039,2025-04-10,6:51,Thursday,WILSON STATION,PUSAC,3,6,S,YU,5996
7040,2025-04-10,6:52,Thursday,WILSON STATION,PUSAC,3,6,S,YU,5626
7041,2025-04-10,6:53,Thursday,WILSON STATION,PUSAC,3,6,S,YU,5626
7042,2025-04-10,7:17,Thursday,ST ANDREW STATION,MUI,12,15,S,YU,6056
7043,2025-04-10,7:43,Thursday,OSGOODE STATION,MUPAA,3,5,S,YU,5741
7044,2025-04-10,7:46,Thursday,OSGOODE STATION,MUPAA,3,5,N,YU,5656
7045,2025-04-10,8:10,Thursday,VMC STATION,PUSSW,32,36,N,YU,5856
7046,2025-04-10,8:17,Thursday,KEELE STATION,SUDP,None,None,None,BD,None
7047,2025-04-10,8:18,Thursday,HIGH PARK STATION,EUPI,3,5,E,BD,5304
7048,2025-04-10,9:03,Thursday,KEELE STATION,SUAP,5,7,E,BD,5310
7049,2025-04-10,9:04,Thursday,FINCH STATION,SUDP,None,None,None,YU,None
7050,2025-04-10,9:26,Thursday,VMC STATION,PUSSW,10,12,N,YU,5626
7051,2025-04-10,10:04,Thursday,KEELE YARD,PUTWZ,None,None,E,BD,5236
7052,2025-04-10,10:11,Thursday,KEELE YARD,PUTWZ,14,18,E,BD,5236
7053,2025-04-10,12:03,Thursday,SHEPPARD WEST STATION,SUUT,7,12,N,YU,5546
7054,2025-04-10,12:03,Thursday,SPADINA BD STATION,SUO,None,None,None,BD,None
7055,2025-04-10,12:43,Thursday,CASTLE FRANK STATION,PUSNT,6,10,E,BD,None
7056,2025-04-10,13:13,Thursday,EGLINTON STATION,PUMO,None,None,None,YU,None
7057,2025-04-10,13:32,Thursday,CHRISTIE STATION,SUO,None,None,None,BD,None
7058,2025-04-10,13:56,Thursday,DUFFERIN STATION,PUSRA,4,8,W,BD,5191
7059,2025-04-10,14:11,Thursday,CASTLE FRANK STATION,SUDP,None,None,None,BD,None
7060,2025-04-10,14:24,Thursday,LAWRENCE STATION,TUO,7,11,N,YU,6081
7061,2025-04-10,14:30,Thursday,ST CLAIR WEST STATION,SUDP,18,22,S,YU,5226
7062,2025-04-10,15:00,Thursday,VICTORIA PARK STATION,SUDP,None,None,None,BD,None
7063,2025-04-10,15:08,Thursday,BLOOR STATION,MUIR,None,None,S,YU,5861
7064,2025-04-10,15:27,Thursday,BLOOR STATION,MUIS,None,None,S,YU,5636
7065,2025-04-10,15:44,Thursday,VICTORIA PARK STATION,MUSC,None,None,W,BD,5286
7066,2025-04-10,15:58,Thursday,VICTORIA PARK STATION,MUSC,3,7,E,BD,5259
7067,2025-04-10,16:15,Thursday,LANSDOWNE STATION,MUIR,None,None,E,BD,5304
7068,2025-04-10,16:36,Thursday,FINCH STATION,PUMEL,None,None,None,YU,None
7069,2025-04-10,16:49,Thursday,FINCH STATION,SUDP,None,None,None,YU,None
7070,2025-04-10,17:15,Thursday,ISLINGTON STATION,MUSC,None,None,W,BD,5218
7071,2025-04-10,17:23,Thursday,KENNEDY BD STATION,TUO,None,None,E,BD,5086
7072,2025-04-10,17:26,Thursday,ST GEORGE BD STATION,SUDP,4,9,W,BD,5635
7073,2025-04-10,17:32,Thursday,LAWRENCE WEST STATION,PUMEL,None,None,None,None,None
7074,2025-04-10,18:01,Thursday,BLOOR STATION,PUOPO,None,None,N,YU,5961
7075,2025-04-10,18:22,Thursday,LAWRENCE WEST STATION,MUIS,None,None,N,YU,5931
7076,2025-04-10,18:24,Thursday,FINCH STATION,PUOPO,None,None,None,YU,5606
7077,2025-04-10,18:57,Thursday,VMC STATION,SUDP,None,None,S,YU,5776
7078,2025-04-10,19:02,Thursday,OLD MILL STATION,SUO,None,None,None,BD,None
7079,2025-04-10,19:49,Thursday,ST ANDREW STATION,PUMO,None,None,None,YU,None
7080,2025-04-10,19:56,Thursday,BROADVIEW STATION,SUDP,None,None,W,BD,5319
7081,2025-04-10,20:21,Thursday,PIONEER VILLAGE STATIO,SUAP,8,12,S,YU,6001
7082,2025-04-10,20:48,Thursday,ST GEORGE BD STATION,SUDP,None,None,E,BD,5082
7083,2025-04-10,21:23,Thursday,UNION STATION,SUDP,10,16,N,YU,5836
7084,2025-04-10,22:00,Thursday,YONGE-UNIVERSITY AND B,MUO,None,None,None,YU/BD,None
7085,2025-04-10,22:28,Thursday,ISLINGTON STATION,PUSTS,4,9,E,BD,5129
7086,2025-04-10,22:34,Thursday,YORK MILLS STATION,MUIRS,None,None,S,YU,5831
7087,2025-04-10,22:44,Thursday,BLOOR STATION,MUIS,None,None,N,YU,None
7088,2025-04-10,23:00,Thursday,LINE 1 - YONGE-UNIVERS,MUCP,None,None,None,YU,None
7089,2025-04-10,23:00,Thursday,JANE TO OSSINGTON,MUCP,None,None,None,BD,None
7090,2025-04-10,23:35,Thursday,LAWRENCE WEST STATION,PUOPO,4,10,S,YU,5421
7091,2025-04-10,23:40,Thursday,ST ANDREW STATION,SUUT,None,None,None,YU,None
7092,2025-04-10,0:01,Thursday,MAIN STREET STATION,MUIS,None,None,None,BD,None
7093,2025-04-10,0:35,Thursday,ST GEORGE YUS STATION,MUIS,None,None,S,YU,None
7094,2025-04-10,1:09,Thursday,COLLEGE STATION,MUIS,None,None,None,YU,None
7095,2025-04-10,1:17,Thursday,WILSON STATION,MUIS,None,None,None,YU,None
7096,2025-04-10,1:37,Thursday,MAIN STREET STATION,MUIRS,None,None,None,BD,None
7097,2025-04-10,15:13,Thursday,DON MILLS STATION,SUO,None,None,None,SHP,None
7098,2025-04-10,18:31,Thursday,LESLIE STATION,MUIS,None,None,None,SHP,None
7099,2025-04-11,4:01,Friday,COLLEGE STATION,MUNCA,None,None,None,YU,None
7100,2025-04-11,5:43,Friday,ISLINGTON STATION,PUSI,3,None,E,BD,5192
7101,2025-04-11,5:48,Friday,ST CLAIR STATION,PUTR,4,None,S,YU,5756
7102,2025-04-11,6:11,Friday,EGLINTON STATION,EUYRD,5,10,N,YU,6116
7103,2025-04-11,6:19,Friday,WILSON STATION,MUO,None,None,None,YU,None
7104,2025-04-11,7:33,Friday,FINCH STATION,PUOPO,None,None,S,YU,5661
7105,2025-04-11,7:44,Friday,WELLESLEY STATION,SUDP,None,None,None,YU,None
7106,2025-04-11,7:52,Friday,SHERBOURNE STATION,SUO,None,None,None,BD,None
7107,2025-04-11,7:53,Friday,VMC STATION,PUOPO,None,None,S,YU,5791
7108,2025-04-11,8:09,Friday,VICTORIA PARK STATION,MUPAA,None,None,W,BD,5145
7109,2025-04-11,8:30,Friday,VICTORIA PARK STATION,MUSC,None,None,W,BD,5012
7110,2025-04-11,8:45,Friday,MAIN STREET STATION,SUG,None,None,None,BD,None
7111,2025-04-11,8:54,Friday,ISLINGTON STATION,MUSC,None,None,E,BD,5057
7112,2025-04-11,9:15,Friday,HIGH PARK STATION,TUS,3,6,W,BD,5024
7113,2025-04-11,9:23,Friday,ISLINGTON STATION,PUTD,3,5,E,BD,5343
7114,2025-04-11,9:27,Friday,OLD MILL STATION,TUMVS,7,9,E,BD,5154
7115,2025-04-11,9:38,Friday,KENNEDY BD STATION,PUMEL,None,None,None,BD,None
7116,2025-04-11,9:48,Friday,DUFFERIN STATION,SUAP,None,None,E,BD,None
7117,2025-04-11,10:24,Friday,SPADINA BD STATION,EUSC,None,None,W,BD,5122
7118,2025-04-11,10:37,Friday,BLOOR STATION,MUIS,None,None,None,YU,None
7119,2025-04-11,10:42,Friday,RUNNYMEDE STATION,MUIRS,None,None,E,BD,5039
7120,2025-04-11,10:50,Friday,OSGOODE STATION,MUPAA,4,9,N,YU,5701
7121,2025-04-11,11:40,Friday,FINCH STATION,MUTO,4,10,S,YU,5851
7122,2025-04-11,11:41,Friday,BROADVIEW STATION,SUUT,None,None,W,BD,5363
7123,2025-04-11,11:43,Friday,ISLINGTON STATION,MUSC,None,None,E,BD,5074
7124,2025-04-11,12:32,Friday,RUNNYMEDE STATION,SUAP,None,None,None,BD,None
7125,2025-04-11,12:34,Friday,QUEEN STATION,SUO,None,None,None,YU,None
7126,2025-04-11,12:39,Friday,OSSINGTON STATION,SUAE,None,None,None,BD,None
7127,2025-04-11,13:11,Friday,OSSINGTON STATION,MUIRS,None,None,E,BD,None
7128,2025-04-11,13:18,Friday,YORK MILLS STATION,TUO,None,None,S,YU,5701
7129,2025-04-11,13:18,Friday,FINCH STATION,MUPAA,None,None,S,YU,5676
7130,2025-04-11,13:34,Friday,COXWELL STATION,SUG,4,8,E,BD,5132
7131,2025-04-11,13:49,Friday,BATHURST STATION,SUDP,None,None,None,BD,None
7132,2025-04-11,13:51,Friday,ST CLAIR WEST STATION,MUIS,None,None,None,YU,None
7133,2025-04-11,13:54,Friday,EGLINTON STATION,SUDP,None,None,None,YU,None
7134,2025-04-11,14:01,Friday,LANSDOWNE STATION,MUIR,3,7,W,BD,5009
7135,2025-04-11,14:28,Friday,OLD MILL STATION,TUSC,None,None,W,BD,5122
7136,2025-04-11,14:31,Friday,OLD MILL STATION,EUSC,None,None,W,BD,5122
7137,2025-04-11,14:44,Friday,ST CLAIR WEST STATION,SUO,7,12,N,YU,5766
7138,2025-04-11,14:48,Friday,GLENCAIRN STATION,PUMO,None,None,None,YU,None
7139,2025-04-11,14:59,Friday,BATHURST STATION,MUIRS,None,None,None,BD,None
7140,2025-04-11,15:01,Friday,BLOOR STATION,MUIRS,None,None,N,YU,None
7141,2025-04-11,15:26,Friday,KIPLING STATION,MUTO,4,8,E,BD,5054
7142,2025-04-11,15:30,Friday,SPADINA YUS STATION,MUIS,None,None,None,YU,None
7143,2025-04-11,15:36,Friday,ST PATRICK STATION,SUO,None,None,None,YU,None
7144,2025-04-11,16:04,Friday,ST CLAIR STATION,MUIRS,None,None,None,YU,None
7145,2025-04-11,16:15,Friday,DUNDAS STATION,SUDP,8,13,N,YU,5846
7146,2025-04-11,16:24,Friday,KING STATION,SUAP,None,None,None,YU,None
7147,2025-04-11,16:42,Friday,OLD MILL STATION,MUSC,None,None,W,BD,5357
7148,2025-04-11,16:49,Friday,KEELE STATION,MUIE,None,None,None,BD,None
7149,2025-04-11,16:58,Friday,BLOOR STATION,SUO,None,None,N,YU,None
7150,2025-04-11,17:04,Friday,COXWELL STATION,TUSC,3,6,W,BD,5265
7151,2025-04-11,17:22,Friday,WARDEN STATION,EUSC,None,None,W,BD,5122
7152,2025-04-11,17:25,Friday,BAY STATION,SUDP,6,9,E,BD,5884
7153,2025-04-11,17:35,Friday,KING STATION,SUAP,None,None,None,YU,None
7154,2025-04-11,17:48,Friday,PAPE STATION,PUMEL,None,None,W,BD,None
7155,2025-04-11,17:51,Friday,LANSDOWNE STATION,MUPAA,None,None,W,BD,5046
7156,2025-04-11,17:52,Friday,VMC STATION,MUIR,None,None,None,YU,6041
7157,2025-04-11,18:03,Friday,ST ANDREW STATION,MUI,10,13,S,YU,5711
7158,2025-04-11,18:51,Friday,ST GEORGE BD STATION,SUO,None,None,E,BD,5257
7159,2025-04-11,19:05,Friday,WARDEN STATION,EUSC,3,7,W,BD,5122
7160,2025-04-11,20:08,Friday,WELLESLEY STATION,MUPAA,4,8,N,YU,5501
7161,2025-04-11,20:32,Friday,VICTORIA PARK STATION,SUDP,None,None,W,BD,5134
7162,2025-04-11,21:09,Friday,KENNEDY BD STATION,MUPAA,None,None,W,BD,5172
7163,2025-04-11,21:34,Friday,ST CLAIR STATION,MUPAA,10,16,S,YU,6016
7164,2025-04-11,21:47,Friday,DUNDAS WEST STATION,SUDP,4,9,W,BD,5118
7165,2025-04-11,21:48,Friday,COXWELL STATION,TUNOA,4,9,E,BD,5106
7166,2025-04-11,22:00,Friday,YONGE-UNIVERSITY AND B,MUO,None,None,None,YU/BD,None
7167,2025-04-11,22:00,Friday,EGLINTON STATION,MUIRS,None,None,None,YU,None
7168,2025-04-11,22:18,Friday,KIPLING STATION,MUD,5,10,E,BD,5341
7169,2025-04-11,22:19,Friday,VICTORIA PARK STATION,MUIRS,None,None,None,BD,None
7170,2025-04-11,22:26,Friday,LANSDOWNE STATION,MUIS,None,None,W,BD,5159
7171,2025-04-11,22:33,Friday,CHRISTIE STATION,SUAP,None,None,W,BD,5355
7172,2025-04-11,22:36,Friday,OLD MILL STATION,SUDP,6,11,W,BD,5355
7173,2025-04-11,22:43,Friday,DAVISVILLE YARD,MUO,None,None,None,YU,None
7174,2025-04-11,22:50,Friday,GREENWOOD STATION,MUIE,None,None,None,BD,None
7175,2025-04-11,22:58,Friday,LAWRENCE WEST STATION,SUUT,18,24,S,YU,6126
7176,2025-04-11,23:14,Friday,EGLINTON WEST STATION,EUATC,None,None,N,YU,5641
7177,2025-04-11,23:31,Friday,JANE STATION,MUIR,6,12,E,BD,5363
7178,2025-04-11,23:48,Friday,WILSON STATION,MUIS,None,None,None,YU,None
7179,2025-04-11,23:50,Friday,VICTORIA PARK STATION,MUIS,None,None,None,BD,None
7180,2025-04-11,0:08,Friday,QUEEN STATION,MUIRS,None,None,N,YU,None
7181,2025-04-11,0:43,Friday,OSSINGTON STATION,MUIS,None,None,E,BD,None
7182,2025-04-11,1:30,Friday,DUNDAS STATION,PUMEL,None,None,N,YU,None
7183,2025-04-11,1:48,Friday,UNION STATION,MUIS,None,None,None,YU,None
7184,2025-04-11,1:53,Friday,FINCH STATION,MUIS,None,None,S,YU,5656
7185,2025-04-11,2:22,Friday,DON MILLS STATION,MUIS,None,None,None,SHP,None
7186,2025-04-11,10:22,Friday,SHEPPARD-YONGE STATION,PUSWZ,7,12,W,SHP,6146
7187,2025-04-11,11:31,Friday,SHEPPARD-YONGE STATION,MUNCA,None,None,None,SHP,None
7188,2025-04-11,12:37,Friday,SHEPPARD-YONGE STATION,PUSTS,None,None,W,SHP,6166
7189,2025-04-11,12:37,Friday,SHEPPARD-YONGE STATION,SUO,18,23,W,SHP,6166
7190,2025-04-11,18:56,Friday,SHEPPARD-YONGE STATION,TUMVS,None,None,W,SHP,6186
7191,2025-04-12,2:59,Saturday,KEELE STATION,PUSWZ,None,None,None,BD,None
7192,2025-04-12,5:45,Saturday,LAWRENCE WEST STATION,MUNCA,None,None,None,YU,None
7193,2025-04-12,5:55,Saturday,UNION STATION,PUTR,6,None,N,YU,5386
7194,2025-04-12,5:59,Saturday,ST CLAIR WEST STATION,PUTR,4,None,S,YU,5881
7195,2025-04-12,6:00,Saturday,BLOOR STATION,MUNCA,None,None,None,YU,None
7196,2025-04-12,6:00,Saturday,JANE TO OSSINGTON,MUCP,None,None,None,BD,None
7197,2025-04-12,6:01,Saturday,GREENWOOD STATION,EUSC,57,62,E,BD,5263
7198,2025-04-12,6:10,Saturday,OSSINGTON STATION,EUNT,5,10,E,BD,5115
7199,2025-04-12,6:15,Saturday,DUNDAS WEST STATION,SUO,None,None,None,BD,None
7200,2025-04-12,7:08,Saturday,COLLEGE STATION,SUDP,None,None,None,YU,None
7201,2025-04-12,7:32,Saturday,ISLINGTON STATION,SUDP,None,None,None,BD,None
7202,2025-04-12,8:22,Saturday,YONGE BD STATION,SUDP,3,8,W,BD,5009
7203,2025-04-12,9:19,Saturday,CHRISTIE STATION,MUPAA,5,10,W,BD,5159
7204,2025-04-12,9:35,Saturday,NORTH YORK CTR STATION,SUO,None,None,S,YU,None
7205,2025-04-12,9:53,Saturday,BLOOR STATION,SUDP,None,None,S,YU,None
7206,2025-04-12,12:07,Saturday,ST GEORGE YUS STATION,PUOPO,None,None,S,YU,5971
7207,2025-04-12,12:14,Saturday,BAY STATION,SUO,None,None,None,BD,None
7208,2025-04-12,12:48,Saturday,DONLANDS STATION,MUIRS,None,None,None,BD,None
7209,2025-04-12,13:54,Saturday,COXWELL STATION,MUNCA,None,None,None,BD,None
7210,2025-04-12,13:55,Saturday,BAY STATION,MUPAA,None,None,E,BD,5106
7211,2025-04-12,14:04,Saturday,MAIN STREET STATION,MUIS,None,None,None,BD,None
7212,2025-04-12,14:23,Saturday,ST CLAIR STATION,TUS,4,8,N,YU,6076
7213,2025-04-12,15:48,Saturday,DONLANDS STATION,SUDP,None,None,S,BD,5506
7214,2025-04-12,15:48,Saturday,DONLANDS STATION,MUIS,None,None,None,BD,None
7215,2025-04-12,16:20,Saturday,LAWRENCE STATION,SUO,9,13,S,YU,5806
7216,2025-04-12,16:33,Saturday,DUNDAS STATION,MUO,7,11,S,YU,5896
7217,2025-04-12,17:46,Saturday,WARDEN STATION,TUMVS,None,None,E,BD,5086
7218,2025-04-12,17:53,Saturday,BATHURST STATION,MUD,None,None,W,BD,5308
7219,2025-04-12,18:05,Saturday,COXWELL STATION,TUSC,None,None,W,BD,5037
7220,2025-04-12,18:07,Saturday,DUNDAS STATION,MUDD,5,9,S,YU,5641
7221,2025-04-12,18:13,Saturday,OSSINGTON STATION,TUSC,8,14,E,BD,5074
7222,2025-04-12,18:23,Saturday,YONGE BD STATION,MUDD,7,12,W,BD,5061
7223,2025-04-12,18:47,Saturday,COLLEGE STATION,PUOPO,None,None,S,YU,5856
7224,2025-04-12,19:33,Saturday,VICTORIA PARK STATION,SUAE,None,None,None,BD,None
7225,2025-04-12,20:08,Saturday,VMC STATION,MUIS,None,None,None,YU,None
7226,2025-04-12,20:49,Saturday,LAWRENCE WEST STATION,MUIRS,None,None,None,YU,None
7227,2025-04-12,22:00,Saturday,YONGE-UNIVERSITY AND B,MUO,None,None,None,YU/BD,None
7228,2025-04-12,22:08,Saturday,EGLINTON STATION,SUO,5,10,N,YU,5501
7229,2025-04-12,22:11,Saturday,ST ANDREW STATION,SUDP,5,10,N,YU,5551
7230,2025-04-12,22:25,Saturday,QUEEN'S PARK STATION,MUPAA,4,9,S,YU,6061
7231,2025-04-12,23:00,Saturday,JANE TO OSSINGTON,MUCP,None,None,B,BD,None
7232,2025-04-12,23:32,Saturday,QUEEN STATION,MUIS,None,None,S,YU,None
7233,2025-04-12,23:50,Saturday,KENNEDY BD STATION,SUAP,None,None,E,BD,5328
7234,2025-04-12,23:52,Saturday,QUEEN'S PARK STATION,MUIS,None,None,None,YU,None
7235,2025-04-12,0:40,Saturday,MUSEUM STATION,SUDP,3,8,N,YU,5886
7236,2025-04-12,0:48,Saturday,KENNEDY BD STATION,MUIR,None,None,None,BD,5269
7237,2025-04-12,5:59,Saturday,DON MILLS STATION,MUSC,None,None,W,SHP,6146
7238,2025-04-12,12:49,Saturday,SHEPPARD-YONGE STATION,PUOPO,None,None,None,SHP,6156
7239,2025-04-13,7:43,Sunday,YORKDALE STATION,PUTR,3,None,S,YU,5561
7240,2025-04-13,8:00,Sunday,BLOOR DANFORTH SUBWAY,MUCP,None,None,None,BD,None
7241,2025-04-13,8:00,Sunday,JANE TO OSSINGTON,MUCP,None,None,None,BD,None
7242,2025-04-13,8:03,Sunday,ISLINGTON STATION,EUBK,10,None,E,BD,5227
7243,2025-04-13,8:10,Sunday,ST CLAIR STATION,PUTR,3,None,S,YU,5661
7244,2025-04-13,8:58,Sunday,ST GEORGE BD STATION,PUSTS,4,8,E,BD,5328
7245,2025-04-13,8:58,Sunday,ST CLAIR STATION,SUAE,None,None,None,YU,None
7246,2025-04-13,9:29,Sunday,OSSINGTON STATION,MUIS,None,None,None,BD,None
7247,2025-04-13,10:28,Sunday,MUSEUM STATION,PUMST,None,None,None,YU,None
7248,2025-04-13,10:49,Sunday,KEELE STATION,MUO,None,None,None,BD,None
7249,2025-04-13,11:16,Sunday,VMC STATION,MUIE,None,None,None,YU,None
7250,2025-04-13,11:31,Sunday,YORK MILLS STATION,SUO,None,None,None,YU,None
7251,2025-04-13,13:01,Sunday,COXWELL STATION,EUBK,13,18,E,BD,5328
7252,2025-04-13,13:35,Sunday,GREENWOOD STATION,EUSC,6,11,E,BD,5263
7253,2025-04-13,13:38,Sunday,KIPLING STATION,MUNOA,5,10,E,BD,5139
7254,2025-04-13,13:48,Sunday,DAVISVILLE STATION,MUO,None,None,None,YU,None
7255,2025-04-13,14:40,Sunday,WARDEN STATION,TUMVS,None,None,E,BD,5167
7256,2025-04-13,16:17,Sunday,QUEEN STATION,MUIRS,None,None,N,YU,None
7257,2025-04-13,16:30,Sunday,JANE STATION,PUMST,None,None,None,BD,None
7258,2025-04-13,17:00,Sunday,VICTORIA PARK STATION,MUNCA,None,None,None,BD,None
7259,2025-04-13,17:22,Sunday,KENNEDY BD STATION,MUIE,None,None,None,BD,None
7260,2025-04-13,17:28,Sunday,KENNEDY BD STATION,PUMST,None,None,None,BD,None
7261,2025-04-13,18:31,Sunday,DAVISVILLE STATION,PUMEL,None,None,None,YU,None
7262,2025-04-13,18:48,Sunday,ST GEORGE YUS STATION,MUPAA,3,7,N,YU,6046
7263,2025-04-13,18:49,Sunday,CHESTER STATION,SUDP,None,None,E,BD,5084
7264,2025-04-13,19:12,Sunday,DAVISVILLE STATION,SUDP,None,None,None,YU,None
7265,2025-04-13,19:28,Sunday,MUSEUM STATION,PUOPO,None,None,S,YU,6056
7266,2025-04-13,19:46,Sunday,COXWELL STATION,EUSC,None,None,W,BD,5009
7267,2025-04-13,19:54,Sunday,ST CLAIR STATION,MUPAA,None,None,S,YU,5641
7268,2025-04-13,20:05,Sunday,UNION STATION,SUAP,None,None,None,YU,None
7269,2025-04-13,20:06,Sunday,ST GEORGE YUS STATION,TUS,6,12,N,YU,6016
7270,2025-04-13,20:27,Sunday,KIPLING STATION,TUNOA,5,10,E,BD,None
7271,2025-04-13,20:57,Sunday,JANE STATION,SUDP,None,None,None,BD,None
7272,2025-04-13,21:22,Sunday,KENNEDY BD STATION,MUIS,None,None,None,BD,None
7273,2025-04-13,21:33,Sunday,ISLINGTON STATION,SUUT,None,None,W,BD,None
7274,2025-04-13,21:37,Sunday,VMC STATION,SUO,None,None,None,YU,None
7275,2025-04-13,21:55,Sunday,YONGE BD STATION,SUDP,None,None,None,BD,None
7276,2025-04-13,22:00,Sunday,YONGE-UNIVERSITY AND B,MUO,None,None,None,YU/BD,None
7277,2025-04-13,22:02,Sunday,DUNDAS WEST STATION,MUIE,None,None,None,BD,None
7278,2025-04-13,22:08,Sunday,KENNEDY BD STATION,MUIRS,None,None,None,BD,None
7279,2025-04-13,22:43,Sunday,KENNEDY BD STATION,MUIR,6,11,W,BD,5268
7280,2025-04-13,22:46,Sunday,BLOOR STATION,MUIS,None,None,None,YU,None
7281,2025-04-13,23:11,Sunday,BROADVIEW STATION,MUIS,None,None,None,BD,None
7282,2025-04-13,23:23,Sunday,OLD MILL STATION,SUDP,3,8,E,BD,5139
7283,2025-04-13,23:35,Sunday,HIGH PARK STATION,SUAE,None,None,None,BD,None
7284,2025-04-13,0:01,Sunday,YONGE BD STATION,SUDP,3,8,E,BD,5159
7285,2025-04-13,0:18,Sunday,ISLINGTON STATION,PUMEL,None,None,None,BD,None
7286,2025-04-13,0:25,Sunday,YORK MILLS STATION,MUIS,None,None,None,YU,None
7287,2025-04-13,1:03,Sunday,FINCH STATION,MUIS,None,None,None,YU,5771
7288,2025-04-13,1:27,Sunday,GREENWOOD STATION,MUIS,None,None,None,BD,None
7289,2025-04-13,1:40,Sunday,GREENWOOD STATION,TUSC,None,None,W,BD,5172
7290,2025-04-13,14:55,Sunday,SHEPPARD-YONGE STATION,MUIS,None,None,None,SHP,None
7291,2025-04-13,18:08,Sunday,SHEPPARD-YONGE STATION,MUO,5,10,E,SHP,6176
7292,2025-04-13,19:17,Sunday,DON MILLS STATION,TUMVS,3,8,E,SHP,6126
7293,2025-04-14,2:41,Monday,FINCH STATION,SUDP,None,None,None,YU,None
7294,2025-04-14,3:20,Monday,CHRISTIE STATION,MUNCA,None,None,None,BD,None
7295,2025-04-14,5:35,Monday,DUFFERIN STATION,MUNCA,None,None,None,BD,None
7296,2025-04-14,5:35,Monday,DUNDAS WEST STATION,MUNCA,None,None,None,BD,None
7297,2025-04-14,6:03,Monday,ST ANDREW STATION,PUTR,10,None,N,YU,5716
7298,2025-04-14,6:07,Monday,VMC STATION,EUDO,3,8,S,YU,5921
7299,2025-04-14,7:42,Monday,BLOOR STATION,SUO,None,None,S,YU,5901
7300,2025-04-14,8:04,Monday,DUNDAS STATION,TUO,7,9,S,YU,6061
7301,2025-04-14,8:15,Monday,FINCH WEST STATION,SUG,None,None,S,YU,5514
7302,2025-04-14,8:55,Monday,COLLEGE STATION,MUI,8,10,S,YU,5716
7303,2025-04-14,9:00,Monday,EGLINTON WEST STATION,EUDO,9,11,N,YU,5886
7304,2025-04-14,9:04,Monday,CASTLE FRANK STATION,MUIS,None,None,None,BD,None
7305,2025-04-14,9:07,Monday,DUNDAS STATION,PUMST,None,None,None,YU,None
7306,2025-04-14,9:23,Monday,DOWNSVIEW PARK STATION,EUCD,4,6,N,YU,5886
7307,2025-04-14,9:36,Monday,HIGHWAY 407 STATION,EUCD,4,6,N,YU,5886
7308,2025-04-14,9:43,Monday,DUPONT STATION,PUMO,None,None,None,YU,None
7309,2025-04-14,10:36,Monday,VMC STATION,SUG,None,None,S,YU,6071
7310,2025-04-14,11:29,Monday,KEELE STATION,MUIRS,None,None,None,BD,None
7311,2025-04-14,12:01,Monday,VICTORIA PARK STATION,TUMVS,5,9,W,BD,5025
7312,2025-04-14,12:07,Monday,BAY STATION,SUDP,None,None,E,BD,5190
7313,2025-04-14,12:17,Monday,FINCH STATION,MUTO,None,None,None,YU,None
7314,2025-04-14,12:44,Monday,QUEEN STATION,MUIS,None,None,None,YU,None
7315,2025-04-14,12:56,Monday,YONGE BD STATION,SUO,None,None,W,BD,5255
7316,2025-04-14,12:59,Monday,BLOOR STATION,SUO,None,None,S,YU,5966
7317,2025-04-14,13:06,Monday,BLOOR STATION,SUUT,13,19,N,YU,5866
7318,2025-04-14,13:12,Monday,SHEPPARD STATION,MUPAA,None,None,N,YU,5726
7319,2025-04-14,14:11,Monday,YONGE BD STATION,MUDD,6,10,W,BD,5308
7320,2025-04-14,14:24,Monday,ROSEDALE STATION,SUUT,26,30,N,YU,5781
7321,2025-04-14,14:33,Monday,HIGH PARK STATION,MUD,4,8,W,BD,5310
7322,2025-04-14,14:47,Monday,VMC STATION,SUDP,4,8,S,YU,5636
7323,2025-04-14,15:00,Monday,UNION STATION,SUO,None,None,None,YU,5961
7324,2025-04-14,15:04,Monday,COXWELL STATION,TUNIP,4,8,E,BD,5229
7325,2025-04-14,15:07,Monday,OSSINGTON STATION,TUSC,None,None,W,BD,5180
7326,2025-04-14,15:17,Monday,KING STATION,MUIR,12,16,N,YU,5646
7327,2025-04-14,15:31,Monday,FINCH STATION,TUO,4,8,S,YU,None
7328,2025-04-14,15:37,Monday,HIGH PARK STATION,PUTR,4,8,E,BD,5013
7329,2025-04-14,15:51,Monday,HIGH PARK STATION,PUTR,3,6,E,BD,5331
7330,2025-04-14,15:52,Monday,DUFFERIN STATION,SUO,None,None,W,BD,None
7331,2025-04-14,16:07,Monday,KENNEDY BD STATION,PUMEL,None,None,None,BD,None
7332,2025-04-14,16:12,Monday,PAPE STATION,MUIR,16,19,E,BD,5097
7333,2025-04-14,16:14,Monday,KEELE STATION,TUMVS,3,6,W,BD,5308
7334,2025-04-14,16:18,Monday,HIGH PARK STATION,TUO,3,6,W,BD,5308
7335,2025-04-14,16:33,Monday,WELLESLEY STATION,SUUT,None,None,N,YU,None
7336,2025-04-14,16:42,Monday,HIGH PARK STATION,SUUT,8,11,W,BD,5091
7337,2025-04-14,17:05,Monday,DUNDAS STATION,MUIR,8,11,S,YU,5861
7338,2025-04-14,17:51,Monday,EGLINTON WEST STATION,SUUT,4,7,N,YU,5996
7339,2025-04-14,18:19,Monday,GREENWOOD YARD,SUO,None,None,None,BD,None
7340,2025-04-14,18:24,Monday,LAWRENCE STATION,TUOS,3,6,N,YU,5816
7341,2025-04-14,18:28,Monday,SPADINA BD STATION,EUCA,5,8,W,BD,5091
7342,2025-04-14,19:23,Monday,ST CLAIR STATION,EUDO,7,9,S,YU,5886
7343,2025-04-14,19:46,Monday,CASTLE FRANK STATION,SUDP,None,None,W,BD,5145
7344,2025-04-14,19:56,Monday,DAVISVILLE STATION,MUIR,5,7,N,YU,6096
7345,2025-04-14,20:13,Monday,LAWRENCE WEST STATION,MUIS,None,None,N,YU,5641
7346,2025-04-14,21:02,Monday,WILSON STATION,SUAE,None,None,N,YU,5661
7347,2025-04-14,21:14,Monday,OSSINGTON STATION,EUTL,4,9,W,BD,5211
7348,2025-04-14,21:35,Monday,DUNDAS STATION,MUIS,None,None,S,YU,None
7349,2025-04-14,21:36,Monday,DONLANDS STATION,MUIS,None,None,None,BD,None
7350,2025-04-14,21:36,Monday,SHEPPARD STATION,SUDP,7,11,S,YU,5966
7351,2025-04-14,21:59,Monday,ISLINGTON STATION,EUPI,3,8,E,BD,5198
7352,2025-04-14,22:00,Monday,YONGE-UNIVERSITY AND B,MUO,None,None,None,YU/BD,None
7353,2025-04-14,22:05,Monday,DAVISVILLE STATION,SUDP,5,10,S,YU,5681
7354,2025-04-14,22:09,Monday,ROYAL YORK STATION,EUCD,7,12,E,BD,5265
7355,2025-04-14,23:00,Monday,BLOOR DANFORTH SUBWAY,MUCP,None,None,None,BD,None
7356,2025-04-14,23:12,Monday,ST CLAIR WEST STATION,MUIS,None,None,None,YU,None
7357,2025-04-14,23:14,Monday,ST GEORGE YUS STATION,SUDP,None,None,None,YU,None
7358,2025-04-14,23:39,Monday,COLLEGE STATION,SUO,5,10,S,YU,5931
7359,2025-04-14,1:55,Monday,ST GEORGE BD STATION,MUIS,None,None,E,BD,None
7360,2025-04-14,9:07,Monday,DON MILLS STATION,TUOPO,4,9,W,SHP,6141
7361,2025-04-14,9:57,Monday,DON MILLS STATION,PUOPO,None,None,E,SHP,6156
7362,2025-04-14,18:55,Monday,DON MILLS STATION,SUDP,None,None,None,SHP,None
7363,2025-04-15,2:01,Tuesday,VMC STATION,MUIS,None,None,None,YU,None
7364,2025-04-15,2:05,Tuesday,FINCH STATION,MUIS,None,None,S,YU,None
7365,2025-04-15,2:22,Tuesday,FINCH STATION,MUIS,None,None,None,YU,None
7366,2025-04-15,3:22,Tuesday,DUFFERIN STATION,MUNCA,None,None,None,BD,None
7367,2025-04-15,5:25,Tuesday,DUNDAS STATION,MUIRS,None,None,None,YU,None
7368,2025-04-15,5:38,Tuesday,ST CLAIR WEST STATION,MUIRS,None,None,None,YU,None
7369,2025-04-15,6:02,Tuesday,ST ANDREW STATION,PUTR,6,None,N,YU,6096
7370,2025-04-15,6:11,Tuesday,GREENWOOD STATION,TUNIP,4,7,E,BD,5339
7371,2025-04-15,6:14,Tuesday,WELLESLEY STATION,SUROB,None,None,None,YU,None
7372,2025-04-15,6:15,Tuesday,GREENWOOD STATION,EUVE,4,7,E,BD,5153
7373,2025-04-15,6:54,Tuesday,WILSON STATION,MUIS,None,None,None,YU,None
7374,2025-04-15,7:38,Tuesday,BAY STATION,SUDP,3,5,W,BD,5071
7375,2025-04-15,8:23,Tuesday,ST CLAIR WEST STATION,SUAP,None,None,S,YU,None
7376,2025-04-15,8:38,Tuesday,EGLINTON WEST STATION,MUIS,None,None,S,YU,None
7377,2025-04-15,9:18,Tuesday,KEELE STATION,MUSC,None,None,E,BD,5308
7378,2025-04-15,9:19,Tuesday,YONGE BD STATION,EUDO,None,None,W,BD,5010
7379,2025-04-15,9:32,Tuesday,KIPLING STATION,EUSC,None,None,E,BD,5131
7380,2025-04-15,9:35,Tuesday,QUEEN STATION,PUMEL,None,None,None,YU,None
7381,2025-04-15,9:46,Tuesday,CHRISTIE STATION,MUIS,None,None,None,BD,None
7382,2025-04-15,9:50,Tuesday,OLD MILL STATION,TUMVS,None,None,E,BD,5146
7383,2025-04-15,10:11,Tuesday,DONLANDS STATION,MUIS,None,None,None,BD,None
7384,2025-04-15,10:11,Tuesday,KEELE STATION,PUTR,5,9,E,BD,5009
7385,2025-04-15,10:26,Tuesday,KEELE STATION,PUTR,5,9,E,BD,5025
7386,2025-04-15,10:55,Tuesday,OLD MILL STATION,TUMVS,None,None,E,BD,5305
7387,2025-04-15,11:40,Tuesday,SHEPPARD STATION,PUOPO,4,9,N,YU,5706
7388,2025-04-15,12:12,Tuesday,ASQUITH SUBSTATION,SUG,None,None,None,YU,None
7389,2025-04-15,12:37,Tuesday,YORKDALE STATION,MUI,None,None,S,YU,5581
7390,2025-04-15,12:38,Tuesday,PIONEER VILLAGE STATIO,SUDP,None,None,None,YU,None
7391,2025-04-15,12:45,Tuesday,ISLINGTON STATION,MUPLB,59,63,E,BD,5002
7392,2025-04-15,13:25,Tuesday,VMC STATION,TUO,4,8,S,YU,5866
7393,2025-04-15,13:29,Tuesday,DUFFERIN STATION,PUMO,None,None,None,BD,None
7394,2025-04-15,13:40,Tuesday,VICTORIA PARK STATION,MUIR,5,9,W,BD,5102
7395,2025-04-15,14:02,Tuesday,KIPLING STATION,SUO,None,None,None,BD,None
7396,2025-04-15,14:54,Tuesday,KEELE STATION,MUSC,None,None,E,BD,5002
7397,2025-04-15,15:06,Tuesday,ST CLAIR STATION,MUO,None,None,N,YU,5576
7398,2025-04-15,15:47,Tuesday,KEELE STATION,PUTR,5,8,W,BD,5366
7399,2025-04-15,16:00,Tuesday,HIGH PARK STATION,PUTR,3,6,E,BD,5194
7400,2025-04-15,16:06,Tuesday,PAPE STATION,MUPAA,4,7,W,BD,5260
7401,2025-04-15,16:21,Tuesday,VICTORIA PARK STATION,SUUT,None,None,W,BD,5180
7402,2025-04-15,16:30,Tuesday,OSGOODE STATION,MUIR,None,None,N,YU,5776
7403,2025-04-15,16:45,Tuesday,EGLINTON STATION,SUAP,None,None,N,YU,5556
7404,2025-04-15,17:48,Tuesday,FINCH STATION,MUD,7,10,S,YU,5721
7405,2025-04-15,17:55,Tuesday,BROADVIEW STATION,MUIRS,None,None,None,BD,None
7406,2025-04-15,17:56,Tuesday,EGLINTON STATION,MUIR,3,6,N,YU,5401
7407,2025-04-15,18:43,Tuesday,ST PATRICK STATION,MUIRS,None,None,None,YU,None
7408,2025-04-15,18:46,Tuesday,GREENWOOD STATION,MUPAA,None,None,E,BD,5140
7409,2025-04-15,18:52,Tuesday,SHERBOURNE STATION,PUMST,None,None,E,BD,None
7410,2025-04-15,19:05,Tuesday,ST PATRICK STATION,EUATC,5,8,N,YU,5491
7411,2025-04-15,19:31,Tuesday,SPADINA YUS STATION,MUIRS,None,None,S,YU,None
7412,2025-04-15,19:36,Tuesday,DUFFERIN STATION,PUMST,None,None,W,BD,None
7413,2025-04-15,19:58,Tuesday,ST GEORGE YUS STATION,MUSAN,None,None,S,YU,5606
7414,2025-04-15,20:04,Tuesday,BROADVIEW STATION,SUDP,None,None,E,BD,5294
7415,2025-04-15,20:19,Tuesday,PAPE STATION,SUO,None,None,None,BD,None
7416,2025-04-15,20:21,Tuesday,LAWRENCE WEST STATION,EUATC,5,9,S,YU,5496
7417,2025-04-15,20:26,Tuesday,OLD MILL STATION,MUSC,3,7,W,BD,5282
7418,2025-04-15,20:47,Tuesday,DUPONT STATION,SUO,5,11,S,YU,5781
7419,2025-04-15,21:12,Tuesday,DUNDAS STATION,MUIS,None,None,None,YU,None
7420,2025-04-15,21:14,Tuesday,DUNDAS WEST STATION,MUIS,None,None,W,BD,None
7421,2025-04-15,21:17,Tuesday,PAPE STATION,SUDP,3,7,E,BD,5146
7422,2025-04-15,21:20,Tuesday,KIPLING STATION,SUO,5,10,E,BD,5092
7423,2025-04-15,21:52,Tuesday,OSSINGTON STATION,MUI,4,9,E,BD,5079
7424,2025-04-15,22:00,Tuesday,YONGE-UNIVERSITY AND B,MUO,None,None,None,YU/BD,None
7425,2025-04-15,22:02,Tuesday,FINCH STATION,MUIR,None,None,S,YU,5536
7426,2025-04-15,22:04,Tuesday,OSSINGTON STATION,MUDD,9,14,W,BD,5037
7427,2025-04-15,22:17,Tuesday,ISLINGTON STATION,MUIS,None,None,None,BD,None
7428,2025-04-15,22:47,Tuesday,FINCH STATION,SUDP,None,None,S,YU,5386
7429,2025-04-15,23:00,Tuesday,LINE 2 BLOOR DANFORTH,MUCP,None,None,None,BD,None
7430,2025-04-15,23:06,Tuesday,KIPLING STATION,SUDP,5,10,E,BD,5308
7431,2025-04-15,23:34,Tuesday,QUEEN STATION,PUATC,3,9,N,YU,5496
7432,2025-04-15,23:52,Tuesday,UNION STATION,MUPAA,None,None,N,YU,5746
7433,2025-04-15,23:57,Tuesday,DUNDAS STATION,MUI,16,21,S,YU,5541
7434,2025-04-15,0:02,Tuesday,KIPLING STATION,MUSC,None,None,None,BD,5294
7435,2025-04-15,0:42,Tuesday,OLD MILL STATION,SUDP,14,19,E,BD,5079
7436,2025-04-15,1:03,Tuesday,GREENWOOD STATION,TUSC,None,None,W,BD,5037
7437,2025-04-15,1:06,Tuesday,MAIN STREET STATION,MUIRS,None,None,E,BD,None
7438,2025-04-15,1:23,Tuesday,DONLANDS STATION,SUO,None,None,E,BD,5339
7439,2025-04-15,1:26,Tuesday,VMC STATION,MUPAA,4,10,S,YU,5711
7440,2025-04-15,1:43,Tuesday,FINCH STATION,MUIS,None,None,None,YU,None
7441,2025-04-15,16:32,Tuesday,DON MILLS STATION,TUMVS,None,None,E,SHP,6176
7442,2025-04-16,2:07,Wednesday,OSSINGTON STATION,MUI,None,None,W,BD,5316
7443,2025-04-16,2:18,Wednesday,FINCH STATION,MUIS,None,None,None,YU,None
7444,2025-04-16,2:25,Wednesday,KIPLING STATION,MUIS,None,None,None,BD,None
7445,2025-04-16,2:59,Wednesday,EGLINTON STATION,TUO,None,None,S,YU,None
7446,2025-04-16,3:00,Wednesday,FINCH STATION,PUSTP,10,None,None,YU,None
7447,2025-04-16,5:31,Wednesday,FINCH STATION,PUSTP,10,None,S,YU,5991
7448,2025-04-16,5:38,Wednesday,YORK MILLS STATION,PUTO,6,None,N,YU,5951
7449,2025-04-16,5:57,Wednesday,GREENWOOD STATION,EUNEA,5,10,E,BD,5134
7450,2025-04-16,6:02,Wednesday,ST CLAIR WEST STATION,PUTR,4,None,S,YU,5811
7451,2025-04-16,6:18,Wednesday,KIPLING STATION,MUSC,None,None,E,BD,5244
7452,2025-04-16,6:57,Wednesday,EGLINTON STATION,EUATC,5,8,S,YU,5491
7453,2025-04-16,7:14,Wednesday,QUEEN STATION,MUDD,9,11,N,YU,5501
7454,2025-04-16,8:02,Wednesday,SHERBOURNE STATION,PUMEL,None,None,None,BD,None
7455,2025-04-16,8:36,Wednesday,YORK MILLS STATION,MUIE,None,None,None,YU,None
7456,2025-04-16,8:45,Wednesday,GLENCAIRN STATION,MUNCA,None,None,None,YU,None
7457,2025-04-16,8:46,Wednesday,DUNDAS WEST STATION,MUSC,None,None,E,BD,5129
7458,2025-04-16,9:10,Wednesday,WELLESLEY STATION,MUPAA,3,5,S,YU,5761
7459,2025-04-16,9:27,Wednesday,KENNEDY BD STATION,EUSC,None,None,E,BD,5255
7460,2025-04-16,9:54,Wednesday,JANE STATION,EUSC,None,None,E,BD,5278
7461,2025-04-16,10:10,Wednesday,ST CLAIR STATION,MUIS,None,None,S,YU,None
7462,2025-04-16,10:30,Wednesday,DUNDAS STATION,SUDP,None,None,None,YU,None
7463,2025-04-16,11:11,Wednesday,KIPLING STATION,TUCC,4,8,W,BD,5324
7464,2025-04-16,11:44,Wednesday,LAWRENCE WEST STATION,SUDP,None,None,None,YU,None
7465,2025-04-16,12:00,Wednesday,LAWRENCE STATION,MUPAA,3,8,S,YU,6016
7466,2025-04-16,12:13,Wednesday,WOODBINE STATION,PUEO,None,None,None,BD,None
7467,2025-04-16,12:51,Wednesday,BROADVIEW STATION,MUIS,None,None,None,BD,None
7468,2025-04-16,12:53,Wednesday,YONGE BD STATION,MUIRS,None,None,N,BD,None
7469,2025-04-16,12:57,Wednesday,DUNDAS STATION,MUIRS,None,None,N,YU,None
7470,2025-04-16,13:07,Wednesday,DUNDAS STATION,SUAP,None,None,S,YU,6061
7471,2025-04-16,13:11,Wednesday,ST CLAIR STATION,PUMEL,None,None,None,YU,None
7472,2025-04-16,13:15,Wednesday,KENNEDY BD STATION,MUIRS,None,None,W,BD,5077
7473,2025-04-16,13:34,Wednesday,DONLANDS STATION,SUO,None,None,None,BD,None
7474,2025-04-16,13:55,Wednesday,WILSON STATION,TUNIP,3,8,S,YU,5556
7475,2025-04-16,14:17,Wednesday,BLOOR STATION,MUPAA,4,8,S,YU,5571
7476,2025-04-16,14:22,Wednesday,BLOOR STATION,MUSAN,4,8,S,YU,5711
7477,2025-04-16,15:34,Wednesday,FINCH STATION,MUSAN,4,8,S,YU,5491
7478,2025-04-16,15:35,Wednesday,EGLINTON STATION,PUMST,None,None,None,YU,None
7479,2025-04-16,15:37,Wednesday,WARDEN STATION,SUAE,None,None,None,BD,None
7480,2025-04-16,15:40,Wednesday,KEELE STATION,EUSC,None,None,E,BD,5278
7481,2025-04-16,15:51,Wednesday,VMC STATION,PUOPO,None,None,S,YU,5876
7482,2025-04-16,15:56,Wednesday,HIGH PARK STATION,TUOS,8,11,W,BD,5092
7483,2025-04-16,15:58,Wednesday,CHESTER STATION,TUKEY,8,11,W,BD,5164
7484,2025-04-16,16:05,Wednesday,EGLINTON STATION,MUIRS,None,None,None,YU,None
7485,2025-04-16,16:30,Wednesday,FINCH WEST STATION,MUIS,None,None,None,YU,None
7486,2025-04-16,17:09,Wednesday,DAVISVILLE BUILD-UP,PUOPO,None,None,S,YU,5586
7487,2025-04-16,17:24,Wednesday,KIPLING STATION,TUSC,None,None,E,BD,5010
7488,2025-04-16,17:28,Wednesday,KEELE STATION,EUSC,4,7,E,BD,5278
7489,2025-04-16,17:32,Wednesday,DUNDAS STATION,SUAE,None,None,N,YU,None
7490,2025-04-16,17:36,Wednesday,DUFFERIN STATION,PUMEL,None,None,None,BD,None
7491,2025-04-16,17:38,Wednesday,ST CLAIR WEST STATION,TUS,15,17,N,YU,5836
7492,2025-04-16,17:52,Wednesday,OSGOODE STATION,EUATC,4,6,S,YU,5496
7493,2025-04-16,19:46,Wednesday,WELLESLEY STATION,TUATC,None,None,N,YU,5946
7494,2025-04-16,19:56,Wednesday,EGLINTON STATION,SUO,None,None,None,YU,None
7495,2025-04-16,20:03,Wednesday,HIGH PARK STATION,MUO,None,None,W,BD,None
7496,2025-04-16,20:53,Wednesday,EGLINTON WEST STATION,PUMEL,None,None,None,YU,None
7497,2025-04-16,21:24,Wednesday,BATHURST STATION,MUIS,None,None,None,BD,None
7498,2025-04-16,21:38,Wednesday,DUNDAS STATION,MUI,6,10,S,YU,5696
7499,2025-04-16,21:51,Wednesday,SPADINA YUS STATION,PUOPO,3,7,N,YU,5966
7500,2025-04-16,21:52,Wednesday,LAWRENCE WEST STATION,MUIS,None,None,None,YU,None
7501,2025-04-16,22:00,Wednesday,YONGE-UNIVERSITY AND B,MUO,None,None,None,YU/BD,None
7502,2025-04-16,22:13,Wednesday,QUEEN'S PARK STATION,MUNCA,None,None,None,YU,None
7503,2025-04-16,22:17,Wednesday,OLD MILL STATION,TUOS,6,11,E,BD,5211
7504,2025-04-16,22:25,Wednesday,NORTH YORK CTR STATION,MUIS,None,None,S,YU,None
7505,2025-04-16,22:28,Wednesday,CASTLE FRANK STATION,MUPAA,None,None,E,BD,5034
7506,2025-04-16,22:46,Wednesday,COXWELL STATION,MUIR,None,None,E,BD,5057
7507,2025-04-16,23:00,Wednesday,BLOOR DANFORTH SUBWAY,MUCP,None,None,None,BD,None
7508,2025-04-16,23:13,Wednesday,OSSINGTON STATION,MUTO,18,23,E,BD,5308
7509,2025-04-16,23:24,Wednesday,BLOOR STATION,SUG,6,12,S,YU,5911
7510,2025-04-16,23:41,Wednesday,DUFFERIN STATION,MUIS,None,None,None,BD,None
7511,2025-04-16,0:00,Wednesday,WILSON YARD,MUO,None,None,None,YU,None
7512,2025-04-16,0:07,Wednesday,COXWELL STATION,MUIS,None,None,None,BD,None
7513,2025-04-16,0:07,Wednesday,DONLANDS STATION,MUI,90,95,E,BD,5101
7514,2025-04-16,0:13,Wednesday,KEELE STATION,MUIRS,None,None,None,None,None
7515,2025-04-16,1:44,Wednesday,SHEPPARD WEST STATION,MUI,None,None,S,YU,5636
7516,2025-04-16,7:21,Wednesday,LEAVING SHEPPARD STATI,TUSC,None,None,E,SHP,6146
7517,2025-04-16,14:30,Wednesday,DON MILLS STATION,PUSTS,None,None,W,SHP,6141
7518,2025-04-16,22:55,Wednesday,SHEPPARD-YONGE STATION,SUDP,None,None,None,SHP,None
7519,2025-04-17,2:01,Thursday,BROADVIEW STATION,MUIRS,None,None,None,BD,None
7520,2025-04-17,4:21,Thursday,DUNDAS STATION,MUNCA,None,None,None,YU,None
7521,2025-04-17,5:44,Thursday,EGLINTON STATION,SUDP,3,None,S,YU,None
7522,2025-04-17,5:59,Thursday,GREENWOOD YARD,MUSC,None,None,E,BD,5081
7523,2025-04-17,6:18,Thursday,ST GEORGE YUS STATION,SUAP,None,None,S,YU,None
7524,2025-04-17,6:20,Thursday,KEELE STATION,PUTWZ,3,None,W,BD,5089
7525,2025-04-17,7:26,Thursday,QUEEN STATION,SUDP,None,None,None,YU,None
7526,2025-04-17,7:37,Thursday,KEELE STATION,MUSC,None,None,E,BD,5227
7527,2025-04-17,7:40,Thursday,DUPONT STATION,EUATC,None,None,S,YU,5496
7528,2025-04-17,8:38,Thursday,KEELE STATION,PUTD,None,None,W,BD,5091
7529,2025-04-17,8:39,Thursday,KIPLING STATION,MUSC,None,None,W,BD,5034
7530,2025-04-17,8:40,Thursday,DUNDAS WEST STATION,MUSC,None,None,E,BD,5241
7531,2025-04-17,8:46,Thursday,KEELE STATION,MUSC,None,None,E,BD,5278
7532,2025-04-17,9:02,Thursday,FINCH STATION,EUPI,88,93,N,YU,5641
7533,2025-04-17,9:02,Thursday,FINCH STATION,MUO,5,10,S,YU,None
7534,2025-04-17,9:25,Thursday,JANE STATION,PUMEL,None,None,None,BD,None
7535,2025-04-17,9:49,Thursday,KEELE STATION,MUSC,None,None,E,BD,5089
7536,2025-04-17,10:45,Thursday,ST ANDREW STATION,MUSAN,5,10,N,YU,5976
7537,2025-04-17,11:36,Thursday,SHEPPARD STATION,SUAE,None,None,None,YU,None
7538,2025-04-17,11:45,Thursday,HIGH PARK STATION,PUMST,None,None,None,BD,None
7539,2025-04-17,11:57,Thursday,UNION STATION,SUDP,None,None,None,YU,4467
7540,2025-04-17,12:36,Thursday,DONLANDS STATION,TUSC,None,None,W,BD,5315
7541,2025-04-17,13:10,Thursday,PIONEER VILLAGE STATIO,MUIS,None,None,None,YU,None
7542,2025-04-17,13:12,Thursday,KIPLING STATION,MUSC,None,None,E,BD,5047
7543,2025-04-17,13:28,Thursday,BAY STATION,MUSC,None,None,E,BD,5227
7544,2025-04-17,13:30,Thursday,WARDEN STATION,MUNCA,None,None,None,BD,None
7545,2025-04-17,14:41,Thursday,YORK MILLS STATION,MUIS,None,None,None,YU,None
7546,2025-04-17,15:18,Thursday,PAPE STATION,MUIR,4,8,W,BD,5164
7547,2025-04-17,15:36,Thursday,WILSON STATION,PUOPO,3,7,S,YU,5416
7548,2025-04-17,15:42,Thursday,YORKDALE STATION,PUOPO,8,11,S,YU,5416
7549,2025-04-17,16:37,Thursday,QUEEN'S PARK STATION,EUATC,3,6,S,YU,5496
7550,2025-04-17,16:39,Thursday,ST GEORGE BD STATION,MUDD,3,6,W,BD,5315
7551,2025-04-17,16:39,Thursday,ST GEORGE YUS STATION,PUOPO,None,None,S,YU,5315
7552,2025-04-17,16:52,Thursday,SUMMERHILL STATION,PUOPO,None,None,S,YU,5956
7553,2025-04-17,16:53,Thursday,VICTORIA PARK STATION,SUO,None,None,E,BD,5334
7554,2025-04-17,16:53,Thursday,KENNEDY BD STATION,PUMST,None,None,None,BD,None
7555,2025-04-17,16:56,Thursday,ROSEDALE STATION,PUOPO,8,12,S,YU,5956
7556,2025-04-17,17:20,Thursday,KENNEDY BD STATION,MUSAN,3,6,W,BD,5112
7557,2025-04-17,17:20,Thursday,KENNEDY BD STATION,SUDP,4,9,W,BD,5112
7558,2025-04-17,18:09,Thursday,GLENCAIRN STATION,TUNCA,None,None,None,YU,None
7559,2025-04-17,20:29,Thursday,KENNEDY BD STATION,MUPAA,None,None,E,BD,5191
7560,2025-04-17,20:33,Thursday,FINCH STATION,EUATC,3,7,S,YU,5491
7561,2025-04-17,21:13,Thursday,ISLINGTON STATION,SUUT,23,28,E,BD,5311
7562,2025-04-17,21:31,Thursday,BLOOR STATION,MUIS,None,None,N,YU,None
7563,2025-04-17,21:35,Thursday,BLOOR STATION,PUOPO,None,None,N,YU,6046
7564,2025-04-17,21:43,Thursday,KIPLING STATION,SUO,5,10,W,BD,5311
7565,2025-04-17,22:00,Thursday,YONGE-UNIVERSITY AND B,MUO,None,None,None,YU/BD,None
7566,2025-04-17,22:35,Thursday,COXWELL STATION,SUO,None,None,None,BD,8496
7567,2025-04-17,22:56,Thursday,ROSEDALE STATION,SUDP,3,9,S,YU,5931
7568,2025-04-17,23:00,Thursday,BLOOR DANFORTH SUBWAY,MUCP,None,None,None,BD,None
7569,2025-04-17,23:25,Thursday,SUMMERHILL STATION,MUIS,None,None,S,YU,None
7570,2025-04-17,23:33,Thursday,SPADINA YUS STATION,SUDP,5,11,N,YU,5851
7571,2025-04-17,23:47,Thursday,BROADVIEW STATION,MUI,32,37,E,BD,5087
7572,2025-04-17,0:13,Thursday,BROADVIEW STATION,TUO,5,10,W,BD,5266
7573,2025-04-17,0:19,Thursday,PAPE STATION,SUO,3,8,E,BD,5329
7574,2025-04-17,0:20,Thursday,PAPE STATION,MUPAA,None,None,E,BD,5266
7575,2025-04-17,1:04,Thursday,UNION STATION,MUIS,None,None,None,YU,None
7576,2025-04-17,1:23,Thursday,MAIN STREET STATION,SUDP,None,None,None,BD,None
7577,2025-04-17,5:34,Thursday,BESSARION STATION,TUML,4,None,W,SHP,6151
7578,2025-04-17,5:56,Thursday,LESLIE STATION,TUCC,5,None,E,SHP,6196
7579,2025-04-17,9:57,Thursday,BESSARION STATION,SUAP,None,None,None,SHP,None
7580,2025-04-17,22:26,Thursday,DON MILLS STATION,MUIS,None,None,None,SHP,None
7581,2025-04-17,0:38,Thursday,BESSARION STATION,MUSC,3,8,E,SHP,6156
7582,2025-04-18,3:55,Friday,FINCH STATION,PUTWZ,None,None,None,YU,None
7583,2025-04-18,5:36,Friday,DUNDAS WEST STATION,MUIE,None,None,None,BD,None
7584,2025-04-18,5:54,Friday,WARDEN STATION,PUSI,None,None,E,BD,5092
7585,2025-04-18,5:56,Friday,WARDEN STATION,PUSI,None,None,E,BD,5092
7586,2025-04-18,6:02,Friday,WARDEN STATION,PUSI,None,None,E,BD,5234
7587,2025-04-18,8:01,Friday,SPADINA BD STATION,SUPOL,None,None,W,BD,5313
7588,2025-04-18,8:02,Friday,SPADINA YUS STATION,SUPOL,None,None,N,YU,5961
7589,2025-04-18,9:11,Friday,PIONEER VILLAGE STATIO,PUOPO,11,17,S,YU,5896
7590,2025-04-18,9:15,Friday,WILSON STATION,MUIS,None,None,None,YU,None
7591,2025-04-18,10:19,Friday,KING STATION,PUMEL,None,None,None,YU,None
7592,2025-04-18,10:27,Friday,DUNDAS STATION,SUUT,13,17,N,YU,5121
7593,2025-04-18,11:30,Friday,KIPLING STATION,MUSC,None,None,W,BD,5298
7594,2025-04-18,12:06,Friday,BATHURST STATION,MUIS,None,None,None,BD,None
7595,2025-04-18,14:09,Friday,WARDEN STATION,PUSI,None,None,E,BD,5089
7596,2025-04-18,14:25,Friday,WARDEN STATION,PUSI,None,None,E,BD,5095
7597,2025-04-18,14:34,Friday,ST PATRICK STATION,MUPAA,3,7,S,YU,5801
7598,2025-04-18,14:44,Friday,WELLESLEY STATION,SUAP,8,12,N,YU,5441
7599,2025-04-18,14:54,Friday,WARDEN STATION,PUSI,None,None,E,BD,5145
7600,2025-04-18,15:06,Friday,COXWELL STATION,PUSI,None,None,W,BD,5057
7601,2025-04-18,15:36,Friday,WARDEN STATION,PUSI,None,None,E,BD,5155
7602,2025-04-18,16:44,Friday,BLOOR STATION,SUO,None,None,S,YU,5606
7603,2025-04-18,16:50,Friday,QUEEN'S PARK STATION,MUPAA,3,7,N,YU,6101
7604,2025-04-18,16:58,Friday,NORTH YORK CTR STATION,MUCL,3,6,N,YU,5921
7605,2025-04-18,17:08,Friday,NORTH YORK CTR STATION,EUDO,8,12,S,YU,5926
7606,2025-04-18,17:30,Friday,QUEEN STATION,MUNCA,None,None,None,YU,None
7607,2025-04-18,18:23,Friday,WARDEN STATION,PUSI,None,None,E,BD,5145
7608,2025-04-18,18:39,Friday,WARDEN STATION,PUSI,None,None,E,BD,5317
7609,2025-04-18,20:02,Friday,WELLESLEY STATION,SUDP,None,None,S,YU,5971
7610,2025-04-18,20:26,Friday,WOODBINE STATION,MUSC,None,None,W,BD,5317
7611,2025-04-18,20:30,Friday,MAIN STREET STATION,MUIS,None,None,E,BD,None
7612,2025-04-18,21:13,Friday,KIPLING STATION,MUSAN,5,10,W,BD,5145
7613,2025-04-18,21:53,Friday,YORK MILLS STATION,EUNT,6,12,S,YU,5896
7614,2025-04-18,22:00,Friday,YONGE-UNIVERSITY AND B,MUO,None,None,None,YUS/BD,None
7615,2025-04-18,22:23,Friday,ST GEORGE YUS STATION,SUO,None,None,None,YU,None
7616,2025-04-18,22:38,Friday,MAIN STREET STATION,MUIS,None,None,None,BD,None
7617,2025-04-18,22:49,Friday,MAIN STREET STATION,EUPI,None,None,W,BD,5112
7618,2025-04-18,22:53,Friday,DUNDAS WEST STATION,TUS,3,9,E,BD,5025
7619,2025-04-18,23:24,Friday,EGLINTON WEST STATION,MUIS,None,None,None,YU,None
7620,2025-04-18,23:36,Friday,BROADVIEW STATION,MUIS,None,None,None,BD,None
7621,2025-04-18,23:46,Friday,EGLINTON WEST STATION,SUDP,None,None,None,YU,None
7622,2025-04-18,23:53,Friday,PIONEER VILLAGE STATIO,MUIS,None,None,None,YU,None
7623,2025-04-18,0:30,Friday,BLOOR STATION,SUAP,None,None,N,YU,None
7624,2025-04-18,0:38,Friday,WARDEN STATION,PUSI,None,None,E,BD,5343
7625,2025-04-18,1:02,Friday,EGLINTON WEST STATION,SUDP,3,9,N,YU,5841
7626,2025-04-18,1:15,Friday,OSSINGTON STATION,TUSC,None,None,E,BD,5317
7627,2025-04-18,1:22,Friday,ST CLAIR STATION,PUOPO,6,12,N,YU,5581
7628,2025-04-18,11:55,Friday,BAYVIEW STATION,MUSC,3,8,E,SHP,6156
7629,2025-04-19,2:17,Saturday,FINCH STATION,MUIS,None,None,None,YU,None
7630,2025-04-19,5:20,Saturday,FINCH STATION,MUNCA,None,None,None,YU,None
7631,2025-04-19,5:25,Saturday,DUNDAS STATION,MUNCA,None,None,N,YU,None
7632,2025-04-19,5:40,Saturday,COLLEGE STATION,MUNCA,None,None,None,YU,None
7633,2025-04-19,5:45,Saturday,UNION STATION,MUNCA,None,None,None,YU,None
7634,2025-04-19,6:08,Saturday,WARDEN STATION,PUSI,None,None,E,BD,5013
7635,2025-04-19,6:24,Saturday,WARDEN STATION,PUSI,None,None,E,BD,5308
7636,2025-04-19,7:32,Saturday,GLENCAIRN STATION,MUNCA,None,None,None,YU,None
7637,2025-04-19,8:13,Saturday,UNION STATION,SUDP,None,None,None,YU,None
7638,2025-04-19,9:08,Saturday,WARDEN STATION,MUTO,6,11,E,BD,5155
7639,2025-04-19,9:36,Saturday,SHEPPARD WEST STATION,SUDP,4,10,S,YU,6041
7640,2025-04-19,9:39,Saturday,QUEEN STATION,SUO,None,None,N,YU,5971
7641,2025-04-19,9:40,Saturday,VMC STATION,EUPI,6,12,N,YU,5816
7642,2025-04-19,9:56,Saturday,WILSON STATION,EUO,9,15,S,YU,5666
7643,2025-04-19,10:13,Saturday,SPADINA YUS STATION,PUATC,3,7,S,YU,6001
7644,2025-04-19,10:37,Saturday,FINCH STATION,MUIRS,None,None,None,YU,None
7645,2025-04-19,10:52,Saturday,PIONEER VILLAGE STATIO,SUDP,None,None,None,YU,None
7646,2025-04-19,10:57,Saturday,WARDEN STATION,PUSI,3,8,E,BD,5194
7647,2025-04-19,11:29,Saturday,ST GEORGE YUS STATION,SUAP,None,None,None,YU,None
7648,2025-04-19,11:49,Saturday,GREENWOOD YARD,MUSC,None,None,None,BD,5172
7649,2025-04-19,12:05,Saturday,MAIN STREET STATION,EUNT,13,17,E,BD,5172
7650,2025-04-19,12:33,Saturday,MUSEUM STATION,MUPLB,90,94,S,YU,5706
7651,2025-04-19,12:59,Saturday,WARDEN STATION,PUSI,None,None,E,BD,5336
7652,2025-04-19,13:19,Saturday,COLLEGE STATION,PUOPO,4,8,N,YU,5441
7653,2025-04-19,13:44,Saturday,UNION STATION,SUDP,None,None,S,YU,5651
7654,2025-04-19,14:59,Saturday,COLLEGE STATION,MUI,6,10,S,YU,6091
7655,2025-04-19,15:25,Saturday,ST PATRICK STATION,MUPAA,4,8,N,YU,5981
7656,2025-04-19,15:33,Saturday,ST ANDREW STATION,MUTO,9,13,N,YU,5556
7657,2025-04-19,15:59,Saturday,BLOOR STATION,SUAE,None,None,N,YU,None
7658,2025-04-19,16:59,Saturday,GLENCAIRN STATION,MUNCA,None,None,None,YU,None
7659,2025-04-19,17:04,Saturday,ISLINGTON STATION,TUO,3,7,W,BD,5113
7660,2025-04-19,17:15,Saturday,DUNDAS STATION,MUPAA,4,8,S,YU,5721
7661,2025-04-19,17:53,Saturday,ST PATRICK STATION,MUNCA,None,None,None,YU,None
7662,2025-04-19,18:15,Saturday,KEELE STATION,MUSC,None,None,W,BD,5313
7663,2025-04-19,18:25,Saturday,KING STATION,MUI,24,28,N,YU,6121
7664,2025-04-19,18:32,Saturday,WOODBINE STATION,MUSC,None,None,W,BD,5091
7665,2025-04-19,19:09,Saturday,PIONEER VILLAGE STATIO,SUO,4,8,N,YU,5556
7666,2025-04-19,19:20,Saturday,GLENCAIRN STATION,PUMEL,None,None,None,YU,None
7667,2025-04-19,19:42,Saturday,BROADVIEW STATION,MUIR,12,17,E,BD,5286
7668,2025-04-19,19:46,Saturday,PAPE STATION,PUMEL,None,None,None,BD,None
7669,2025-04-19,20:07,Saturday,ISLINGTON STATION,EUSC,None,None,W,BD,5245
7670,2025-04-19,20:11,Saturday,WILSON STATION,MUPAA,3,7,N,YU,5891
7671,2025-04-19,20:19,Saturday,FINCH STATION,MUSAN,5,10,S,YU,5661
7672,2025-04-19,20:36,Saturday,ROSEDALE STATION,MUDD,None,None,S,YU,6101
7673,2025-04-19,20:57,Saturday,MAIN STREET STATION,SUO,None,None,None,BD,None
7674,2025-04-19,21:05,Saturday,ST CLAIR STATION,MUIRS,None,None,S,YU,None
7675,2025-04-19,21:30,Saturday,ST CLAIR WEST STATION,MUTO,3,8,S,YU,5476
7676,2025-04-19,21:33,Saturday,WOODBINE STATION,MUIS,None,None,None,BD,None
7677,2025-04-19,21:35,Saturday,WARDEN STATION,PUSI,None,None,E,BD,5186
7678,2025-04-19,22:00,Saturday,YONGE-UNIVERSITY AND B,MUO,None,None,None,YU/BD,None
7679,2025-04-19,22:05,Saturday,DUNDAS WEST STATION,SUDP,None,None,W,BD,5072
7680,2025-04-19,22:05,Saturday,SHEPPARD WEST STATION,MUIS,None,None,None,YU,None
7681,2025-04-19,22:07,Saturday,KIPLING STATION,MUI,6,12,W,BD,5193
7682,2025-04-19,22:12,Saturday,LAWRENCE WEST STATION,TUOS,5,10,N,YU,6006
7683,2025-04-19,22:13,Saturday,KEELE STATION,TUS,4,10,W,BD,5072
7684,2025-04-19,22:33,Saturday,DUNDAS WEST STATION,MUO,None,None,None,BD,None
7685,2025-04-19,22:43,Saturday,DUFFERIN STATION,SUO,22,28,E,BD,5095
7686,2025-04-19,23:01,Saturday,DUNDAS STATION,SUUT,3,8,N,YU,5976
7687,2025-04-19,23:12,Saturday,SHERBOURNE STATION,SUUT,None,None,E,BD,None
7688,2025-04-19,1:01,Saturday,DUNDAS STATION,MUIS,None,None,None,YU,None
7689,2025-04-19,1:32,Saturday,DAVISVILLE STATION,MUIRS,None,None,None,YU,None
7690,2025-04-19,1:33,Saturday,ST GEORGE BD STATION,TUSC,5,11,W,BD,5001
7691,2025-04-19,1:47,Saturday,KIPLING STATION,MUI,None,None,E,BD,5102
7692,2025-04-19,1:51,Saturday,KIPLING STATION,MUI,None,None,E,BD,5234
7693,2025-04-19,11:36,Saturday,DON MILLS STATION,PUMEL,None,None,None,SHP,None
7694,2025-04-19,13:59,Saturday,LESLIE STATION,TUSC,None,None,W,SHP,6151
7695,2025-04-20,2:02,Sunday,FINCH STATION,SUO,None,None,S,YU,None
7696,2025-04-20,2:09,Sunday,DONLANDS STATION,TUSC,None,None,W,BD,5305
7697,2025-04-20,2:11,Sunday,FINCH STATION,SUDP,8,13,N,YU,6096
7698,2025-04-20,7:25,Sunday,ST CLAIR WEST STATION,MUNCA,None,None,None,YU,None
7699,2025-04-20,7:44,Sunday,YORKDALE STATION,PUTR,4,None,S,YU,5746
7700,2025-04-20,7:45,Sunday,ROYAL YORK STATION,MUNCA,None,None,None,BD,None
7701,2025-04-20,8:04,Sunday,ISLINGTON STATION,PUSI,51,55,W,BD,5001
7702,2025-04-20,8:06,Sunday,COXWELL STATION,EUSC,None,None,E,BD,5189
7703,2025-04-20,8:10,Sunday,ISLINGTON STATION,PUSNT,5,9,W,BD,5001
7704,2025-04-20,8:14,Sunday,KIPLING STATION,SUG,4,8,E,BD,5095
7705,2025-04-20,8:22,Sunday,ISLINGTON STATION,PUSNT,None,None,W,BD,5158
7706,2025-04-20,8:50,Sunday,WARDEN STATION,PUSI,None,None,E,BD,5286
7707,2025-04-20,9:34,Sunday,ST GEORGE BD STATION,TUSUP,5,10,E,BD,5001
7708,2025-04-20,9:39,Sunday,WARDEN STATION,PUSI,None,None,E,BD,5286
7709,2025-04-20,10:01,Sunday,KENNEDY BD STATION,MUIS,None,None,None,BD,None
7710,2025-04-20,10:15,Sunday,WILSON STATION,PUOPO,11,16,S,YU,5411
7711,2025-04-20,11:00,Sunday,LINE 2 BLOOR DANFORTH,MUCP,None,None,None,BD,None
7712,2025-04-20,11:17,Sunday,WARDEN STATION,PUSI,4,8,E,BD,5234
7713,2025-04-20,11:21,Sunday,ISLINGTON STATION,PUSO,9,13,W,BD,5009
7714,2025-04-20,11:25,Sunday,KENNEDY BD STATION,MUIE,3,7,W,BD,5234
7715,2025-04-20,11:34,Sunday,WARDEN STATION,PUSI,None,None,E,BD,5092
7716,2025-04-20,11:42,Sunday,KIPLING STATION,PUMEL,None,None,None,BD,None
7717,2025-04-20,11:53,Sunday,FINCH STATION,MUSAN,3,7,S,YU,6046
7718,2025-04-20,12:47,Sunday,ISLINGTON STATION,PUSSW,29,33,W,BD,5227
7719,2025-04-20,13:14,Sunday,KIPLING STATION,EUNT,6,10,E,BD,5097
7720,2025-04-20,13:16,Sunday,HIGH PARK STATION,TUO,5,9,E,BD,5275
7721,2025-04-20,13:57,Sunday,KENNEDY BD STATION,SUO,4,8,None,BD,5317
7722,2025-04-20,14:40,Sunday,WARDEN STATION,MUSC,None,None,E,BD,5125
7723,2025-04-20,15:01,Sunday,ST GEORGE YUS STATION,MUIE,None,None,None,YU,None
7724,2025-04-20,15:14,Sunday,YORK MILLS STATION,PUMEL,None,None,None,YU,None
7725,2025-04-20,15:16,Sunday,DUNDAS WEST STATION,MUO,None,None,None,BD,None
7726,2025-04-20,15:29,Sunday,ISLINGTON STATION,TUSC,None,None,E,BD,5273
7727,2025-04-20,15:34,Sunday,KIPLING STATION,TUO,4,8,W,BD,5234
7728,2025-04-20,15:35,Sunday,BLOOR STATION,PUMEL,None,None,None,YU,None
7729,2025-04-20,15:37,Sunday,MAIN STREET STATION,SUO,None,None,None,BD,None
7730,2025-04-20,16:38,Sunday,QUEEN'S PARK STATION,MUNCA,None,None,None,YU,None
7731,2025-04-20,16:39,Sunday,WILSON STATION,MUNCA,None,None,None,YU,None
7732,2025-04-20,16:44,Sunday,DUPONT STATION,SUAP,5,9,S,YU,6021
7733,2025-04-20,16:48,Sunday,SHEPPARD STATION,TUO,8,12,S,YU,5796
7734,2025-04-20,18:22,Sunday,SUMMERHILL STATION,MUIS,None,None,N,YU,None
7735,2025-04-20,19:38,Sunday,YONGE BD STATION,SUO,None,None,E,BD,None
7736,2025-04-20,21:47,Sunday,CHESTER STATION,SUDP,4,9,E,BD,5371
7737,2025-04-20,21:59,Sunday,ST CLAIR STATION,MUIS,None,None,S,YU,None
7738,2025-04-20,22:00,Sunday,YONGE-UNIVERSITY AND B,MUO,None,None,None,YU/BD,None
7739,2025-04-20,22:54,Sunday,GREENWOOD YARD,SUG,None,None,None,BD,5109
7740,2025-04-20,23:18,Sunday,WARDEN STATION,PUSI,None,None,E,BD,5129
7741,2025-04-20,0:02,Sunday,WARDEN STATION,PUSI,None,None,E,BD,5362
7742,2025-04-20,0:35,Sunday,DUFFERIN STATION,SUDP,None,None,W,BD,None
7743,2025-04-20,1:00,Sunday,QUEEN'S PARK STATION,TUNCA,None,None,None,YU,None
7744,2025-04-20,1:12,Sunday,DUNDAS WEST STATION,SUUT,None,None,E,BD,5362
7745,2025-04-20,1:52,Sunday,OSSINGTON STATION,TUSC,None,None,W,BD,5289
7746,2025-04-21,2:19,Monday,VMC STATION,SUDP,None,None,None,YU,None
7747,2025-04-21,3:57,Monday,QUEEN STATION,MUNCA,None,None,None,YU,None
7748,2025-04-21,3:58,Monday,WILSON STATION,MUNCA,None,None,None,YU,None
7749,2025-04-21,4:39,Monday,WARDEN STATION,PUSI,None,None,W,BD,5339
7750,2025-04-21,5:10,Monday,KENNEDY BD STATION,MUNCA,None,None,None,BD,None
7751,2025-04-21,5:10,Monday,EGLINTON STATION,MUNCA,None,None,None,YU,None
7752,2025-04-21,5:15,Monday,PIONEER VILLAGE STATIO,MUNCA,None,None,None,YU,None
7753,2025-04-21,5:30,Monday,GLENCAIRN STATION,MUNCA,None,None,None,YU,None
7754,2025-04-21,5:30,Monday,BAY STATION,MUNCA,None,None,None,BD,None
7755,2025-04-21,5:40,Monday,DUPONT STATION,MUNCA,None,None,None,YU,None
7756,2025-04-21,5:40,Monday,CHRISTIE STATION,MUNCA,None,None,None,BD,None
7757,2025-04-21,5:56,Monday,GREENWOOD STATION,EUPI,3,8,E,BD,5239
7758,2025-04-21,6:08,Monday,MUSEUM STATION,PUTR,7,None,N,YU,5776
7759,2025-04-21,6:17,Monday,WARDEN STATION,PUSI,None,None,E,BD,5298
7760,2025-04-21,6:27,Monday,SHEPPARD WEST STATION,PUSRA,5,10,N,YU,None
7761,2025-04-21,6:30,Monday,VICTORIA PARK STATION,PUSI,None,None,E,BD,5126
7762,2025-04-21,6:52,Monday,EGLINTON STATION,SUDP,None,None,None,YU,None
7763,2025-04-21,6:56,Monday,VMC STATION,EUO,5,10,S,YU,5866
7764,2025-04-21,8:11,Monday,WARDEN STATION,PUSI,None,None,E,BD,5125
7765,2025-04-21,8:21,Monday,CASTLE FRANK STATION,MUIR,13,16,E,BD,5273
7766,2025-04-21,8:31,Monday,ST GEORGE BD STATION,TUSC,None,None,W,BD,5082
7767,2025-04-21,8:36,Monday,BLOOR STATION,SUDP,None,None,S,YU,None
7768,2025-04-21,9:02,Monday,KEELE STATION,MUSC,None,None,E,BD,5167
7769,2025-04-21,9:14,Monday,GREENWOOD YARD,SUG,None,None,None,BD,None
7770,2025-04-21,9:27,Monday,LAWRENCE STATION,MUO,None,None,None,YU,None
7771,2025-04-21,9:39,Monday,VMC STATION,PUOPO,None,None,S,YU,5551
7772,2025-04-21,10:29,Monday,COLLEGE STATION,SUDP,3,8,N,YU,5816
7773,2025-04-21,10:40,Monday,ISLINGTON STATION,MUSC,None,None,E,BD,5265
7774,2025-04-21,10:47,Monday,PAPE STATION,EUPI,4,8,E,BD,5137
7775,2025-04-21,11:20,Monday,WARDEN STATION,PUSI,None,None,E,BD,5339
7776,2025-04-21,11:34,Monday,ISLINGTON STATION,SUDP,8,12,E,BD,5225
7777,2025-04-21,11:44,Monday,COXWELL STATION,EUTL,50,54,E,BD,5202
7778,2025-04-21,12:23,Monday,QUEEN STATION,SUDP,None,None,S,YU,6046
7779,2025-04-21,12:46,Monday,LAWRENCE WEST STATION,SUO,None,None,None,YU,None
7780,2025-04-21,12:56,Monday,WARDEN STATION,PUSI,None,None,E,BD,5005
7781,2025-04-21,13:09,Monday,YONGE BD STATION,SUO,None,None,None,BD,None
7782,2025-04-21,13:25,Monday,WARDEN STATION,PUSI,None,None,E,BD,5356
7783,2025-04-21,13:30,Monday,ROSEDALE STATION,MUIS,None,None,N,YU,5421
7784,2025-04-21,13:42,Monday,KENNEDY BD STATION,PUMST,None,None,None,BD,None
7785,2025-04-21,13:53,Monday,CHESTER STATION,PUSO,5,9,W,BD,5263
7786,2025-04-21,13:57,Monday,LAWRENCE STATION,MUIE,None,None,None,YU,None
7787,2025-04-21,13:57,Monday,WARDEN STATION,PUSI,None,None,E,BD,5367
7788,2025-04-21,14:34,Monday,WILSON STATION,SUDP,None,None,S,YU,5896
7789,2025-04-21,15:06,Monday,SHERBOURNE STATION,SUAP,None,None,W,BD,None
7790,2025-04-21,15:07,Monday,CHESTER STATION,TUSC,None,None,E,BD,5211
7791,2025-04-21,15:19,Monday,COLLEGE STATION,SUAE,None,None,S,YU,None
7792,2025-04-21,15:21,Monday,KEELE STATION,MUIR,3,7,W,BD,5307
7793,2025-04-21,15:40,Monday,YONGE BD STATION,MUPAA,3,7,W,BD,5351
7794,2025-04-21,15:50,Monday,HIGH PARK STATION,MUIS,None,None,W,BD,5121
7795,2025-04-21,15:55,Monday,YONGE BD STATION,PUMO,None,None,None,BD,None
7796,2025-04-21,16:14,Monday,ST GEORGE BD STATION,TUSC,None,None,W,BD,5289
7797,2025-04-21,16:41,Monday,WILSON STATION,TUNIP,4,8,S,YU,5886
7798,2025-04-21,16:44,Monday,LAWRENCE STATION,MUPAA,3,7,S,YU,5606
7799,2025-04-21,17:00,Monday,GLENCAIRN STATION,TUNCA,None,None,None,YU,None
7800,2025-04-21,17:08,Monday,WARDEN STATION,PUMO,None,None,None,BD,None
7801,2025-04-21,17:09,Monday,DUNDAS STATION,MUIS,None,None,None,YU,None
7802,2025-04-21,17:18,Monday,KENNEDY BD STATION,TUSC,None,None,W,BD,5001
7803,2025-04-21,17:27,Monday,LANSDOWNE STATION,MUNCA,None,None,None,BD,None
7804,2025-04-21,17:28,Monday,QUEEN STATION,SUAP,10,13,N,YU,5976
7805,2025-04-21,17:30,Monday,ISLINGTON STATION,PUSSW,5,8,E,BD,5225
7806,2025-04-21,17:41,Monday,ST PATRICK STATION,MUNCA,None,None,None,YU,None
7807,2025-04-21,18:09,Monday,WARDEN STATION,PUSNT,None,None,E,BD,5315
7808,2025-04-21,18:11,Monday,YORK MILLS STATION,SUAP,5,8,S,YU,5556
7809,2025-04-21,18:14,Monday,EGLINTON STATION,PUMEL,None,None,None,YU,None
7810,2025-04-21,18:15,Monday,WOODBINE STATION,SUPOL,None,None,E,BD,5296
7811,2025-04-21,18:26,Monday,WILSON STATION,SUDP,4,7,N,YU,5651
7812,2025-04-21,18:33,Monday,SHERBOURNE STATION,SUEAS,14,17,W,BD,5074
7813,2025-04-21,18:48,Monday,UNION STATION,SUO,3,6,S,YU,5881
7814,2025-04-21,18:52,Monday,UNION STATION,SUO,3,6,S,YU,5824
7815,2025-04-21,18:56,Monday,BAY STATION,MUPAA,None,None,E,BD,5362
7816,2025-04-21,19:04,Monday,VMC STATION,SUDP,None,None,None,YU,6121
7817,2025-04-21,19:29,Monday,DOWNSVIEW PARK STATION,MUNCA,None,None,None,YU,None
7818,2025-04-21,19:52,Monday,CASTLE FRANK STATION,MUNCA,None,None,None,BD,None
7819,2025-04-21,20:39,Monday,DAVISVILLE STATION,MUIS,None,None,N,YU,None
7820,2025-04-21,20:43,Monday,YONGE BD STATION,SUROB,None,None,E,BD,5265
7821,2025-04-21,20:43,Monday,BLOOR STATION,SUO,None,None,N,YU,5886
7822,2025-04-21,20:52,Monday,DUNDAS STATION,SUAP,None,None,N,YU,None
7823,2025-04-21,21:06,Monday,ST CLAIR STATION,MUIR,18,22,S,YU,5546
7824,2025-04-21,21:25,Monday,CHESTER STATION,TUSC,None,None,E,BD,5139
7825,2025-04-21,22:00,Monday,YONGE-UNIVERSITY AND B,MUO,None,None,None,YU/BD,None
7826,2025-04-21,22:08,Monday,WARDEN STATION,PUSI,None,None,E,BD,5225
7827,2025-04-21,22:08,Monday,ST CLAIR STATION,MUIS,None,None,None,YU,None
7828,2025-04-21,22:24,Monday,ROYAL YORK STATION,PUMO,None,None,None,BD,None
7829,2025-04-21,22:38,Monday,BATHURST STATION,MUIR,None,None,W,BD,5182
7830,2025-04-21,22:51,Monday,ST GEORGE YUS STATION,TUCC,None,None,N,YU,6011
7831,2025-04-21,22:59,Monday,KIPLING STATION,MUSC,3,8,W,BD,5356
7832,2025-04-21,23:00,Monday,LINE 2 BLOOR DANFORTH,MUCP,None,None,None,BD,None
7833,2025-04-21,23:30,Monday,ST PATRICK STATION,MUNCA,None,None,None,YU,None
7834,2025-04-21,23:39,Monday,DUNDAS STATION,PUMST,None,None,None,YU,None
7835,2025-04-21,0:15,Monday,EGLINTON WEST STATION,MUIS,None,None,None,YU,None
7836,2025-04-21,1:40,Monday,FINCH STATION,MUIS,None,None,None,YU,None
7837,2025-04-21,1:52,Monday,DAVISVILLE STATION,SUUT,33,38,N,YU,None
7838,2025-04-21,1:57,Monday,VMC STATION,SUDP,None,None,None,YU,5572
7839,2025-04-21,2:21,Monday,LESLIE STATION,MUIS,None,None,None,SHP,None
7840,2025-04-21,5:00,Monday,LESLIE STATION,MUNCA,None,None,None,SHP,None
7841,2025-04-21,22:42,Monday,BESSARION STATION,TUMVS,7,12,E,SHP,6161
7842,2025-04-22,2:44,Tuesday,UNION STATION,MUIS,None,None,None,YU,None
7843,2025-04-22,2:54,Tuesday,FINCH STATION,SUDP,None,None,None,YU,5566
7844,2025-04-22,3:01,Tuesday,FINCH STATION,SUDP,7,12,N,YU,6021
7845,2025-04-22,3:56,Tuesday,KIPLING STATION,PUTWZ,None,None,W,BD,None
7846,2025-04-22,5:10,Tuesday,EGLINTON STATION,MUNCA,None,None,None,YU,None
7847,2025-04-22,5:10,Tuesday,LAWRENCE STATION,MUNCA,None,None,None,BD,None
7848,2025-04-22,5:10,Tuesday,WILSON STATION,MUNCA,None,None,None,YU,None
7849,2025-04-22,5:20,Tuesday,KIPLING STATION,MUNCA,None,None,None,BD,None
7850,2025-04-22,5:30,Tuesday,SHERBOURNE STATION,MUNCA,None,None,None,BD,None
7851,2025-04-22,5:52,Tuesday,YONGE BD STATION,PUTWZ,3,None,W,BD,5287
7852,2025-04-22,6:01,Tuesday,ST GEORGE YUS STATION,PUTO,4,None,S,YU,5611
7853,2025-04-22,6:09,Tuesday,BLOOR STATION,MUD,5,None,N,YU,5496
7854,2025-04-22,6:23,Tuesday,WOODBINE STATION,MUSC,None,None,W,BD,5308
7855,2025-04-22,6:28,Tuesday,UNION STATION,PUTR,5,None,N,YU,6026
7856,2025-04-22,6:57,Tuesday,RUNNYMEDE STATION,MUIRS,None,None,None,BD,None
7857,2025-04-22,7:14,Tuesday,BLOOR STATION,SUUT,20,23,S,YU,5616
7858,2025-04-22,7:38,Tuesday,CHRISTIE STATION,TUSC,None,None,W,BD,5287
7859,2025-04-22,7:40,Tuesday,COLLEGE STATION,EUNT,10,13,N,YU,5621
7860,2025-04-22,8:06,Tuesday,YORK MILLS STATION,EUTRD,13,16,S,YU,5796
7861,2025-04-22,8:38,Tuesday,BLOOR STATION,MUIS,None,None,S,YU,None
7862,2025-04-22,8:52,Tuesday,SUMMERHILL STATION,MUPAA,None,None,S,YU,5461
7863,2025-04-22,8:56,Tuesday,PIONEER VILLAGE STATIO,SUAP,None,None,None,YU,None
7864,2025-04-22,9:10,Tuesday,DUPONT STATION,MUPAA,5,8,S,YU,5676
7865,2025-04-22,9:30,Tuesday,ST GEORGE BD STATION,MUIS,None,None,None,BD,None
7866,2025-04-22,9:34,Tuesday,ST GEORGE BD STATION,PUSTC,4,8,E,BD,5182
7867,2025-04-22,9:40,Tuesday,SPADINA BD STATION,SUDP,None,None,W,BD,5034
7868,2025-04-22,10:34,Tuesday,FINCH STATION,SUDP,4,8,S,YU,5746
7869,2025-04-22,11:06,Tuesday,GREENWOOD STATION,MUNCA,None,None,None,BD,None
7870,2025-04-22,11:13,Tuesday,KIPLING STATION,EUSC,None,None,E,BD,5130
7871,2025-04-22,11:18,Tuesday,VICTORIA PARK STATION,TUMVS,None,None,W,BD,5034
7872,2025-04-22,11:24,Tuesday,PIONEER VILLAGE STATIO,SUO,None,None,None,YU,None
7873,2025-04-22,11:25,Tuesday,EGLINTON STATION,MUIRS,None,None,None,YU,None
7874,2025-04-22,11:35,Tuesday,EGLINTON WEST STATION,EUATC,4,9,S,YU,5496
7875,2025-04-22,12:05,Tuesday,COLLEGE STATION,EUATC,4,8,N,YU,5496
7876,2025-04-22,12:07,Tuesday,WOODBINE STATION,MUIE,None,None,None,BD,None
7877,2025-04-22,12:33,Tuesday,NORTH YORK CTR STATION,EUATC,None,None,N,YU,5496
7878,2025-04-22,12:46,Tuesday,BATHURST STATION,SUDP,None,None,W,BD,None
7879,2025-04-22,13:41,Tuesday,ST GEORGE BD STATION,PUSTC,4,8,E,BD,5102
7880,2025-04-22,13:49,Tuesday,GLENCAIRN STATION,EUATC,5,10,N,YU,5491
7881,2025-04-22,13:50,Tuesday,ST GEORGE BD STATION,SUUT,None,None,E,BD,5324
7882,2025-04-22,14:13,Tuesday,EGLINTON STATION,MUIRS,None,None,None,YU,None
7883,2025-04-22,14:20,Tuesday,ROSEDALE STATION,SUAP,32,36,N,YU,5751
7884,2025-04-22,14:32,Tuesday,DUPONT STATION,MUIS,None,None,None,YU,None
7885,2025-04-22,15:07,Tuesday,LAWRENCE STATION,SUDP,3,8,N,YU,5826
7886,2025-04-22,15:15,Tuesday,WARDEN STATION,TUMVS,None,None,W,BD,5304
7887,2025-04-22,15:29,Tuesday,SUMMERHILL STATION,MUIR,4,7,S,YU,5756
7888,2025-04-22,15:33,Tuesday,MCBRIEN BUILDING,MUO,None,None,None,YU,None
7889,2025-04-22,17:07,Tuesday,CHESTER STATION,SUDP,None,None,W,BD,5113
7890,2025-04-22,17:18,Tuesday,WILSON STATION,MUCL,3,6,S,YU,6131
7891,2025-04-22,17:43,Tuesday,BLOOR STATION,SUAE,None,None,None,YU,None
7892,2025-04-22,18:04,Tuesday,LAWRENCE STATION,PUOPO,None,None,S,YU,5391
7893,2025-04-22,18:10,Tuesday,COLLEGE STATION,TUNCA,None,None,None,YU,None
7894,2025-04-22,18:18,Tuesday,BROADVIEW STATION,SUDP,None,None,None,BD,None
7895,2025-04-22,18:30,Tuesday,WELLESLEY STATION,SUUT,None,None,N,YU,None
7896,2025-04-22,18:45,Tuesday,MAIN STREET STATION,SUAP,None,None,W,BD,5158
7897,2025-04-22,18:51,Tuesday,RUNNYMEDE STATION,PUMEL,None,None,None,BD,None
7898,2025-04-22,19:01,Tuesday,BROADVIEW STATION,SUDP,None,None,None,BD,None
7899,2025-04-22,19:36,Tuesday,COXWELL STATION,SUO,None,None,E,BD,5311
7900,2025-04-22,19:58,Tuesday,KENNEDY BD STATION,PUSTC,None,None,W,BD,5089
7901,2025-04-22,19:59,Tuesday,KENNEDY BD STATION,PUSTC,15,19,W,BD,5089
7902,2025-04-22,20:05,Tuesday,LAWRENCE WEST STATION,PUOPO,24,28,N,YU,5416
7903,2025-04-22,20:16,Tuesday,LAWRENCE WEST STATION,MUI,34,38,S,YU,5826
7904,2025-04-22,20:21,Tuesday,DONLANDS STATION,TUSC,None,None,None,BD,5283
7905,2025-04-22,20:31,Tuesday,YORKDALE STATION,PUOPO,18,22,N,YU,5416
7906,2025-04-22,20:45,Tuesday,KENNEDY BD STATION,MUIR,None,None,E,BD,5092
7907,2025-04-22,20:49,Tuesday,BLOOR STATION,SUSA,None,None,None,YU,None
7908,2025-04-22,20:54,Tuesday,EGLINTON STATION,MUIS,None,None,None,YU,None
7909,2025-04-22,21:39,Tuesday,MAIN STREET STATION,SUAP,None,None,W,BD,5289
7910,2025-04-22,21:44,Tuesday,FINCH WEST STATION,SUDP,5,11,S,YU,6076
7911,2025-04-22,21:57,Tuesday,BROADVIEW STATION,MUIS,None,None,None,BD,None
7912,2025-04-22,22:00,Tuesday,YONGE-UNIVERSITY AND B,MUO,None,None,None,YU/BD,None
7913,2025-04-22,22:08,Tuesday,HIGH PARK STATION,SUO,13,18,E,BD,5071
7914,2025-04-22,22:35,Tuesday,UNION STATION,MUSAN,4,10,S,YU,5771
7915,2025-04-22,23:00,Tuesday,LINE 2 BLOOR DANFORTH,MUCP,None,None,None,BD,None
7916,2025-04-22,23:20,Tuesday,WELLESLEY STATION,SUUT,None,None,S,YU,5666
7917,2025-04-22,23:59,Tuesday,OSSINGTON STATION,SUAP,None,None,None,BD,None
7918,2025-04-22,0:16,Tuesday,ROSEDALE STATION,PUOPO,9,15,S,YU,6136
7919,2025-04-22,0:27,Tuesday,ROSEDALE STATION,PUOPO,None,None,S,YU,5391
7920,2025-04-22,0:40,Tuesday,YORKDALE STATION,SUAP,None,None,None,YU,None
7921,2025-04-22,1:37,Tuesday,KIPLING STATION,MUIRS,None,None,None,BD,None
7922,2025-04-22,1:39,Tuesday,GREENWOOD YARD,MUWR,None,None,None,BD,None
7923,2025-04-22,1:47,Tuesday,KENNEDY BD STATION,MUI,None,None,W,BD,5041
7924,2025-04-22,13:46,Tuesday,BESSARION STATION,PUMO,None,None,None,SHP,None
7925,2025-04-22,17:15,Tuesday,SHEPPARD-YONGE STATION,MUIRS,None,None,None,SHP,None
7926,2025-04-22,0:34,Tuesday,DON MILLS STATION,PUSSW,4,9,E,SHP,6161
7927,2025-04-23,2:00,Wednesday,OSSINGTON STATION,MUIS,None,None,W,BD,None
7928,2025-04-23,2:17,Wednesday,KENNEDY BD STATION,SUDP,None,None,None,BD,5015
7929,2025-04-23,5:09,Wednesday,BAY STATION,PUSTC,None,None,E,BD,None
7930,2025-04-23,6:22,Wednesday,UNION STATION,PUTR,5,None,N,YU,5811
7931,2025-04-23,6:40,Wednesday,VMC STATION,PUOPO,3,8,S,YU,6131
7932,2025-04-23,6:53,Wednesday,FINCH STATION,PUOPO,3,6,S,YU,6106
7933,2025-04-23,7:11,Wednesday,COLLEGE STATION,MUPAA,3,6,S,YU,5386
7934,2025-04-23,7:30,Wednesday,DUFFERIN STATION,SUAP,7,10,E,BD,5100
7935,2025-04-23,7:42,Wednesday,KIPLING STATION,MUIR,3,6,E,BD,5266
7936,2025-04-23,8:17,Wednesday,WARDEN STATION,MUSC,None,None,E,BD,5139
7937,2025-04-23,8:37,Wednesday,KENNEDY BD STATION,MUIRS,None,None,None,BD,None
7938,2025-04-23,8:41,Wednesday,OSSINGTON STATION,SUDP,None,None,W,BD,5157
7939,2025-04-23,9:01,Wednesday,SPADINA BD STATION,MUIS,None,None,None,BD,None
7940,2025-04-23,9:03,Wednesday,FINCH STATION,MUSAN,3,5,S,YU,5476
7941,2025-04-23,9:17,Wednesday,YORK MILLS STATION,TUO,6,8,S,YU,5856
7942,2025-04-23,9:17,Wednesday,YONGE BD STATION,MUIRS,None,None,W,BD,None
7943,2025-04-23,10:10,Wednesday,DUNDAS STATION,PUOPO,3,5,N,YU,5741
7944,2025-04-23,10:41,Wednesday,KENNEDY BD STATION,MUIS,None,None,None,BD,None
7945,2025-04-23,10:48,Wednesday,DAVISVILLE STATION,SUDP,7,10,S,YU,6056
7946,2025-04-23,11:17,Wednesday,ST ANDREW STATION,PUOPO,None,None,S,YU,5471
7947,2025-04-23,12:43,Wednesday,WILSON STATION,PUOPO,3,8,N,YU,6046
7948,2025-04-23,15:12,Wednesday,COLLEGE STATION,SUAE,None,None,N,YU,6131
7949,2025-04-23,16:04,Wednesday,KEELE STATION,MUSC,None,None,W,BD,5410
7950,2025-04-23,16:14,Wednesday,FINCH STATION,PUMEL,None,None,None,YU,None
7951,2025-04-23,16:19,Wednesday,SPADINA BD STATION,MUDD,None,None,W,BD,5167
7952,2025-04-23,16:25,Wednesday,CHRISTIE STATION,EUCD,3,6,W,BD,5167
7953,2025-04-23,16:30,Wednesday,SHERBOURNE STATION,PUMST,None,None,None,BD,None
7954,2025-04-23,17:34,Wednesday,BATHURST STATION,MUIS,None,None,None,BD,None
7955,2025-04-23,18:32,Wednesday,KEELE STATION,MUSC,None,None,E,BD,5227
7956,2025-04-23,19:17,Wednesday,BLOOR STATION,SUDP,None,None,S,YU,None
7957,2025-04-23,19:43,Wednesday,CHESTER STATION,MUIR,None,None,W,BD,5002
7958,2025-04-23,19:45,Wednesday,OSGOODE STATION,SUUT,None,None,S,YU,None
7959,2025-04-23,20:53,Wednesday,FINCH STATION,MUIS,4,8,None,YU,6106
7960,2025-04-23,20:57,Wednesday,YONGE BD STATION,SUDP,None,None,E,BD,5100
7961,2025-04-23,21:27,Wednesday,EGLINTON WEST STATION,SUDP,None,None,None,YU,None
7962,2025-04-23,21:32,Wednesday,EGLINTON STATION,SUDP,4,10,N,YU,6086
7963,2025-04-23,21:44,Wednesday,YONGE BD STATION,SUO,5,10,E,BD,5040
7964,2025-04-23,21:56,Wednesday,ST CLAIR STATION,SUDP,7,13,S,YU,5896
7965,2025-04-23,22:00,Wednesday,YONGE-UNIVERSITY AND B,MUO,None,None,None,YU/BD,None
7966,2025-04-23,22:09,Wednesday,COLLEGE STATION,SUAP,None,None,N,YU,5991
7967,2025-04-23,22:30,Wednesday,GREENWOOD CARHOUSE,SUG,None,None,None,None,None
7968,2025-04-23,22:34,Wednesday,COLLEGE STATION,SUO,3,9,N,YU,5766
7969,2025-04-23,23:00,Wednesday,LINE 2 BLOOR DANFORTH,MUCP,None,None,None,BD,None
7970,2025-04-23,0:20,Wednesday,ST GEORGE YUS STATION,SUO,None,None,N,YU,5901
7971,2025-04-23,0:20,Wednesday,ST GEORGE BD STATION,SUAP,None,None,W,BD,5064
7972,2025-04-23,0:40,Wednesday,WILSON YARD,PUTO,None,None,None,None,None
7973,2025-04-23,1:05,Wednesday,CHRISTIE STATION,PUMEL,None,None,E,BD,None
7974,2025-04-23,1:16,Wednesday,DONLANDS STATION,MUIS,None,None,None,BD,None
7975,2025-04-23,1:36,Wednesday,FINCH STATION,SUO,None,None,None,YU,None
7976,2025-04-23,1:39,Wednesday,CHESTER STATION,PUTOE,8,13,W,BD,5218
7977,2025-04-23,10:48,Wednesday,SHEPPARD-YONGE STATION,PUSSW,5,10,W,SHP,6176
7978,2025-04-23,11:19,Wednesday,BAYVIEW STATION,MUSC,None,None,W,SHP,6151
7979,2025-04-24,2:16,Thursday,ST GEORGE BD STATION,TUMVS,None,None,E,BD,5218
7980,2025-04-24,2:32,Thursday,FINCH STATION,MUIS,None,None,None,YU,None
7981,2025-04-24,5:16,Thursday,YORKDALE STATION,MUNCA,None,None,None,YU,None
7982,2025-04-24,5:38,Thursday,FINCH STATION,SUG,4,8,None,YU,5836
7983,2025-04-24,5:40,Thursday,FINCH STATION,SUG,4,8,S,YU,5591
7984,2025-04-24,5:42,Thursday,LANSDOWNE STATION,MUO,None,None,None,BD,None
7985,2025-04-24,5:50,Thursday,FINCH STATION,SUG,4,8,None,YU,6066
7986,2025-04-24,6:26,Thursday,ROSEDALE STATION,PUOPO,11,16,S,YU,5796
7987,2025-04-24,7:06,Thursday,FINCH STATION,PUOPO,None,None,S,YU,6046
7988,2025-04-24,7:09,Thursday,NORTH YORK CTR STATION,PUOPO,3,6,S,YU,6046
7989,2025-04-24,7:11,Thursday,DAVISVILLE YARD,SUG,None,None,None,YU,None
7990,2025-04-24,7:20,Thursday,COLLEGE STATION,EUATC,4,7,N,YU,5491
7991,2025-04-24,7:41,Thursday,WILSON STATION,MUIE,None,None,None,YU,None
7992,2025-04-24,8:05,Thursday,YONGE BD STATION,PUMST,None,None,None,BD,None
7993,2025-04-24,8:24,Thursday,LAWRENCE WEST STATION,PUMEL,None,None,None,YU,None
7994,2025-04-24,8:32,Thursday,QUEEN'S PARK STATION,PUOPO,4,6,S,YU,6111
7995,2025-04-24,8:33,Thursday,MAIN STREET STATION,MUIRS,None,None,W,BD,None
7996,2025-04-24,8:56,Thursday,CASTLE FRANK STATION,MUIRS,None,None,None,BD,None
7997,2025-04-24,9:40,Thursday,YONGE BD STATION,MUIS,None,None,None,BD,None
7998,2025-04-24,10:08,Thursday,QUEEN STATION,MUNCA,None,None,None,YU,None
7999,2025-04-24,10:20,Thursday,DONLANDS STATION,SUDP,None,None,None,BD,None
8000,2025-04-24,13:17,Thursday,HIGH PARK STATION,MUIE,None,None,None,BD,None
8001,2025-04-24,13:29,Thursday,WOODBINE STATION,MUIRS,None,None,None,BD,None
8002,2025-04-24,13:37,Thursday,HIGHWAY 407 STATION,PUMEL,None,None,None,YU,None
8003,2025-04-24,13:42,Thursday,KIPLING STATION,MUIRS,None,None,W,BD,5114
8004,2025-04-24,13:48,Thursday,OSSINGTON CENTRE TRACK,MUSC,4,8,E,BD,5137
8005,2025-04-24,13:50,Thursday,GREENWOOD STATION,MUNCA,None,None,None,BD,None
8006,2025-04-24,13:58,Thursday,FINCH STATION,MUIR,5,10,S,YU,5991
8007,2025-04-24,14:27,Thursday,ISLINGTON STATION,SUO,None,None,E,BD,5166
8008,2025-04-24,14:29,Thursday,ROYAL YORK STATION,MUO,3,6,E,BD,5166
8009,2025-04-24,14:33,Thursday,BLOOR STATION,MUIR,11,15,N,YU,5806
8010,2025-04-24,15:06,Thursday,BATHURST STATION,SUDP,None,None,None,BD,None
8011,2025-04-24,15:50,Thursday,DUFFERIN STATION,SUDP,None,None,W,BD,None
8012,2025-04-24,15:50,Thursday,DUFFERIN STATION,MUPAA,4,6,W,BD,5401
8013,2025-04-24,16:19,Thursday,KEELE STATION,MUSC,None,None,E,BD,5325
8014,2025-04-24,16:19,Thursday,ROSEDALE STATION,PUOPO,6,10,S,YU,5886
8015,2025-04-24,16:28,Thursday,FINCH STATION,MUPAA,None,None,S,YU,5471
8016,2025-04-24,16:52,Thursday,WILSON STATION,MUTO,6,10,N,YU,5996
8017,2025-04-24,16:55,Thursday,WILSON STATION,MUO,4,7,S,YU,5701
8018,2025-04-24,17:03,Thursday,YORKDALE STATION,MUO,6,9,S,YU,5701
8019,2025-04-24,17:04,Thursday,LANSDOWNE STATION,TUS,6,9,W,BD,5239
8020,2025-04-24,17:20,Thursday,ST ANDREW STATION,MUNCA,None,None,None,YU,None
8021,2025-04-24,17:20,Thursday,OSGOODE STATION,MUPAA,4,7,N,YU,5401
8022,2025-04-24,17:55,Thursday,DUNDAS STATION,MUNCA,None,None,None,YU,None
8023,2025-04-24,17:58,Thursday,KIPLING STATION,MUD,None,None,None,BD,5166
8024,2025-04-24,18:15,Thursday,EGLINTON WEST STATION,MUNCA,None,None,None,YU,None
8025,2025-04-24,18:48,Thursday,YORK UNIVERSITY STATIO,MUPAA,5,8,N,YU,5786
8026,2025-04-24,19:06,Thursday,KENNEDY BD STATION,SUAP,None,None,E,BD,5106
8027,2025-04-24,19:24,Thursday,WARDEN STATION,MUPAA,None,None,E,BD,5249
8028,2025-04-24,19:31,Thursday,FINCH STATION,SUAP,None,None,None,YU,None
8029,2025-04-24,19:32,Thursday,WARDEN STATION,PUMST,None,None,None,BD,None
8030,2025-04-24,19:47,Thursday,BATHURST STATION,SUO,None,None,W,BD,None
8031,2025-04-24,20:23,Thursday,EGLINTON WEST STATION,SUO,None,None,None,YU,None
8032,2025-04-24,20:25,Thursday,CHRISTIE STATION,MUNCA,None,None,None,BD,None
8033,2025-04-24,20:36,Thursday,DONLANDS STATION,EUSC,None,None,W,BD,5232
8034,2025-04-24,21:31,Thursday,BLOOR STATION,SUAP,None,None,N,YU,5831
8035,2025-04-24,21:32,Thursday,FINCH STATION,MUIS,None,None,None,YU,None
8036,2025-04-24,21:34,Thursday,YONGE BD STATION,SUO,None,None,E,BD,5272
8037,2025-04-24,21:52,Thursday,OSGOODE STATION,MUPAA,4,8,N,YU,5626
8038,2025-04-24,21:58,Thursday,EGLINTON WEST STATION,PUMEL,None,None,None,YU,None
8039,2025-04-24,22:00,Thursday,YONGE-UNIVERSITY AND B,MUO,None,None,None,YU/BD,None
8040,2025-04-24,22:04,Thursday,DONLANDS STATION,SUDP,None,None,E,BD,5111
8041,2025-04-24,22:19,Thursday,ROYAL YORK STATION,SUDP,5,10,W,BD,5064
8042,2025-04-24,22:48,Thursday,VICTORIA PARK STATION,MUIRS,None,None,None,BD,None
8043,2025-04-24,22:48,Thursday,UNION STATION,PUOPO,None,None,N,YU,5446
8044,2025-04-24,23:00,Thursday,EA BLOOR DANFORTH OSSI,MUCP,None,None,None,BD,None
8045,2025-04-24,23:12,Thursday,PIONEER VILLAGE STATIO,SUDP,3,9,N,YU,6081
8046,2025-04-24,23:16,Thursday,EGLINTON WEST STATION,MUIS,None,None,None,YU,None
8047,2025-04-24,23:17,Thursday,YONGE BD STATION,MUDD,5,10,W,BD,5114
8048,2025-04-24,0:52,Thursday,WARDEN STATION,SUDP,None,None,None,BD,None
8049,2025-04-24,1:10,Thursday,GREENWOOD YARD,SUG,None,None,None,BD,5266
8050,2025-04-24,1:27,Thursday,JANE STATION,SUUT,None,None,E,BD,None
8051,2025-04-24,1:50,Thursday,BROADVIEW STATION,MUIS,None,None,None,BD,None
8052,2025-04-24,13:32,Thursday,SHEPPARD-YONGE STATION,MUTD,3,8,None,SHP,6196
8053,2025-04-24,13:42,Thursday,SHEPPARD-YONGE STATION,MUD,4,9,E,SHP,6161
8054,2025-04-24,17:38,Thursday,DON MILLS STATION,MUTD,None,None,E,SHP,6176
8055,2025-04-25,4:29,Friday,KEELE STATION,MUIE,None,None,None,BD,None
8056,2025-04-25,5:48,Friday,ST CLAIR STATION,MUO,4,None,S,YU,5441
8057,2025-04-25,6:26,Friday,DONLANDS STATION,EUNT,3,5,W,BD,5301
8058,2025-04-25,7:42,Friday,YONGE BD STATION,MUI,5,7,E,BD,5166
8059,2025-04-25,8:03,Friday,OLD MILL STATION,TUMVS,None,None,E,BD,5107
8060,2025-04-25,8:09,Friday,COXWELL STATION,MUIS,None,None,None,BD,None
8061,2025-04-25,8:25,Friday,OLD MILL STATION,TUMVS,None,None,E,BD,5077
8062,2025-04-25,8:44,Friday,COLLEGE STATION,EUATC,3,5,N,YU,5491
8063,2025-04-25,9:40,Friday,DUNDAS WEST STATION,MUSC,None,None,E,BD,5111
8064,2025-04-25,9:43,Friday,QUEEN STATION,SUAP,None,None,None,YU,None
8065,2025-04-25,9:50,Friday,KEELE STATION,MUSC,3,5,E,BD,5315
8066,2025-04-25,10:03,Friday,FINCH STATION,MUPAA,None,None,S,YU,5436
8067,2025-04-25,10:10,Friday,FINCH STATION,SUO,None,None,None,YU,None
8068,2025-04-25,10:42,Friday,BROADVIEW STATION,SUDP,None,None,None,BD,None
8069,2025-04-25,10:56,Friday,DUNDAS WEST STATION,MUIRS,3,7,E,BD,5245
8070,2025-04-25,11:30,Friday,KENNEDY BD STATION,PUSTC,None,None,W,BD,5126
8071,2025-04-25,12:07,Friday,KIPLING STATION,EUSC,None,None,E,BD,5341
8072,2025-04-25,12:23,Friday,BROADVIEW STATION,PUMO,None,None,None,BD,None
8073,2025-04-25,12:23,Friday,DONLANDS STATION,MUIR,6,10,W,BD,5321
8074,2025-04-25,12:34,Friday,GREENWOOD WYE,EUNT,10,14,W,BD,5053
8075,2025-04-25,12:43,Friday,UNION STATION,SUDP,None,None,None,YU,None
8076,2025-04-25,12:53,Friday,PAPE STATION,MUDD,14,18,E,BD,5215
8077,2025-04-25,12:54,Friday,UNION STATION,MUSAN,5,10,S,YU,5736
8078,2025-04-25,13:46,Friday,SPADINA YUS STATION,PUMST,None,None,None,YU,None
8079,2025-04-25,14:13,Friday,DUFFERIN STATION,EUVA,3,7,W,BD,5011
8080,2025-04-25,14:22,Friday,VICTORIA PARK STATION,MUI,9,13,E,BD,5172
8081,2025-04-25,14:28,Friday,VMC STATION,SUO,4,8,S,YU,5976
8082,2025-04-25,14:51,Friday,SPADINA BD STATION,MUNCA,None,None,None,BD,None
8083,2025-04-25,14:57,Friday,FINCH STATION,MUSAN,4,8,N,YU,5841
8084,2025-04-25,15:10,Friday,ST CLAIR STATION,SUUT,None,None,S,YU,5656
8085,2025-04-25,15:17,Friday,KIPLING STATION,TUO,None,None,W,BD,5272
8086,2025-04-25,15:37,Friday,BAY STATION,SUDP,None,None,None,BD,None
8087,2025-04-25,15:54,Friday,ST CLAIR STATION,MUTO,4,8,N,YU,5976
8088,2025-04-25,16:43,Friday,YONGE BD STATION,MUO,3,6,W,BD,5035
8089,2025-04-25,16:49,Friday,DAVISVILLE STATION,PUMEL,None,None,None,YU,None
8090,2025-04-25,17:27,Friday,HIGH PARK STATION,SUAP,None,None,W,BD,5057
8091,2025-04-25,17:30,Friday,EGLINTON WEST STATION,MUNCA,None,None,None,YU,None
8092,2025-04-25,17:36,Friday,DUPONT STATION,MUDD,6,9,S,YU,5911
8093,2025-04-25,17:52,Friday,EGLINTON WEST STATION,MUPAA,3,6,N,YU,6111
8094,2025-04-25,17:54,Friday,SHEPPARD STATION,MUIS,None,None,N,YU,5796
8095,2025-04-25,18:06,Friday,VMC STATION,PUOPO,None,None,S,YU,5621
8096,2025-04-25,18:09,Friday,RUNNYMEDE STATION,SUDP,None,None,W,BD,5100
8097,2025-04-25,18:28,Friday,FINCH STATION,MUSAN,3,5,S,YU,5901
8098,2025-04-25,18:31,Friday,LAWRENCE STATION,MUPAA,5,7,S,YU,5786
8099,2025-04-25,18:34,Friday,SHEPPARD STATION,PUOPO,4,6,N,YU,5896
8100,2025-04-25,18:40,Friday,MAIN STREET STATION,PUMEL,None,None,None,BD,None
8101,2025-04-25,18:44,Friday,KEELE STATION,MUIS,None,None,None,BD,None
8102,2025-04-25,18:48,Friday,UNION STATION,MUIS,None,None,None,YU,None
8103,2025-04-25,19:08,Friday,UNION STATION,SUDP,4,6,S,YU,5901
8104,2025-04-25,19:09,Friday,WARDEN STATION,TUO,None,None,E,BD,5048
8105,2025-04-25,19:59,Friday,COXWELL STATION,MUNCA,None,None,None,BD,None
8106,2025-04-25,20:41,Friday,OLD MILL STATION,SUO,None,None,W,BD,5001
8107,2025-04-25,22:00,Friday,YONGE-UNIVERSITY AND B,MUO,None,None,None,YU/BD,None
8108,2025-04-25,22:55,Friday,ST GEORGE BD STATION,SUUT,None,None,W,BD,None
8109,2025-04-25,23:00,Friday,EA BLOOR DANFORTH OSSI,MUCP,None,None,None,BD,None
8110,2025-04-25,23:30,Friday,ST ANDREW STATION,MUNCA,None,None,None,YU,None
8111,2025-04-25,23:34,Friday,HIGH PARK STATION,PUTOE,None,None,E,BD,None
8112,2025-04-25,0:22,Friday,BLOOR STATION,MUIS,None,None,None,YU,None
8113,2025-04-25,0:40,Friday,UNION STATION,SUROB,None,None,None,YU,None
8114,2025-04-25,0:58,Friday,ST CLAIR STATION,SUUT,None,None,N,YU,5836
8115,2025-04-25,1:05,Friday,DUNDAS STATION,SUUT,11,17,S,YU,5771
8116,2025-04-25,1:06,Friday,CHRISTIE STATION,SUUT,None,None,E,BD,5048
8117,2025-04-25,1:38,Friday,QUEEN'S PARK STATION,SUG,None,None,None,YU,5866
8118,2025-04-25,1:47,Friday,KENNEDY BD STATION,MUIS,None,None,None,BD,None
8119,2025-04-25,1:53,Friday,EGLINTON STATION,SUO,None,None,None,YU,None
8120,2025-04-25,1:57,Friday,DUNDAS STATION,MUIS,None,None,None,YU,None
8121,2025-04-25,10:39,Friday,DON MILLS STATION,PUTWZ,7,12,None,SHP,6191
8122,2025-04-25,14:49,Friday,DON MILLS STATION,SUDP,None,None,None,SHP,None
8123,2025-04-26,2:00,Saturday,DUNDAS WEST STATION,MUWR,None,None,None,BD,None
8124,2025-04-26,2:01,Saturday,KENNEDY BD STATION,MUIRS,None,None,None,BD,None
8125,2025-04-26,2:18,Saturday,KENNEDY BD STATION,SUAP,None,None,None,BD,None
8126,2025-04-26,2:33,Saturday,VMC STATION,SUDP,None,None,S,YU,6091
8127,2025-04-26,5:10,Saturday,FINCH STATION,MUNCA,None,None,None,YU,None
8128,2025-04-26,5:11,Saturday,VICTORIA PARK STATION,MUIS,None,None,None,BD,None
8129,2025-04-26,5:15,Saturday,JANE STATION,MUNCA,None,None,None,BD,None
8130,2025-04-26,5:40,Saturday,DUPONT STATION,MUNCA,None,None,None,YU,None
8131,2025-04-26,5:52,Saturday,LAWRENCE STATION,PUOPO,20,25,S,YU,5616
8132,2025-04-26,6:00,Saturday,LINE 2 BLOOR DANFORTH,MUCP,None,None,None,BD,None
8133,2025-04-26,6:17,Saturday,LAWRENCE STATION,PUOPO,6,12,S,YU,5516
8134,2025-04-26,6:55,Saturday,KIPLING STATION,MUIS,None,None,None,BD,None
8135,2025-04-26,7:38,Saturday,WARDEN STATION,PUSTS,None,None,E,BD,5051
8136,2025-04-26,8:18,Saturday,WARDEN STATION,PUSTS,None,None,E,BD,5341
8137,2025-04-26,8:33,Saturday,JANE STATION,MUI,30,35,W,BD,5111
8138,2025-04-26,8:34,Saturday,PIONEER VILLAGE STATIO,PUOPO,None,None,S,YU,5421
8139,2025-04-26,8:57,Saturday,KENNEDY BD STATION,MUDD,3,9,W,BD,5181
8140,2025-04-26,9:06,Saturday,LAWRENCE STATION,PUOPO,3,9,S,YU,5401
8141,2025-04-26,9:51,Saturday,SPADINA BD STATION,EUSC,None,None,E,BD,5023
8142,2025-04-26,10:02,Saturday,WARDEN STATION,PUSTS,None,None,E,BD,5341
8143,2025-04-26,11:23,Saturday,ST ANDREW STATION,SUO,5,9,N,YU,5546
8144,2025-04-26,11:26,Saturday,SHERBOURNE STATION,PUMST,None,None,None,BD,None
8145,2025-04-26,11:29,Saturday,LAWRENCE STATION,SUDP,7,11,S,YU,5576
8146,2025-04-26,11:44,Saturday,DAVISVILLE STATION,SUDP,None,None,S,YU,5576
8147,2025-04-26,12:30,Saturday,FINCH WEST STATION,PUMEL,None,None,None,YU,None
8148,2025-04-26,12:38,Saturday,BROADVIEW STATION,MUIS,None,None,None,BD,None
8149,2025-04-26,13:01,Saturday,JANE STATION TO KIPLIN,MUCP,None,None,B,BD,None
8150,2025-04-26,13:08,Saturday,BATHURST STATION,MUIS,None,None,None,BD,None
8151,2025-04-26,13:15,Saturday,QUEEN STATION,MUI,5,9,S,YU,5426
8152,2025-04-26,13:30,Saturday,GREENWOOD YARD,MUPLB,None,None,None,BD,None
8153,2025-04-26,13:44,Saturday,NORTH YORK CTR STATION,PUOPO,None,None,S,YU,5556
8154,2025-04-26,14:03,Saturday,BLOOR STATION,MUIR,None,None,N,YU,5836
8155,2025-04-26,14:06,Saturday,BROADVIEW STATION,MUIRS,None,None,E,BD,None
8156,2025-04-26,14:08,Saturday,SHEPPARD STATION,SUDP,3,7,N,YU,5681
8157,2025-04-26,14:14,Saturday,COLLEGE STATION,SUUT,None,None,N,YU,5946
8158,2025-04-26,15:18,Saturday,SHEPPARD WEST STATION,SUDP,None,None,None,YU,None
8159,2025-04-26,15:50,Saturday,LANSDOWNE STATION,SUDP,None,None,E,BD,5232
8160,2025-04-26,16:00,Saturday,SOUTH HOSTLER,TUNOA,5,9,S,YU,5886
8161,2025-04-26,16:05,Saturday,WILSON YARD,TUNOA,5,9,S,YU,5871
8162,2025-04-26,16:10,Saturday,SOUTH HOSTLER,TUNOA,5,9,S,YU,5646
8163,2025-04-26,16:42,Saturday,JANE STATION,SUAP,None,None,None,BD,None
8164,2025-04-26,16:43,Saturday,KEELE STATION,MUIE,None,None,None,BD,None
8165,2025-04-26,17:16,Saturday,COXWELL STATION,MUNCA,None,None,None,BD,None
8166,2025-04-26,17:50,Saturday,DOWNSVIEW PARK STATION,MUIS,None,None,None,YU,None
8167,2025-04-26,18:28,Saturday,SHEPPARD WEST STATION,MUNCA,None,None,None,YU,None
8168,2025-04-26,19:01,Saturday,KENNEDY BD STATION,TUSC,None,None,E,BD,5305
8169,2025-04-26,20:22,Saturday,ST CLAIR WEST STATION,MUPAA,None,None,S,YU,5966
8170,2025-04-26,20:24,Saturday,ST CLAIR WEST STATION,PUMEL,None,None,N,YU,None
8171,2025-04-26,20:40,Saturday,DUNDAS WEST STATION,EUSC,None,None,W,BD,5134
8172,2025-04-26,21:12,Saturday,FINCH WEST STATION,SUDP,4,9,S,YU,5571
8173,2025-04-26,22:00,Saturday,YONGE-UNIVERSITY AND B,MUO,None,None,None,YU/BD,None
8174,2025-04-26,22:05,Saturday,FINCH STATION,PUOPO,None,None,S,YU,6136
8175,2025-04-26,22:22,Saturday,KENNEDY BD STATION,MUI,5,10,W,BD,5129
8176,2025-04-26,22:28,Saturday,DAVISVILLE STATION,MUSAN,None,None,N,YU,5511
8177,2025-04-26,23:20,Saturday,WILSON STATION,MUIE,None,None,None,YU,None
8178,2025-04-26,1:19,Saturday,DAVISVILLE STATION,SUUT,None,None,S,YU,5556
8179,2025-04-26,1:36,Saturday,YONGE BD STATION,MUIS,None,None,E,BD,None
8180,2025-04-26,6:44,Saturday,DON MILLS STATION,TUSC,None,None,E,SHP,6141
8181,2025-04-26,8:11,Saturday,DON MILLS STATION,TUMVS,None,None,E,SHP,6141
8182,2025-04-26,9:05,Saturday,BESSARION STATION,TUOS,6,11,E,SHP,6156
8183,2025-04-26,9:39,Saturday,BAYVIEW STATION,MUSC,None,None,E,SHP,6141
8184,2025-04-26,12:13,Saturday,DON MILLS STATION,MUPAA,3,8,W,SHP,6151
8185,2025-04-26,22:14,Saturday,BAYVIEW STATION,PUOPO,3,8,E,SHP,5176
8186,2025-04-26,1:29,Saturday,LESLIE STATION,MUIS,None,None,None,SHP,None
8187,2025-04-27,2:08,Sunday,VMC STATION,MUIR,None,None,None,YU,5951
8188,2025-04-27,2:08,Sunday,FINCH STATION,MUI,None,None,None,YU,6011
8189,2025-04-27,2:09,Sunday,BATHURST STATION,TUSC,None,None,W,BD,5048
8190,2025-04-27,2:23,Sunday,KIPLING STATION,SUSA,None,None,None,BD,None
8191,2025-04-27,7:42,Sunday,WILSON STATION,PUTWZ,78,None,S,YU,5491
8192,2025-04-27,7:45,Sunday,SHEPPARD WEST STATION,PUTWZ,35,None,N,YU,6021
8193,2025-04-27,7:45,Sunday,SHERBOURNE STATION,MUNCA,None,None,None,BD,None
8194,2025-04-27,7:59,Sunday,KIPLING STATION,MUCP,None,None,None,BD,None
8195,2025-04-27,8:00,Sunday,KENNEDY BD STATION,MUPAA,3,None,W,BD,5296
8196,2025-04-27,8:04,Sunday,VMC STATION,PUTWZ,6,12,S,YU,6096
8197,2025-04-27,8:16,Sunday,SPADINA BD STATION,SUUT,3,8,E,BD,5140
8198,2025-04-27,9:00,Sunday,TORONTO TRANSIT COMMIS,MUO,None,None,None,YU,None
8199,2025-04-27,9:00,Sunday,TORONTO TRANSIT COMMIS,MUO,None,None,None,BD,None
8200,2025-04-27,9:53,Sunday,ST GEORGE BD STATION,TUSC,None,None,W,BD,5226
8201,2025-04-27,10:02,Sunday,BATHURST STATION,PUMEL,None,None,None,BD,None
8202,2025-04-27,10:05,Sunday,ISLINGTON CENTRE TRACK,SUG,None,None,None,BD,None
8203,2025-04-27,10:23,Sunday,YORK MILLS STATION,SUAP,None,None,None,YU,None
8204,2025-04-27,11:12,Sunday,KING STATION,MUPAA,5,9,S,YU,5921
8205,2025-04-27,12:08,Sunday,PAPE STATION,SUG,None,None,W,BD,None
8206,2025-04-27,12:30,Sunday,DAVISVILLE STATION,MUNCA,None,None,None,YU,None
8207,2025-04-27,13:19,Sunday,WELLESLEY STATION,SUDP,3,7,S,YU,5386
8208,2025-04-27,13:58,Sunday,SPADINA BD STATION,MUIR,None,None,E,BD,5011
8209,2025-04-27,14:24,Sunday,SHEPPARD STATION,MUPAA,None,None,N,YU,5841
8210,2025-04-27,14:29,Sunday,PIONEER VILLAGE STATIO,SUDP,10,14,N,YU,6136
8211,2025-04-27,14:31,Sunday,LAWRENCE STATION,PUOPO,None,None,N,YU,5701
8212,2025-04-27,14:39,Sunday,ST CLAIR STATION,MUIS,None,None,None,YU,None
8213,2025-04-27,15:12,Sunday,CHRISTIE STATION,MUPAA,3,8,E,BD,5054
8214,2025-04-27,15:35,Sunday,COLLEGE STATION,SUAP,17,21,N,YU,5781
8215,2025-04-27,15:46,Sunday,VICTORIA PARK STATION,MUPLB,13,18,W,BD,5296
8216,2025-04-27,15:52,Sunday,LANSDOWNE STATION,MUIE,None,None,None,BD,None
8217,2025-04-27,16:08,Sunday,LANSDOWNE STATION,PUMEL,None,None,None,BD,None
8218,2025-04-27,16:10,Sunday,WARDEN STATION,MUIRS,None,None,None,BD,None
8219,2025-04-27,16:15,Sunday,BROADVIEW STATION,MUD,4,9,E,BD,5051
8220,2025-04-27,16:19,Sunday,QUEEN'S PARK STATION,MUIS,None,None,None,YU,None
8221,2025-04-27,16:47,Sunday,JANE STATION,PUMO,None,None,None,BD,None
8222,2025-04-27,17:03,Sunday,JANE STATION,PUMEL,None,None,None,BD,None
8223,2025-04-27,17:30,Sunday,HIGH PARK STATION,SUUT,4,9,W,BD,5038
8224,2025-04-27,17:39,Sunday,JANE STATION,SUDP,8,13,W,BD,5126
8225,2025-04-27,18:28,Sunday,GREENWOOD STATION,SUDP,None,None,None,BD,None
8226,2025-04-27,18:44,Sunday,HIGH PARK STATION,MUNCA,None,None,None,BD,None
8227,2025-04-27,19:11,Sunday,VICTORIA PARK STATION,MUIS,None,None,None,BD,None
8228,2025-04-27,20:36,Sunday,EGLINTON STATION,SUO,None,None,S,YU,5381
8229,2025-04-27,20:46,Sunday,YONGE BD STATION,SUO,None,None,E,BD,5077
8230,2025-04-27,20:49,Sunday,BLOOR STATION,SUO,None,None,S,YU,5791
8231,2025-04-27,20:50,Sunday,CASTLE FRANK STATION,SUDP,None,None,W,BD,None
8232,2025-04-27,21:26,Sunday,BROADVIEW STATION,SUO,None,None,E,BD,5113
8233,2025-04-27,22:00,Sunday,YONGE-UNIVERSITY AND B,MUO,None,None,None,YU/BD,None
8234,2025-04-27,22:16,Sunday,LAWRENCE WEST STATION,MUIRS,None,None,None,YU,None
8235,2025-04-27,22:55,Sunday,GREENWOOD YARD,SUG,None,None,None,BD,5355
8236,2025-04-27,1:02,Sunday,ROYAL YORK STATION,SUDP,None,None,None,BD,None
8237,2025-04-27,1:25,Sunday,EGLINTON STATION,SUDP,None,None,None,YU,None
8238,2025-04-27,9:00,Sunday,TORONTO TRANSIT COMMIS,MUO,None,None,None,SHP,None
8239,2025-04-28,2:10,Monday,EGLINTON WEST STATION,SUAE,None,None,S,YU,None
8240,2025-04-28,3:04,Monday,RUNNYMEDE STATION,MUNCA,None,None,None,BD,None
8241,2025-04-28,4:44,Monday,BATHURST STATION,MUNCA,None,None,None,BD,None
8242,2025-04-28,5:00,Monday,EGLINTON STATION,MUNCA,None,None,None,YU,None
8243,2025-04-28,5:15,Monday,NORTH YORK CTR STATION,MUNCA,None,None,None,YU,None
8244,2025-04-28,5:25,Monday,JANE STATION,MUNCA,None,None,None,BD,None
8245,2025-04-28,5:25,Monday,QUEEN STATION,MUNCA,None,None,None,YU,None
8246,2025-04-28,5:35,Monday,BROADVIEW STATION,MUNCA,None,None,None,BD,None
8247,2025-04-28,5:35,Monday,DUNDAS STATION,MUNCA,None,None,None,YU,None
8248,2025-04-28,5:35,Monday,WELLESLEY STATION,MUNCA,None,None,None,YU,None
8249,2025-04-28,5:38,Monday,FINCH STATION,TUATC,4,8,S,YU,6011
8250,2025-04-28,5:59,Monday,KING STATION,PUTR,10,None,S,YU,5741
8251,2025-04-28,6:15,Monday,ST GEORGE YUS STATION,PUOPO,None,None,S,YU,5416
8252,2025-04-28,6:18,Monday,UNION STATION,EUDO,3,8,N,YU,6106
8253,2025-04-28,6:19,Monday,MUSEUM STATION,PUOPO,6,11,S,YU,5416
8254,2025-04-28,6:59,Monday,ST GEORGE YUS STATION,TUSUP,19,24,N,YU,5411
8255,2025-04-28,7:01,Monday,BATHURST STATION,SUO,None,None,E,BD,None
8256,2025-04-28,7:33,Monday,ST GEORGE YUS STATION,MUIS,None,None,S,YU,None
8257,2025-04-28,7:45,Monday,KENNEDY BD STATION,SUDP,None,None,None,BD,None
8258,2025-04-28,8:01,Monday,RUNNYMEDE STATION,PUMEL,None,None,None,BD,None
8259,2025-04-28,8:17,Monday,ST GEORGE BD STATION,SUDP,3,5,E,BD,5139
8260,2025-04-28,8:33,Monday,ST CLAIR STATION,MUIR,9,11,S,YU,6071
8261,2025-04-28,8:35,Monday,EGLINTON STATION,MUPAA,3,5,N,YU,6096
8262,2025-04-28,8:51,Monday,VICTORIA PARK STATION,SUDP,None,None,None,BD,None
8263,2025-04-28,8:56,Monday,DAVISVILLE STATION,MUIS,None,None,None,YU,None
8264,2025-04-28,9:05,Monday,KIPLING STATION,EUSC,None,None,E,BD,5272
8265,2025-04-28,10:07,Monday,UNION STATION,PUSNT,8,10,N,YU,5481
8266,2025-04-28,10:25,Monday,KEELE STATION,MUSC,None,None,E,BD,5139
8267,2025-04-28,12:28,Monday,ST CLAIR STATION,PUOPO,7,12,S,YU,5421
8268,2025-04-28,12:34,Monday,OLD MILL STATION,SUO,None,None,None,BD,None
8269,2025-04-28,13:37,Monday,BLOOR STATION,MUIS,None,None,S,YU,None
8270,2025-04-28,13:56,Monday,QUEEN STATION,MUNCA,None,None,None,YU,None
8271,2025-04-28,14:01,Monday,DUNDAS STATION,MUNCA,None,None,None,YU,None
8272,2025-04-28,14:36,Monday,FINCH STATION,SUG,4,8,S,YU,6096
8273,2025-04-28,14:37,Monday,DUNDAS STATION,MUIS,None,None,None,YU,None
8274,2025-04-28,14:48,Monday,LAWRENCE STATION,PUOPO,None,None,N,YU,5541
8275,2025-04-28,15:10,Monday,GREENWOOD STATION,MUNCA,None,None,None,BD,None
8276,2025-04-28,15:30,Monday,KENNEDY BD STATION,SUO,None,None,E,BD,None
8277,2025-04-28,15:32,Monday,DUNDAS STATION,MUNCA,None,None,None,YU,None
8278,2025-04-28,15:39,Monday,BATHURST STATION,MUD,None,None,W,BD,5029
8279,2025-04-28,15:49,Monday,KENNEDY BD STATION,SUO,None,None,None,BD,5031
8280,2025-04-28,16:20,Monday,ST GEORGE BD STATION,MUPAA,None,None,W,BD,5277
8281,2025-04-28,16:30,Monday,KIPLING STATION,MUPAA,3,6,W,BD,5121
8282,2025-04-28,17:06,Monday,EGLINTON WEST STATION,PUOPO,None,None,N,YU,5721
8283,2025-04-28,17:14,Monday,DAVISVILLE STATION,PUOPO,None,None,S,YU,5861
8284,2025-04-28,17:18,Monday,ST CLAIR STATION,PUOPO,5,8,S,YU,5861
8285,2025-04-28,17:18,Monday,COLLEGE STATION,PUOPO,7,10,N,YU,5891
8286,2025-04-28,17:23,Monday,RUNNYMEDE STATION,TUNCA,None,None,None,BD,None
8287,2025-04-28,17:30,Monday,BROADVIEW STATION,SUO,None,None,E,BD,5183
8288,2025-04-28,17:30,Monday,KENNEDY BD STATION,PUMST,None,None,None,BD,None
8289,2025-04-28,17:32,Monday,KENNEDY BD STATION,SUO,None,None,None,BD,None
8290,2025-04-28,17:34,Monday,VMC STATION,MUSAN,5,8,S,YU,5736
8291,2025-04-28,17:50,Monday,NORTH YORK CTR STATION,PUOPO,5,8,N,YU,5891
8292,2025-04-28,17:55,Monday,SHEPPARD WEST STATION,MUIS,None,None,None,YU,None
8293,2025-04-28,17:56,Monday,WARDEN STATION,MUIR,4,7,W,BD,5111
8294,2025-04-28,18:05,Monday,ST GEORGE BD STATION,PUMEL,None,None,None,BD,None
8295,2025-04-28,18:09,Monday,NORTH YORK CTR STATION,PUOPO,5,8,N,YU,6016
8296,2025-04-28,18:11,Monday,BROADVIEW STATION,MUPAA,None,None,E,BD,5301
8297,2025-04-28,18:15,Monday,NORTH YORK CTR STATION,PUOPO,5,8,N,YU,5471
8298,2025-04-28,18:22,Monday,VICTORIA PARK STATION,PUSSW,3,6,W,BD,5181
8299,2025-04-28,18:36,Monday,VICTORIA PARK STATION,PUSSW,48,51,E,BD,5197
8300,2025-04-28,18:40,Monday,VICTORIA PARK STATION,MUIS,None,None,None,BD,None
8301,2025-04-28,19:48,Monday,EGLINTON STATION,SUDP,None,None,None,YU,None
8302,2025-04-28,19:56,Monday,WARDEN STATION,TUMVS,None,None,W,BD,5111
8303,2025-04-28,20:08,Monday,DUNDAS WEST STATION,SUO,None,None,None,BD,None
8304,2025-04-28,20:20,Monday,ST GEORGE BD STATION,PUMST,None,None,None,BD,None
8305,2025-04-28,21:34,Monday,VMC STATION,SUO,None,None,S,YU,None
8306,2025-04-28,21:34,Monday,ST GEORGE YUS STATION,SUDP,None,None,None,YU,None
8307,2025-04-28,21:50,Monday,QUEEN'S PARK STATION,MUIRS,None,None,None,YU,6076
8308,2025-04-28,22:00,Monday,YONGE-UNIVERSITY AND B,MUO,None,None,None,YU/BD,None
8309,2025-04-28,23:00,Monday,YONGE-UNIVERSITY AND B,MUCP,None,None,None,YUS,None
8310,2025-04-28,23:00,Monday,LINE 2 BLOOR-DANFORTH,MUCP,None,None,None,BD,None
8311,2025-04-28,23:10,Monday,KENNEDY BD STATION,MUIE,None,None,None,BD,None
8312,2025-04-28,23:19,Monday,YONGE BD STATION,SUDP,7,14,W,BD,5031
8313,2025-04-28,23:22,Monday,MUSEUM STATION,MUIRS,None,None,None,YU,None
8314,2025-04-28,23:23,Monday,ST CLAIR STATION,MUIS,None,None,N,YU,None
8315,2025-04-28,0:14,Monday,SHEPPARD WEST STATION,MUSAN,6,12,S,YU,5406
8316,2025-04-28,0:47,Monday,YONGE BD STATION,MUIS,None,None,None,BD,None
8317,2025-04-28,0:52,Monday,EGLINTON STATION,MUIRS,None,None,None,YU,None
8318,2025-04-28,1:22,Monday,ISLINGTON STATION,MUPR1,48,53,W,BD,5070
8319,2025-04-28,1:43,Monday,PIONEER VILLAGE STATIO,MUIS,None,None,None,YU,None
8320,2025-04-28,2:04,Monday,LESLIE STATION,MUIS,None,None,None,SHP,None
8321,2025-04-28,2:53,Monday,LESLIE STATION,MUNCA,None,None,None,SHP,None
8322,2025-04-28,9:57,Monday,DON MILLS STATION,TUSC,None,None,E,SHP,6141
8323,2025-04-28,18:56,Monday,DON MILLS STATION,PUSNT,None,None,W,SHP,6196
8324,2025-04-28,22:40,Monday,DON MILLS STATION,PUSNT,None,None,W,SHP,6171
8325,2025-04-29,5:48,Tuesday,EGLINTON STATION,EUYRD,5,10,N,YU,5786
8326,2025-04-29,5:54,Tuesday,DAVISVILLE BUILD-UP,SUG,None,None,None,YU,6021
8327,2025-04-29,5:59,Tuesday,KING STATION,PUTWZ,8,None,S,YU,5876
8328,2025-04-29,6:06,Tuesday,KIPLING STATION,MUO,5,10,E,BD,5360
8329,2025-04-29,6:07,Tuesday,SPADINA YUS STATION,MUIRS,None,None,S,YU,6016
8330,2025-04-29,6:16,Tuesday,DAVISVILLE STATION,PUATC,3,7,S,YU,5421
8331,2025-04-29,6:27,Tuesday,DONLANDS STATION,PUTWZ,4,None,E,BD,5341
8332,2025-04-29,6:53,Tuesday,FINCH STATION,SUDP,None,None,None,YU,None
8333,2025-04-29,7:12,Tuesday,SHEPPARD STATION,SUDP,3,6,S,YU,5466
8334,2025-04-29,7:14,Tuesday,GREENWOOD STATION,EUNT,3,7,W,BD,5360
8335,2025-04-29,8:22,Tuesday,DUNDAS WEST STATION,PUMEL,None,None,None,BD,None
8336,2025-04-29,8:41,Tuesday,SHEPPARD STATION,SUDP,None,None,None,YU,None
8337,2025-04-29,8:53,Tuesday,YONGE BD STATION,SUDP,None,None,None,BD,None
8338,2025-04-29,8:54,Tuesday,HIGH PARK STATION,PUMEL,None,None,None,BD,None
8339,2025-04-29,8:56,Tuesday,VMC STATION,MUIRS,None,None,None,YU,None
8340,2025-04-29,9:29,Tuesday,BROADVIEW STATION,SUDP,None,None,W,BD,5089
8341,2025-04-29,9:37,Tuesday,LANSDOWNE STATION,MUIR,6,9,E,BD,5133
8342,2025-04-29,9:51,Tuesday,ROYAL YORK STATION,MUNCA,None,None,None,BD,None
8343,2025-04-29,9:55,Tuesday,HIGHWAY 407 STATION,PUOPO,4,9,S,YU,5886
8344,2025-04-29,10:27,Tuesday,DUFFERIN STATION,SUUT,7,11,W,BD,5271
8345,2025-04-29,11:26,Tuesday,GREENWOOD CARHOUSE,SUG,None,None,None,BD,5108
8346,2025-04-29,11:57,Tuesday,DUNDAS WEST STATION,SUO,None,None,None,BD,None
8347,2025-04-29,12:01,Tuesday,ISLINGTON STATION,PUTDN,6,10,W,BD,5124
8348,2025-04-29,12:06,Tuesday,KIPLING STATION,SUDP,4,8,E,BD,5296
8349,2025-04-29,12:29,Tuesday,SHEPPARD STATION,SUO,None,None,S,YU,None
8350,2025-04-29,12:31,Tuesday,WELLESLEY STATION,MUNCA,None,None,None,YU,None
8351,2025-04-29,12:34,Tuesday,COLLEGE STATION,SUDP,None,None,None,YU,None
8352,2025-04-29,13:29,Tuesday,ST CLAIR STATION,MUIR,4,9,N,YU,5566
8353,2025-04-29,14:03,Tuesday,JANE STATION,PUTIJ,3,7,W,BD,5081
8354,2025-04-29,14:41,Tuesday,ST ANDREW STATION,MUI,22,27,N,YU,5556
8355,2025-04-29,15:01,Tuesday,YONGE BD STATION,SUO,None,None,E,BD,5357
8356,2025-04-29,15:02,Tuesday,BLOOR STATION,SUO,None,None,N,YU,5401
8357,2025-04-29,15:20,Tuesday,SPADINA YUS STATION,MUO,None,None,None,YU,None
8358,2025-04-29,15:31,Tuesday,GREENWOOD STATION,MUO,None,None,None,BD,None
8359,2025-04-29,15:38,Tuesday,KEELE STATION,TUNIP,3,6,W,BD,5089
8360,2025-04-29,15:42,Tuesday,PAPE STATION,SUSA,None,None,None,BD,None
8361,2025-04-29,16:12,Tuesday,KEELE STATION,MUSC,None,None,E,BD,5181
8362,2025-04-29,16:33,Tuesday,JANE STATION,TUOS,4,7,W,BD,5804
8363,2025-04-29,16:49,Tuesday,BATHURST STATION,MUPAA,None,None,E,BD,5357
8364,2025-04-29,16:53,Tuesday,BLOOR DANFORTH SUBWAY,MUWEA,None,None,None,BD,None
8365,2025-04-29,16:55,Tuesday,BROADVIEW STATION,PUMST,None,None,None,BD,None
8366,2025-04-29,17:02,Tuesday,DOWNSVIEW PARK STATION,PUMEL,None,None,None,YU,None
8367,2025-04-29,17:51,Tuesday,BLOOR STATION,MUIS,None,None,N,YU,None
8368,2025-04-29,18:00,Tuesday,YONGE BD STATION,SUDP,None,None,E,BD,None
8369,2025-04-29,18:05,Tuesday,KENNEDY BD STATION,PUSIS,12,15,W,BD,5320
8370,2025-04-29,18:06,Tuesday,WARDEN STATION,PUSIS,4,7,W,BD,5038
8371,2025-04-29,18:07,Tuesday,KENNEDY BD STATION,PUSIS,None,None,E,BD,None
8372,2025-04-29,18:08,Tuesday,KIPLING STATION,MUO,None,None,W,BD,5243
8373,2025-04-29,18:11,Tuesday,COLLEGE STATION,MUNCA,None,None,None,YU,None
8374,2025-04-29,18:26,Tuesday,BLOOR STATION,SUO,None,None,N,YU,5811
8375,2025-04-29,18:34,Tuesday,SPADINA BD STATION,SUUT,18,22,W,BD,5197
8376,2025-04-29,18:38,Tuesday,BAY STATION,PUMST,None,None,None,BD,None
8377,2025-04-29,18:59,Tuesday,OSSINGTON CENTRE TRACK,TUMVS,None,None,W,BD,5174
8378,2025-04-29,19:03,Tuesday,DUNDAS STATION,MUIS,None,None,None,YU,None
8379,2025-04-29,19:07,Tuesday,SPADINA BD STATION,SUUT,8,12,W,BD,5197
8380,2025-04-29,19:14,Tuesday,DUNDAS STATION,PUTDN,4,8,S,YU,5446
8381,2025-04-29,19:18,Tuesday,SHEPPARD WEST STATION,TUNCA,None,None,None,YU,None
8382,2025-04-29,19:22,Tuesday,BLOOR STATION,MUNCA,None,None,None,YU,None
8383,2025-04-29,19:28,Tuesday,EGLINTON STATION,MUIS,None,None,None,YU,None
8384,2025-04-29,19:32,Tuesday,DONLANDS STATION,SUAP,None,None,None,BD,5287
8385,2025-04-29,19:38,Tuesday,YORK MILLS STATION,SUDP,24,28,S,YU,5961
8386,2025-04-29,20:15,Tuesday,JANE STATION,SUAP,None,None,None,BD,None
8387,2025-04-29,20:26,Tuesday,UNION STATION,MUIR,13,17,S,YU,5932
8388,2025-04-29,20:55,Tuesday,BATHURST STATION,SUAP,None,None,None,BD,None
8389,2025-04-29,21:11,Tuesday,FINCH STATION,MUIS,None,None,None,YU,None
8390,2025-04-29,21:30,Tuesday,SHEPPARD WEST STATION,SUO,None,None,None,YU,None
8391,2025-04-29,21:33,Tuesday,KENNEDY BD STATION,EUNT,5,10,E,BD,5174
8392,2025-04-29,21:35,Tuesday,UNION STATION,SUAP,None,None,S,YU,5936
8393,2025-04-29,21:48,Tuesday,BLOOR STATION,PUOPO,None,None,S,YU,5416
8394,2025-04-29,22:00,Tuesday,BLOOR DANFORTH SUBWAY,MUO,None,None,None,YU/BD,None
8395,2025-04-29,22:14,Tuesday,ST PATRICK STATION,MUPAA,None,None,N,YU,5671
8396,2025-04-29,22:29,Tuesday,COLLEGE STATION,MUIR,15,21,N,YU,5866
8397,2025-04-29,22:47,Tuesday,NORTH YORK CTR STATION,PUOPO,3,9,S,YU,5416
8398,2025-04-29,22:51,Tuesday,MAIN STREET STATION,MUIS,None,None,None,BD,None
8399,2025-04-29,23:16,Tuesday,DONLANDS STATION,MUIR,13,19,E,BD,5321
8400,2025-04-29,23:48,Tuesday,BLOOR STATION,MUIR,6,12,S,YU,5496
8401,2025-04-29,23:54,Tuesday,WARDEN STATION,MUIR,24,30,E,BD,5105
8402,2025-04-29,1:13,Tuesday,JANE STATION,PUMST,None,None,W,BD,None
8403,2025-04-29,1:54,Tuesday,PIONEER VILLAGE STATIO,MUIS,None,None,S,YU,None
8404,2025-04-29,1:58,Tuesday,KENNEDY BD STATION,MUI,None,None,W,BD,5194
8405,2025-04-29,12:11,Tuesday,LESLIE STATION,PUTTP,98,103,W,SHP,6171
8406,2025-04-29,16:06,Tuesday,BESSARION STATION,TUSC,None,None,E,SHP,6176
8407,2025-04-29,21:17,Tuesday,SHEPPARD-YONGE STATION,TUMVS,7,12,W,SHP,6171
8408,2025-04-29,21:28,Tuesday,SHEPPARD-YONGE STATION,TUSC,None,None,W,SHP,6196
8409,2025-04-30,2:01,Wednesday,DUNDAS WEST STATION,MUNCA,None,None,None,BD,None
8410,2025-04-30,2:01,Wednesday,CHESTER STATION,MUNCA,None,None,None,BD,None
8411,2025-04-30,2:05,Wednesday,KEELE YARD,EUVE,None,None,None,BD,None
8412,2025-04-30,2:29,Wednesday,FINCH STATION,PUMEL,None,None,None,YU,None
8413,2025-04-30,3:12,Wednesday,KIPLING STATION,MUIS,None,None,None,BD,None
8414,2025-04-30,5:57,Wednesday,COLLEGE STATION,PUTWZ,None,None,N,YU,5816
8415,2025-04-30,5:59,Wednesday,EGLINTON STATION,PUTWZ,5,10,N,YU,6081
8416,2025-04-30,6:01,Wednesday,UNION STATION,PUTR,11,None,S,YU,6136
8417,2025-04-30,6:07,Wednesday,KENNEDY BD STATION,PUSI,5,7,E,BD,5312
8418,2025-04-30,6:10,Wednesday,FINCH STATION,PUOPO,None,None,S,YU,5416
8419,2025-04-30,6:12,Wednesday,NORTH YORK CTR STATION,PUOPO,5,10,S,YU,5416
8420,2025-04-30,6:26,Wednesday,KENNEDY BD STATION,MUDD,3,5,W,BD,5181
8421,2025-04-30,7:15,Wednesday,DAVISVILLE STATION,EUDO,3,5,S,YU,6026
8422,2025-04-30,7:31,Wednesday,KENNEDY BD STATION,SUO,None,None,None,BD,None
8423,2025-04-30,7:37,Wednesday,KING STATION,EUOPO,6,8,N,YU,5701
8424,2025-04-30,8:26,Wednesday,WARDEN STATION,PUMST,None,None,None,BD,None
8425,2025-04-30,8:48,Wednesday,DUNDAS WEST STATION,SUO,None,None,None,BD,None
8426,2025-04-30,9:42,Wednesday,OSSINGTON STATION,PUMEL,None,None,None,BD,None
8427,2025-04-30,9:42,Wednesday,VICTORIA PARK STATION,SUAE,None,None,W,BD,5266
8428,2025-04-30,10:07,Wednesday,DUFFERIN STATION,SUDP,None,None,E,BD,5024
8429,2025-04-30,10:20,Wednesday,SHERBOURNE STATION,MUNCA,None,None,None,BD,None
8430,2025-04-30,10:36,Wednesday,NORTH YORK CTR STATION,SUDP,4,9,S,YU,5596
8431,2025-04-30,10:38,Wednesday,ROSEDALE STATION,SUDP,None,None,N,YU,5716
8432,2025-04-30,10:58,Wednesday,ST GEORGE YUS STATION,MUIE,None,None,N,YU,5901
8433,2025-04-30,11:22,Wednesday,OSSINGTON STATION,MUIS,None,None,None,BD,None
8434,2025-04-30,11:52,Wednesday,BLOOR STATION,PUOPO,None,None,N,YU,6016
8435,2025-04-30,11:54,Wednesday,SPADINA BD STATION,MUIS,None,None,None,BD,None
8436,2025-04-30,12:36,Wednesday,LAWRENCE STATION,MUNCA,None,None,None,YU,None
8437,2025-04-30,12:50,Wednesday,ISLINGTON STATION,MUIS,None,None,None,BD,None
8438,2025-04-30,14:12,Wednesday,KIPLING STATION,SUDP,4,8,E,BD,5171
8439,2025-04-30,14:12,Wednesday,SUMMERHILL STATION,SUPOL,7,11,N,YU,5486
8440,2025-04-30,14:30,Wednesday,DUFFERIN STATION,SUAP,None,None,None,BD,None
8441,2025-04-30,14:50,Wednesday,BLOOR STATION,MUD,3,7,N,YU,5521
8442,2025-04-30,15:11,Wednesday,WARDEN STATION,SUO,None,None,E,BD,5121
8443,2025-04-30,15:16,Wednesday,YONGE BD STATION,MUPAA,3,7,W,BD,5277
8444,2025-04-30,15:46,Wednesday,YONGE BD STATION,SUUT,17,20,E,BD,5024
8445,2025-04-30,15:50,Wednesday,WARDEN STATION,SUUT,12,15,E,BD,5003
8446,2025-04-30,16:10,Wednesday,BLOOR STATION,SUDP,3,5,S,YU,5566
8447,2025-04-30,16:11,Wednesday,VMC STATION,MUSAN,3,6,S,YU,5851
8448,2025-04-30,16:13,Wednesday,FINCH STATION,PUMEL,None,None,None,YU,None
8449,2025-04-30,16:43,Wednesday,DUNDAS WEST STATION,SUO,None,None,W,BD,5037
8450,2025-04-30,17:10,Wednesday,FINCH STATION,MUPAA,None,None,N,YU,5391
8451,2025-04-30,17:55,Wednesday,LAWRENCE WEST STATION,MUNCA,None,None,None,YU,None
8452,2025-04-30,18:30,Wednesday,EGLINTON STATION,SUO,None,None,N,YU,5746
8453,2025-04-30,18:39,Wednesday,VMC STATION,MUI,3,7,S,YU,6081
8454,2025-04-30,20:06,Wednesday,YONGE BD STATION,SUO,None,None,None,BD,None
8455,2025-04-30,20:07,Wednesday,JANE STATION,PUSTC,4,9,W,BD,5243
8456,2025-04-30,20:29,Wednesday,WILSON STATION,MUIS,None,None,None,YU,None
8457,2025-04-30,20:38,Wednesday,EGLINTON WEST STATION,SUUT,10,14,S,YU,5866
8458,2025-04-30,20:42,Wednesday,DUNDAS WEST STATION,MUIS,None,None,None,BD,None
8459,2025-04-30,21:22,Wednesday,ST GEORGE BD STATION,PUTWZ,14,19,W,BD,5081
8460,2025-04-30,21:25,Wednesday,EGLINTON WEST STATION,MUIS,None,None,None,YU,None
8461,2025-04-30,22:22,Wednesday,EGLINTON STATION,SUO,None,None,None,YU,None
8462,2025-04-30,22:26,Wednesday,SPADINA YUS STATION,SUUT,None,None,S,YU,6096
8463,2025-04-30,22:30,Wednesday,BLOOR STATION,SUO,None,None,S,YU,5756
8464,2025-04-30,22:35,Wednesday,SPADINA BD STATION,SUAP,None,None,None,BD,None
8465,2025-04-30,22:47,Wednesday,BLOOR STATION,MUIRS,None,None,None,YU,None
8466,2025-04-30,23:00,Wednesday,LINE 2 BLOOR DANFORTH,MUCP,None,None,None,BD,None
8467,2025-04-30,23:00,Wednesday,YONGE-UNIVERSITY AND B,MUCP,None,None,None,YU,None
8468,2025-04-30,23:05,Wednesday,MAIN STREET STATION,SUO,None,None,W,BD,None
8469,2025-04-30,23:08,Wednesday,VMC STATION,MUI,None,None,S,YU,5611
8470,2025-04-30,23:14,Wednesday,KEELE STATION,MUIRS,None,None,W,BD,None
8471,2025-04-30,23:23,Wednesday,UNION STATION,MUPAA,None,None,N,YU,5736
8472,2025-04-30,0:21,Wednesday,WELLESLEY STATION,MUIRS,None,None,None,YU,None
8473,2025-04-30,1:49,Wednesday,ST PATRICK STATION,PUTWZ,4,10,S,YU,5836
8474,2025-04-30,16:54,Wednesday,DON MILLS STATION,TUMVS,3,8,E,SHP,6141
